UserID,Name,Email,Preferences,Gender,NumberOfAdults,NumberOfChildren
1,Suresh1,suresh1@gmail.com,Nature,Male,2,1
2,Anita2,anita2@gmail.com,Adventure,Female,2,0
3,Prakash3,prakash3@gmail.com,City,Male,1,0
4,Manoj4,manoj4@gmail.com,Adventure,Male,2,1
5,Manoj5,manoj5@gmail.com,Adventure,Male,2,0
6,Ritu6,ritu6@gmail.com,Beach,Female,2,2
7,Suresh7,suresh7@gmail.com,City,Male,4,0
8,Vivek8,vivek8@gmail.com,City,Male,1,0
9,Rohit9,rohit9@gmail.com,City,Male,2,0
10,Sonal10,sonal10@gmail.com,Adventure,Female,2,1
11,Ravi11,ravi11@gmail.com,Nature,Male,2,0
12,Rahul12,rahul12@gmail.com,City,Male,3,0
13,Amit13,amit13@gmail.com,Adventure,Male,2,2
14,Rohit14,rohit14@gmail.com,Beach,Male,4,0
15,Priya15,priya15@gmail.com,Nature,Female,1,0
16,Manoj16,manoj16@gmail.com,Beach,Male,1,0
17,Payal17,payal17@gmail.com,Nature,Female,3,0
18,Isha18,isha18@gmail.com,Adventure,Female,2,1
19,Anita19,anita19@gmail.com,Historical,Female,2,0
20,Vivek20,vivek20@gmail.com,Nature,Male,1,0
21,Priya21,priya21@gmail.com,Beach,Female,1,0
22,Vivek22,vivek22@gmail.com,Adventure,Male,3,1
23,Meena23,meena23@gmail.com,Nature,Female,1,0
24,Shreya24,shreya24@gmail.com,Historical,Female,2,0
25,Rashmi25,rashmi25@gmail.com,Historical,Female,1,0
26,Sonal26,sonal26@gmail.com,City,Female,2,0
27,Swati27,swati27@gmail.com,City,Female,1,0
28,Anita28,anita28@gmail.com,Beach,Female,2,0
29,Sneha29,sneha29@gmail.com,Nature,Female,1,1
30,Meena30,meena30@gmail.com,Nature,Female,3,0
31,Deepak31,deepak31@gmail.com,City,Male,1,2
32,Prakash32,prakash32@gmail.com,Nature,Male,2,2
33,Ritu33,ritu33@gmail.com,Nature,Female,3,0
34,Priya34,priya34@gmail.com,Historical,Female,2,0
35,Nisha35,nisha35@gmail.com,City,Female,2,0
36,Suresh36,suresh36@gmail.com,Adventure,Male,2,1
37,Neha37,neha37@gmail.com,City,Female,2,0
38,Aditya38,aditya38@gmail.com,Adventure,Male,2,0
39,Suresh39,suresh39@gmail.com,Historical,Male,4,0
40,Nikhil40,nikhil40@gmail.com,Beach,Male,2,1
41,Nikhil41,nikhil41@gmail.com,Nature,Male,2,1
42,Kunal42,kunal42@gmail.com,Historical,Male,3,0
43,Swati43,swati43@gmail.com,Nature,Female,2,1
44,Pooja44,pooja44@gmail.com,Beach,Female,1,0
45,Rashmi45,rashmi45@gmail.com,Beach,Female,2,0
46,Rekha46,rekha46@gmail.com,Historical,Female,4,2
47,Kavita47,kavita47@gmail.com,Beach,Female,1,0
48,Aditya48,aditya48@gmail.com,Adventure,Male,2,0
49,Neha49,neha49@gmail.com,Beach,Female,1,0
50,Rekha50,rekha50@gmail.com,Nature,Female,2,2
51,Sanjay51,sanjay51@gmail.com,Nature,Male,1,1
52,Isha52,isha52@gmail.com,Nature,Female,2,1
53,Nikhil53,nikhil53@gmail.com,Nature,Male,3,1
54,Sonal54,sonal54@gmail.com,Adventure,Female,2,0
55,Arjun55,arjun55@gmail.com,City,Male,2,0
56,Neha56,neha56@gmail.com,Historical,Female,3,0
57,Pooja57,pooja57@gmail.com,Nature,Female,4,0
58,Manoj58,manoj58@gmail.com,Beach,Male,1,0
59,Sanjay59,sanjay59@gmail.com,Nature,Male,2,2
60,Rohit60,rohit60@gmail.com,Beach,Male,1,0
61,Manoj61,manoj61@gmail.com,Beach,Male,4,0
62,Suresh62,suresh62@gmail.com,Nature,Male,4,0
63,Aditya63,aditya63@gmail.com,Adventure,Male,2,0
64,Prakash64,prakash64@gmail.com,Beach,Male,3,2
65,Ajay65,ajay65@gmail.com,Beach,Male,2,0
66,Komal66,komal66@gmail.com,Nature,Female,2,0
67,Sneha67,sneha67@gmail.com,Beach,Female,1,1
68,Nikhil68,nikhil68@gmail.com,Beach,Male,3,0
69,Komal69,komal69@gmail.com,Nature,Female,1,0
70,Priya70,priya70@gmail.com,Nature,Female,3,0
71,Swati71,swati71@gmail.com,Historical,Female,3,0
72,Neha72,neha72@gmail.com,Adventure,Female,3,2
73,Kunal73,kunal73@gmail.com,Adventure,Male,1,1
74,Sneha74,sneha74@gmail.com,Beach,Female,2,0
75,Vivek75,vivek75@gmail.com,Adventure,Male,2,1
76,Shreya76,shreya76@gmail.com,Beach,Female,2,0
77,Sneha77,sneha77@gmail.com,Historical,Female,1,0
78,Rashmi78,rashmi78@gmail.com,Nature,Female,4,0
79,Aditya79,aditya79@gmail.com,Nature,Male,2,0
80,Swati80,swati80@gmail.com,Nature,Female,2,0
81,Vivek81,vivek81@gmail.com,Adventure,Male,2,1
82,Shreya82,shreya82@gmail.com,Historical,Female,2,2
83,Deepak83,deepak83@gmail.com,Adventure,Male,2,0
84,Pooja84,pooja84@gmail.com,Adventure,Female,2,0
85,Manoj85,manoj85@gmail.com,Historical,Male,4,0
86,Rahul86,rahul86@gmail.com,Historical,Male,2,0
87,Nisha87,nisha87@gmail.com,Historical,Female,4,0
88,Aditya88,aditya88@gmail.com,Historical,Male,3,0
89,Swati89,swati89@gmail.com,Nature,Female,1,1
90,Neha90,neha90@gmail.com,City,Female,4,0
91,Priya91,priya91@gmail.com,City,Female,1,0
92,Sonal92,sonal92@gmail.com,Historical,Female,3,0
93,Nisha93,nisha93@gmail.com,City,Female,2,0
94,Priya94,priya94@gmail.com,City,Female,3,0
95,Divya95,divya95@gmail.com,Historical,Female,3,1
96,Sunita96,sunita96@gmail.com,City,Female,3,0
97,Rashmi97,rashmi97@gmail.com,Adventure,Female,3,1
98,Ritu98,ritu98@gmail.com,Beach,Female,2,0
99,Swati99,swati99@gmail.com,Beach,Female,1,0
100,Vikram100,vikram100@gmail.com,Historical,Male,2,0
101,Manoj101,manoj101@gmail.com,Nature,Male,1,1
102,Rekha102,rekha102@gmail.com,Historical,Female,2,0
103,Rekha103,rekha103@gmail.com,Nature,Female,2,1
104,Swati104,swati104@gmail.com,Beach,Female,4,0
105,Sonal105,sonal105@gmail.com,Historical,Female,2,1
106,Meena106,meena106@gmail.com,Adventure,Female,3,0
107,Sonal107,sonal107@gmail.com,City,Female,1,1
108,Sunita108,sunita108@gmail.com,Nature,Female,3,0
109,Komal109,komal109@gmail.com,City,Female,4,2
110,Manoj110,manoj110@gmail.com,City,Male,2,0
111,Ritu111,ritu111@gmail.com,Historical,Female,2,0
112,Sachin112,sachin112@gmail.com,City,Male,3,0
113,Divya113,divya113@gmail.com,Adventure,Female,1,1
114,Neha114,neha114@gmail.com,City,Female,2,0
115,Rahul115,rahul115@gmail.com,Historical,Male,2,1
116,Kavita116,kavita116@gmail.com,Adventure,Female,1,0
117,Vikram117,vikram117@gmail.com,Beach,Male,2,0
118,Sneha118,sneha118@gmail.com,City,Female,1,0
119,Meena119,meena119@gmail.com,Historical,Female,1,2
120,Kunal120,kunal120@gmail.com,Beach,Male,1,1
121,Neha121,neha121@gmail.com,Beach,Female,4,2
122,Aditya122,aditya122@gmail.com,Nature,Male,2,0
123,Sunita123,sunita123@gmail.com,Adventure,Female,4,1
124,Kunal124,kunal124@gmail.com,City,Male,2,1
125,Ajay125,ajay125@gmail.com,Historical,Male,2,0
126,Payal126,payal126@gmail.com,Nature,Female,2,1
127,Swati127,swati127@gmail.com,Adventure,Female,2,2
128,Vivek128,vivek128@gmail.com,Nature,Male,1,2
129,Anita129,anita129@gmail.com,Adventure,Female,2,1
130,Kavita130,kavita130@gmail.com,Adventure,Female,1,0
131,Rekha131,rekha131@gmail.com,City,Female,2,0
132,Prakash132,prakash132@gmail.com,Adventure,Male,2,2
133,Deepak133,deepak133@gmail.com,Nature,Male,1,0
134,Suresh134,suresh134@gmail.com,Adventure,Male,1,1
135,Sanjay135,sanjay135@gmail.com,City,Male,3,1
136,Ravi136,ravi136@gmail.com,City,Male,2,1
137,Ankit137,ankit137@gmail.com,Nature,Male,1,2
138,Ajay138,ajay138@gmail.com,Beach,Male,4,0
139,Amit139,amit139@gmail.com,Beach,Male,1,0
140,Prakash140,prakash140@gmail.com,Adventure,Male,2,0
141,Payal141,payal141@gmail.com,Historical,Female,4,0
142,Ankit142,ankit142@gmail.com,Adventure,Male,1,0
143,Payal143,payal143@gmail.com,Nature,Female,1,0
144,Kavita144,kavita144@gmail.com,Nature,Female,1,1
145,Aarti145,aarti145@gmail.com,Nature,Female,2,2
146,Sachin146,sachin146@gmail.com,Nature,Male,1,0
147,Kunal147,kunal147@gmail.com,Nature,Male,2,0
148,Arjun148,arjun148@gmail.com,City,Male,1,2
149,Vikram149,vikram149@gmail.com,Beach,Male,2,0
150,Komal150,komal150@gmail.com,Nature,Female,4,0
151,Ankit151,ankit151@gmail.com,Historical,Male,3,0
152,Vivek152,vivek152@gmail.com,Historical,Male,2,0
153,Sachin153,sachin153@gmail.com,Historical,Male,2,0
154,Amit154,amit154@gmail.com,Historical,Male,2,2
155,Kunal155,kunal155@gmail.com,City,Male,2,0
156,Nisha156,nisha156@gmail.com,Historical,Female,2,0
157,Pankaj157,pankaj157@gmail.com,Nature,Male,1,0
158,Anita158,anita158@gmail.com,Adventure,Female,3,0
159,Suresh159,suresh159@gmail.com,Historical,Male,2,1
160,Komal160,komal160@gmail.com,City,Female,1,1
161,Sanjay161,sanjay161@gmail.com,City,Male,2,1
162,Manoj162,manoj162@gmail.com,Historical,Male,2,0
163,Pooja163,pooja163@gmail.com,Adventure,Female,3,2
164,Shreya164,shreya164@gmail.com,Historical,Female,3,1
165,Sonal165,sonal165@gmail.com,City,Female,3,1
166,Rohit166,rohit166@gmail.com,Beach,Male,1,0
167,Neha167,neha167@gmail.com,Nature,Female,2,0
168,Pankaj168,pankaj168@gmail.com,City,Male,2,0
169,Rohit169,rohit169@gmail.com,Historical,Male,1,1
170,Rekha170,rekha170@gmail.com,Nature,Female,2,0
171,Ritu171,ritu171@gmail.com,Historical,Female,3,0
172,Vikram172,vikram172@gmail.com,Historical,Male,1,2
173,Pankaj173,pankaj173@gmail.com,Beach,Male,2,2
174,Rekha174,rekha174@gmail.com,Nature,Female,1,2
175,Sneha175,sneha175@gmail.com,Nature,Female,1,0
176,Swati176,swati176@gmail.com,Beach,Female,1,1
177,Sachin177,sachin177@gmail.com,City,Male,4,0
178,Kunal178,kunal178@gmail.com,Historical,Male,3,0
179,Ravi179,ravi179@gmail.com,Adventure,Male,4,0
180,Arjun180,arjun180@gmail.com,Historical,Male,2,0
181,Vivek181,vivek181@gmail.com,Historical,Male,1,0
182,Arjun182,arjun182@gmail.com,City,Male,2,1
183,Aarti183,aarti183@gmail.com,Historical,Female,2,0
184,Aditya184,aditya184@gmail.com,Beach,Male,3,1
185,Nikhil185,nikhil185@gmail.com,Beach,Male,1,0
186,Ajay186,ajay186@gmail.com,Nature,Male,2,0
187,Payal187,payal187@gmail.com,Adventure,Female,1,0
188,Ajay188,ajay188@gmail.com,Historical,Male,2,0
189,Suresh189,suresh189@gmail.com,Historical,Male,3,0
190,Shreya190,shreya190@gmail.com,City,Female,2,0
191,Manoj191,manoj191@gmail.com,Beach,Male,2,0
192,Rohit192,rohit192@gmail.com,Adventure,Male,2,0
193,Deepak193,deepak193@gmail.com,Nature,Male,2,0
194,Amit194,amit194@gmail.com,Beach,Male,3,2
195,Harish195,harish195@gmail.com,Nature,Male,3,0
196,Rekha196,rekha196@gmail.com,City,Female,4,1
197,Shreya197,shreya197@gmail.com,City,Female,3,1
198,Sonal198,sonal198@gmail.com,Historical,Female,2,2
199,Manoj199,manoj199@gmail.com,Adventure,Male,2,1
200,Amit200,amit200@gmail.com,Nature,Male,2,0
201,Rohit201,rohit201@gmail.com,Beach,Male,2,1
202,Pooja202,pooja202@gmail.com,City,Female,3,2
203,Manoj203,manoj203@gmail.com,Historical,Male,1,0
204,Rohit204,rohit204@gmail.com,Historical,Male,4,0
205,Pooja205,pooja205@gmail.com,Nature,Female,2,0
206,Deepak206,deepak206@gmail.com,City,Male,2,1
207,Neha207,neha207@gmail.com,Adventure,Female,2,1
208,Payal208,payal208@gmail.com,City,Female,3,0
209,Shreya209,shreya209@gmail.com,Nature,Female,2,0
210,Prakash210,prakash210@gmail.com,Nature,Male,2,0
211,Pankaj211,pankaj211@gmail.com,City,Male,1,0
212,Arjun212,arjun212@gmail.com,Nature,Male,2,2
213,Vivek213,vivek213@gmail.com,City,Male,1,0
214,Vikram214,vikram214@gmail.com,Beach,Male,3,0
215,Harish215,harish215@gmail.com,City,Male,2,0
216,Harish216,harish216@gmail.com,City,Male,2,1
217,Divya217,divya217@gmail.com,Nature,Female,1,0
218,Manoj218,manoj218@gmail.com,Nature,Male,1,1
219,Divya219,divya219@gmail.com,Historical,Female,3,0
220,Ravi220,ravi220@gmail.com,Historical,Male,1,0
221,Arjun221,arjun221@gmail.com,Beach,Male,1,0
222,Suresh222,suresh222@gmail.com,Historical,Male,1,0
223,Kavita223,kavita223@gmail.com,City,Female,4,0
224,Meena224,meena224@gmail.com,Nature,Female,3,2
225,Komal225,komal225@gmail.com,Historical,Female,2,1
226,Meena226,meena226@gmail.com,Historical,Female,2,2
227,Ravi227,ravi227@gmail.com,Beach,Male,2,0
228,Rashmi228,rashmi228@gmail.com,Beach,Female,3,2
229,Rahul229,rahul229@gmail.com,City,Male,2,0
230,Suresh230,suresh230@gmail.com,Nature,Male,1,0
231,Pooja231,pooja231@gmail.com,Beach,Female,1,0
232,Sunita232,sunita232@gmail.com,Historical,Female,1,0
233,Nisha233,nisha233@gmail.com,Nature,Female,2,1
234,Kavita234,kavita234@gmail.com,Nature,Female,3,0
235,Shreya235,shreya235@gmail.com,Historical,Female,2,0
236,Priya236,priya236@gmail.com,Beach,Female,1,1
237,Priya237,priya237@gmail.com,Historical,Female,1,0
238,Rekha238,rekha238@gmail.com,Nature,Female,4,0
239,Ajay239,ajay239@gmail.com,Adventure,Male,2,0
240,Ritu240,ritu240@gmail.com,Adventure,Female,3,1
241,Meena241,meena241@gmail.com,City,Female,2,1
242,Ankit242,ankit242@gmail.com,Historical,Male,2,0
243,Swati243,swati243@gmail.com,Historical,Female,1,0
244,Ajay244,ajay244@gmail.com,City,Male,1,0
245,Manoj245,manoj245@gmail.com,City,Male,2,1
246,Neha246,neha246@gmail.com,City,Female,3,0
247,Ajay247,ajay247@gmail.com,Nature,Male,2,0
248,Vivek248,vivek248@gmail.com,Historical,Male,2,0
249,Suresh249,suresh249@gmail.com,Nature,Male,1,0
250,Rahul250,rahul250@gmail.com,City,Male,4,0
251,Rekha251,rekha251@gmail.com,Historical,Female,3,1
252,Amit252,amit252@gmail.com,Nature,Male,2,0
253,Neha253,neha253@gmail.com,Nature,Female,4,0
254,Manoj254,manoj254@gmail.com,City,Male,2,1
255,Ankit255,ankit255@gmail.com,Historical,Male,2,1
256,Ravi256,ravi256@gmail.com,City,Male,3,0
257,Pankaj257,pankaj257@gmail.com,Historical,Male,3,0
258,Divya258,divya258@gmail.com,Adventure,Female,2,0
259,Priya259,priya259@gmail.com,Beach,Female,1,2
260,Aditya260,aditya260@gmail.com,Beach,Male,2,0
261,Rahul261,rahul261@gmail.com,Beach,Male,4,2
262,Sneha262,sneha262@gmail.com,City,Female,1,1
263,Aditya263,aditya263@gmail.com,Adventure,Male,2,0
264,Amit264,amit264@gmail.com,Historical,Male,2,0
265,Aditya265,aditya265@gmail.com,Nature,Male,2,0
266,Swati266,swati266@gmail.com,Historical,Female,2,0
267,Rashmi267,rashmi267@gmail.com,Nature,Female,4,0
268,Aarti268,aarti268@gmail.com,Historical,Female,1,1
269,Ravi269,ravi269@gmail.com,Adventure,Male,1,2
270,Vivek270,vivek270@gmail.com,Nature,Male,1,0
271,Divya271,divya271@gmail.com,City,Female,3,1
272,Ritu272,ritu272@gmail.com,Historical,Female,2,0
273,Priya273,priya273@gmail.com,Historical,Female,2,0
274,Aarti274,aarti274@gmail.com,Nature,Female,3,0
275,Arjun275,arjun275@gmail.com,City,Male,3,1
276,Pooja276,pooja276@gmail.com,City,Female,3,2
277,Harish277,harish277@gmail.com,Adventure,Male,4,1
278,Rekha278,rekha278@gmail.com,City,Female,2,0
279,Rahul279,rahul279@gmail.com,City,Male,3,0
280,Nisha280,nisha280@gmail.com,City,Female,2,0
281,Pooja281,pooja281@gmail.com,Beach,Female,3,0
282,Pooja282,pooja282@gmail.com,Adventure,Female,3,1
283,Sonal283,sonal283@gmail.com,Historical,Female,3,1
284,Pankaj284,pankaj284@gmail.com,Nature,Male,2,1
285,Payal285,payal285@gmail.com,Historical,Female,1,0
286,Sachin286,sachin286@gmail.com,Adventure,Male,2,0
287,Ankit287,ankit287@gmail.com,Nature,Male,4,0
288,Rahul288,rahul288@gmail.com,Adventure,Male,4,0
289,Sachin289,sachin289@gmail.com,City,Male,1,0
290,Neha290,neha290@gmail.com,Nature,Female,1,1
291,Ankit291,ankit291@gmail.com,City,Male,1,1
292,Rohit292,rohit292@gmail.com,Historical,Male,3,0
293,Kunal293,kunal293@gmail.com,Historical,Male,3,0
294,Neha294,neha294@gmail.com,Nature,Female,1,0
295,Shreya295,shreya295@gmail.com,Nature,Female,2,0
296,Sunita296,sunita296@gmail.com,Adventure,Female,3,1
297,Kavita297,kavita297@gmail.com,Adventure,Female,3,0
298,Harish298,harish298@gmail.com,City,Male,2,0
299,Manoj299,manoj299@gmail.com,Nature,Male,2,0
300,Sonal300,sonal300@gmail.com,Historical,Female,2,2
301,Kunal301,kunal301@gmail.com,Adventure,Male,2,0
302,Rahul302,rahul302@gmail.com,Adventure,Male,2,0
303,Kunal303,kunal303@gmail.com,Historical,Male,2,0
304,Neha304,neha304@gmail.com,Adventure,Female,3,1
305,Meena305,meena305@gmail.com,City,Female,2,2
306,Harish306,harish306@gmail.com,Nature,Male,3,0
307,Sonal307,sonal307@gmail.com,Historical,Female,1,2
308,Payal308,payal308@gmail.com,Nature,Female,2,2
309,Nisha309,nisha309@gmail.com,Adventure,Female,1,2
310,Swati310,swati310@gmail.com,Adventure,Female,1,1
311,Priya311,priya311@gmail.com,Historical,Female,3,1
312,Deepak312,deepak312@gmail.com,City,Male,4,0
313,Shreya313,shreya313@gmail.com,Beach,Female,1,1
314,Prakash314,prakash314@gmail.com,Historical,Male,2,0
315,Aditya315,aditya315@gmail.com,Beach,Male,3,1
316,Ritu316,ritu316@gmail.com,Beach,Female,1,0
317,Sanjay317,sanjay317@gmail.com,City,Male,2,1
318,Ajay318,ajay318@gmail.com,Beach,Male,3,1
319,Deepak319,deepak319@gmail.com,Beach,Male,2,0
320,Neha320,neha320@gmail.com,City,Female,1,1
321,Anita321,anita321@gmail.com,Beach,Female,2,0
322,Ajay322,ajay322@gmail.com,Beach,Male,3,1
323,Isha323,isha323@gmail.com,Beach,Female,2,0
324,Sonal324,sonal324@gmail.com,Historical,Female,1,0
325,Kavita325,kavita325@gmail.com,Historical,Female,3,2
326,Neha326,neha326@gmail.com,Historical,Female,1,0
327,Vivek327,vivek327@gmail.com,City,Male,3,1
328,Arjun328,arjun328@gmail.com,Adventure,Male,1,0
329,Payal329,payal329@gmail.com,Beach,Female,4,0
330,Swati330,swati330@gmail.com,Beach,Female,2,0
331,Vikram331,vikram331@gmail.com,City,Male,2,0
332,Nikhil332,nikhil332@gmail.com,Beach,Male,1,0
333,Neha333,neha333@gmail.com,Historical,Female,2,0
334,Manoj334,manoj334@gmail.com,Adventure,Male,3,0
335,Komal335,komal335@gmail.com,Nature,Female,4,0
336,Aarti336,aarti336@gmail.com,Beach,Female,2,2
337,Ankit337,ankit337@gmail.com,Historical,Male,2,2
338,Ajay338,ajay338@gmail.com,Nature,Male,3,0
339,Rekha339,rekha339@gmail.com,Adventure,Female,3,1
340,Aarti340,aarti340@gmail.com,Nature,Female,2,0
341,Kunal341,kunal341@gmail.com,Historical,Male,2,1
342,Payal342,payal342@gmail.com,Nature,Female,2,1
343,Amit343,amit343@gmail.com,City,Male,2,2
344,Rekha344,rekha344@gmail.com,Nature,Female,1,0
345,Sanjay345,sanjay345@gmail.com,Beach,Male,2,1
346,Suresh346,suresh346@gmail.com,Beach,Male,2,0
347,Vikram347,vikram347@gmail.com,City,Male,3,2
348,Swati348,swati348@gmail.com,Historical,Female,1,0
349,Kavita349,kavita349@gmail.com,Beach,Female,2,1
350,Suresh350,suresh350@gmail.com,Adventure,Male,2,1
351,Rekha351,rekha351@gmail.com,Beach,Female,2,1
352,Vikram352,vikram352@gmail.com,Beach,Male,1,0
353,Prakash353,prakash353@gmail.com,Historical,Male,2,2
354,Aarti354,aarti354@gmail.com,Nature,Female,2,0
355,Isha355,isha355@gmail.com,Beach,Female,2,1
356,Arjun356,arjun356@gmail.com,City,Male,2,0
357,Nisha357,nisha357@gmail.com,Nature,Female,2,0
358,Priya358,priya358@gmail.com,Adventure,Female,3,0
359,Prakash359,prakash359@gmail.com,Historical,Male,2,0
360,Sachin360,sachin360@gmail.com,Adventure,Male,3,0
361,Divya361,divya361@gmail.com,Nature,Female,2,0
362,Prakash362,prakash362@gmail.com,Nature,Male,1,0
363,Rahul363,rahul363@gmail.com,Nature,Male,1,1
364,Neha364,neha364@gmail.com,Adventure,Female,2,2
365,Ravi365,ravi365@gmail.com,Nature,Male,3,0
366,Prakash366,prakash366@gmail.com,Adventure,Male,3,0
367,Pooja367,pooja367@gmail.com,Nature,Female,3,0
368,Anita368,anita368@gmail.com,City,Female,2,0
369,Deepak369,deepak369@gmail.com,Nature,Male,2,1
370,Vikram370,vikram370@gmail.com,Adventure,Male,1,1
371,Swati371,swati371@gmail.com,Beach,Female,2,0
372,Sneha372,sneha372@gmail.com,Nature,Female,2,0
373,Rashmi373,rashmi373@gmail.com,Beach,Female,1,0
374,Rekha374,rekha374@gmail.com,City,Female,1,1
375,Ravi375,ravi375@gmail.com,Historical,Male,2,2
376,Rekha376,rekha376@gmail.com,City,Female,3,0
377,Anita377,anita377@gmail.com,Nature,Female,4,0
378,Suresh378,suresh378@gmail.com,Beach,Male,4,2
379,Neha379,neha379@gmail.com,Beach,Female,2,2
380,Vikram380,vikram380@gmail.com,Adventure,Male,2,0
381,Rekha381,rekha381@gmail.com,Beach,Female,2,0
382,Pooja382,pooja382@gmail.com,Adventure,Female,3,0
383,Komal383,komal383@gmail.com,Historical,Female,1,0
384,Harish384,harish384@gmail.com,Nature,Male,2,0
385,Vivek385,vivek385@gmail.com,Adventure,Male,3,0
386,Ritu386,ritu386@gmail.com,Historical,Female,2,0
387,Ravi387,ravi387@gmail.com,Beach,Male,2,0
388,Vikram388,vikram388@gmail.com,Beach,Male,2,1
389,Rahul389,rahul389@gmail.com,Historical,Male,1,0
390,Sanjay390,sanjay390@gmail.com,Beach,Male,2,0
391,Nikhil391,nikhil391@gmail.com,Historical,Male,2,0
392,Rahul392,rahul392@gmail.com,Adventure,Male,1,0
393,Komal393,komal393@gmail.com,Adventure,Female,1,2
394,Priya394,priya394@gmail.com,Historical,Female,3,0
395,Manoj395,manoj395@gmail.com,Adventure,Male,2,0
396,Kavita396,kavita396@gmail.com,Adventure,Female,2,1
397,Komal397,komal397@gmail.com,Adventure,Female,2,0
398,Rekha398,rekha398@gmail.com,City,Female,4,2
399,Meena399,meena399@gmail.com,Nature,Female,2,0
400,Kunal400,kunal400@gmail.com,Beach,Male,2,0
401,Ritu401,ritu401@gmail.com,City,Female,3,0
402,Shreya402,shreya402@gmail.com,Adventure,Female,3,0
403,Ankit403,ankit403@gmail.com,Historical,Male,1,1
404,Ankit404,ankit404@gmail.com,Adventure,Male,3,1
405,Meena405,meena405@gmail.com,Nature,Female,2,0
406,Anita406,anita406@gmail.com,Adventure,Female,2,0
407,Sneha407,sneha407@gmail.com,Historical,Female,1,1
408,Nisha408,nisha408@gmail.com,Nature,Female,1,2
409,Meena409,meena409@gmail.com,Adventure,Female,3,0
410,Shreya410,shreya410@gmail.com,Nature,Female,2,0
411,Prakash411,prakash411@gmail.com,Beach,Male,2,0
412,Sneha412,sneha412@gmail.com,Beach,Female,3,2
413,Kavita413,kavita413@gmail.com,Adventure,Female,3,0
414,Aditya414,aditya414@gmail.com,Nature,Male,1,0
415,Rahul415,rahul415@gmail.com,Historical,Male,2,1
416,Pankaj416,pankaj416@gmail.com,Adventure,Male,1,0
417,Manoj417,manoj417@gmail.com,Beach,Male,3,0
418,Priya418,priya418@gmail.com,Beach,Female,2,0
419,Rashmi419,rashmi419@gmail.com,Adventure,Female,4,0
420,Komal420,komal420@gmail.com,Nature,Female,1,0
421,Aarti421,aarti421@gmail.com,Beach,Female,1,0
422,Shreya422,shreya422@gmail.com,Nature,Female,2,0
423,Shreya423,shreya423@gmail.com,Beach,Female,2,0
424,Amit424,amit424@gmail.com,Beach,Male,1,1
425,Priya425,priya425@gmail.com,City,Female,4,1
426,Aditya426,aditya426@gmail.com,Beach,Male,1,0
427,Deepak427,deepak427@gmail.com,Historical,Male,2,0
428,Swati428,swati428@gmail.com,Adventure,Female,3,0
429,Rohit429,rohit429@gmail.com,Adventure,Male,2,0
430,Swati430,swati430@gmail.com,Nature,Female,3,0
431,Nikhil431,nikhil431@gmail.com,Beach,Male,1,1
432,Payal432,payal432@gmail.com,Historical,Female,2,0
433,Aditya433,aditya433@gmail.com,Nature,Male,1,0
434,Rekha434,rekha434@gmail.com,City,Female,1,0
435,Nisha435,nisha435@gmail.com,Nature,Female,4,1
436,Anita436,anita436@gmail.com,Nature,Female,1,0
437,Kavita437,kavita437@gmail.com,Beach,Female,2,1
438,Swati438,swati438@gmail.com,City,Female,2,0
439,Ankit439,ankit439@gmail.com,Nature,Male,2,2
440,Harish440,harish440@gmail.com,Historical,Male,3,2
441,Prakash441,prakash441@gmail.com,Historical,Male,1,0
442,Pooja442,pooja442@gmail.com,Adventure,Female,2,0
443,Suresh443,suresh443@gmail.com,City,Male,4,0
444,Isha444,isha444@gmail.com,City,Female,2,0
445,Meena445,meena445@gmail.com,Adventure,Female,4,1
446,Nikhil446,nikhil446@gmail.com,Nature,Male,1,1
447,Deepak447,deepak447@gmail.com,City,Male,2,1
448,Meena448,meena448@gmail.com,Historical,Female,2,1
449,Kunal449,kunal449@gmail.com,Historical,Male,3,0
450,Payal450,payal450@gmail.com,Beach,Female,4,0
451,Kavita451,kavita451@gmail.com,City,Female,2,1
452,Sunita452,sunita452@gmail.com,Nature,Female,2,0
453,Sonal453,sonal453@gmail.com,Adventure,Female,1,1
454,Priya454,priya454@gmail.com,Adventure,Female,2,0
455,Prakash455,prakash455@gmail.com,Nature,Male,2,0
456,Rahul456,rahul456@gmail.com,Beach,Male,4,2
457,Meena457,meena457@gmail.com,Adventure,Female,2,0
458,Anita458,anita458@gmail.com,City,Female,2,2
459,Sachin459,sachin459@gmail.com,Beach,Male,1,2
460,Vivek460,vivek460@gmail.com,City,Male,1,1
461,Priya461,priya461@gmail.com,Historical,Female,1,1
462,Nikhil462,nikhil462@gmail.com,Beach,Male,2,0
463,Meena463,meena463@gmail.com,Adventure,Female,3,2
464,Rohit464,rohit464@gmail.com,Beach,Male,2,0
465,Nisha465,nisha465@gmail.com,Beach,Female,2,0
466,Kunal466,kunal466@gmail.com,Beach,Male,1,1
467,Nisha467,nisha467@gmail.com,Beach,Female,3,0
468,Suresh468,suresh468@gmail.com,City,Male,3,0
469,Sanjay469,sanjay469@gmail.com,Historical,Male,1,0
470,Payal470,payal470@gmail.com,Nature,Female,3,0
471,Sanjay471,sanjay471@gmail.com,Beach,Male,2,2
472,Meena472,meena472@gmail.com,Adventure,Female,1,0
473,Deepak473,deepak473@gmail.com,Beach,Male,2,2
474,Sunita474,sunita474@gmail.com,Adventure,Female,2,1
475,Sanjay475,sanjay475@gmail.com,City,Male,1,1
476,Rekha476,rekha476@gmail.com,Adventure,Female,4,0
477,Vikram477,vikram477@gmail.com,Nature,Male,3,1
478,Priya478,priya478@gmail.com,Historical,Female,2,0
479,Ravi479,ravi479@gmail.com,Adventure,Male,2,1
480,Sunita480,sunita480@gmail.com,Adventure,Female,2,0
481,Sneha481,sneha481@gmail.com,Historical,Female,2,2
482,Isha482,isha482@gmail.com,Nature,Female,2,2
483,Harish483,harish483@gmail.com,Beach,Male,1,0
484,Aarti484,aarti484@gmail.com,Adventure,Female,2,0
485,Aditya485,aditya485@gmail.com,Historical,Male,3,1
486,Rekha486,rekha486@gmail.com,City,Female,2,0
487,Amit487,amit487@gmail.com,Historical,Male,1,2
488,Aarti488,aarti488@gmail.com,City,Female,3,0
489,Sanjay489,sanjay489@gmail.com,Nature,Male,1,0
490,Arjun490,arjun490@gmail.com,Beach,Male,2,2
491,Meena491,meena491@gmail.com,Historical,Female,1,1
492,Harish492,harish492@gmail.com,Adventure,Male,2,1
493,Kunal493,kunal493@gmail.com,Nature,Male,3,0
494,Nisha494,nisha494@gmail.com,Historical,Female,2,1
495,Ajay495,ajay495@gmail.com,Adventure,Male,1,0
496,Ajay496,ajay496@gmail.com,Historical,Male,3,1
497,Ajay497,ajay497@gmail.com,City,Male,3,1
498,Priya498,priya498@gmail.com,Historical,Female,3,0
499,Sachin499,sachin499@gmail.com,Historical,Male,1,0
500,Divya500,divya500@gmail.com,Historical,Female,2,0
501,Ankit501,ankit501@gmail.com,Nature,Male,4,1
502,Rohit502,rohit502@gmail.com,Historical,Male,3,0
503,Sanjay503,sanjay503@gmail.com,Adventure,Male,1,1
504,Payal504,payal504@gmail.com,City,Female,1,0
505,Kunal505,kunal505@gmail.com,City,Male,2,1
506,Deepak506,deepak506@gmail.com,Historical,Male,4,1
507,Neha507,neha507@gmail.com,Nature,Female,2,0
508,Manoj508,manoj508@gmail.com,Nature,Male,2,0
509,Aarti509,aarti509@gmail.com,Adventure,Female,1,0
510,Shreya510,shreya510@gmail.com,Historical,Female,2,1
511,Arjun511,arjun511@gmail.com,City,Male,3,1
512,Ritu512,ritu512@gmail.com,Nature,Female,2,0
513,Amit513,amit513@gmail.com,Historical,Male,3,1
514,Pooja514,pooja514@gmail.com,Nature,Female,4,0
515,Shreya515,shreya515@gmail.com,Nature,Female,1,0
516,Pankaj516,pankaj516@gmail.com,City,Male,2,2
517,Isha517,isha517@gmail.com,Beach,Female,2,0
518,Neha518,neha518@gmail.com,Adventure,Female,3,0
519,Rashmi519,rashmi519@gmail.com,Adventure,Female,2,0
520,Meena520,meena520@gmail.com,City,Female,2,0
521,Sonal521,sonal521@gmail.com,Nature,Female,3,0
522,Arjun522,arjun522@gmail.com,Historical,Male,2,0
523,Sunita523,sunita523@gmail.com,Nature,Female,4,1
524,Pankaj524,pankaj524@gmail.com,City,Male,2,0
525,Sunita525,sunita525@gmail.com,Adventure,Female,1,0
526,Manoj526,manoj526@gmail.com,Nature,Male,2,0
527,Vikram527,vikram527@gmail.com,Adventure,Male,3,0
528,Anita528,anita528@gmail.com,Historical,Female,2,1
529,Kavita529,kavita529@gmail.com,Adventure,Female,3,2
530,Meena530,meena530@gmail.com,Adventure,Female,4,0
531,Manoj531,manoj531@gmail.com,Beach,Male,2,2
532,Sneha532,sneha532@gmail.com,Beach,Female,4,0
533,Sachin533,sachin533@gmail.com,Beach,Male,1,0
534,Ajay534,ajay534@gmail.com,Adventure,Male,1,0
535,Rahul535,rahul535@gmail.com,City,Male,1,0
536,Rekha536,rekha536@gmail.com,Adventure,Female,3,0
537,Shreya537,shreya537@gmail.com,City,Female,2,1
538,Suresh538,suresh538@gmail.com,City,Male,1,0
539,Ajay539,ajay539@gmail.com,Beach,Male,2,2
540,Ritu540,ritu540@gmail.com,Nature,Female,2,0
541,Ajay541,ajay541@gmail.com,Historical,Male,1,0
542,Payal542,payal542@gmail.com,Beach,Female,3,1
543,Vivek543,vivek543@gmail.com,Beach,Male,3,0
544,Isha544,isha544@gmail.com,Nature,Female,2,0
545,Deepak545,deepak545@gmail.com,Historical,Male,4,1
546,Rashmi546,rashmi546@gmail.com,Adventure,Female,2,2
547,Kunal547,kunal547@gmail.com,Adventure,Male,4,1
548,Payal548,payal548@gmail.com,Beach,Female,2,1
549,Meena549,meena549@gmail.com,Historical,Female,2,1
550,Vivek550,vivek550@gmail.com,Beach,Male,1,2
551,Ajay551,ajay551@gmail.com,City,Male,3,0
552,Sneha552,sneha552@gmail.com,Beach,Female,2,0
553,Pankaj553,pankaj553@gmail.com,Beach,Male,1,0
554,Rashmi554,rashmi554@gmail.com,Adventure,Female,1,0
555,Prakash555,prakash555@gmail.com,Adventure,Male,2,1
556,Shreya556,shreya556@gmail.com,Adventure,Female,2,1
557,Swati557,swati557@gmail.com,City,Female,3,0
558,Payal558,payal558@gmail.com,Adventure,Female,3,0
559,Divya559,divya559@gmail.com,Historical,Female,1,1
560,Shreya560,shreya560@gmail.com,Nature,Female,3,0
561,Swati561,swati561@gmail.com,Historical,Female,1,1
562,Ajay562,ajay562@gmail.com,Historical,Male,3,0
563,Rohit563,rohit563@gmail.com,Adventure,Male,3,0
564,Sanjay564,sanjay564@gmail.com,Nature,Male,2,0
565,Shreya565,shreya565@gmail.com,Nature,Female,3,0
566,Swati566,swati566@gmail.com,Nature,Female,2,1
567,Nisha567,nisha567@gmail.com,City,Female,2,2
568,Nisha568,nisha568@gmail.com,Adventure,Female,3,1
569,Vivek569,vivek569@gmail.com,Nature,Male,2,0
570,Rohit570,rohit570@gmail.com,City,Male,2,0
571,Ritu571,ritu571@gmail.com,Beach,Female,2,1
572,Vikram572,vikram572@gmail.com,Beach,Male,3,1
573,Manoj573,manoj573@gmail.com,City,Male,2,0
574,Sunita574,sunita574@gmail.com,City,Female,1,0
575,Vikram575,vikram575@gmail.com,Adventure,Male,3,1
576,Priya576,priya576@gmail.com,Adventure,Female,3,0
577,Rohit577,rohit577@gmail.com,Beach,Male,1,0
578,Meena578,meena578@gmail.com,Nature,Female,1,0
579,Meena579,meena579@gmail.com,Beach,Female,1,0
580,Nisha580,nisha580@gmail.com,Nature,Female,2,2
581,Rekha581,rekha581@gmail.com,Nature,Female,2,2
582,Ajay582,ajay582@gmail.com,Adventure,Male,3,0
583,Meena583,meena583@gmail.com,Historical,Female,2,0
584,Pooja584,pooja584@gmail.com,Historical,Female,2,0
585,Priya585,priya585@gmail.com,City,Female,2,0
586,Ravi586,ravi586@gmail.com,Adventure,Male,3,0
587,Sunita587,sunita587@gmail.com,Nature,Female,2,1
588,Harish588,harish588@gmail.com,Historical,Male,4,0
589,Anita589,anita589@gmail.com,Nature,Female,2,0
590,Harish590,harish590@gmail.com,Historical,Male,1,0
591,Aditya591,aditya591@gmail.com,Historical,Male,2,0
592,Divya592,divya592@gmail.com,Historical,Female,2,0
593,Amit593,amit593@gmail.com,Adventure,Male,2,0
594,Komal594,komal594@gmail.com,Beach,Female,1,2
595,Aarti595,aarti595@gmail.com,Nature,Female,1,0
596,Sunita596,sunita596@gmail.com,Adventure,Female,3,0
597,Ravi597,ravi597@gmail.com,Adventure,Male,1,2
598,Vivek598,vivek598@gmail.com,Adventure,Male,3,2
599,Rekha599,rekha599@gmail.com,Adventure,Female,2,0
600,Isha600,isha600@gmail.com,Adventure,Female,2,1
601,Manoj601,manoj601@gmail.com,City,Male,2,0
602,Divya602,divya602@gmail.com,Nature,Female,2,0
603,Shreya603,shreya603@gmail.com,Adventure,Female,2,0
604,Swati604,swati604@gmail.com,Nature,Female,1,1
605,Ravi605,ravi605@gmail.com,City,Male,1,1
606,Pankaj606,pankaj606@gmail.com,City,Male,2,0
607,Amit607,amit607@gmail.com,Nature,Male,2,0
608,Sunita608,sunita608@gmail.com,Historical,Female,4,1
609,Nisha609,nisha609@gmail.com,Beach,Female,3,0
610,Sunita610,sunita610@gmail.com,Historical,Female,3,0
611,Ankit611,ankit611@gmail.com,Historical,Male,3,1
612,Rashmi612,rashmi612@gmail.com,Historical,Female,2,1
613,Ritu613,ritu613@gmail.com,Adventure,Female,2,1
614,Isha614,isha614@gmail.com,City,Female,4,2
615,Rekha615,rekha615@gmail.com,Historical,Female,2,0
616,Amit616,amit616@gmail.com,City,Male,2,1
617,Aditya617,aditya617@gmail.com,Nature,Male,1,1
618,Sonal618,sonal618@gmail.com,Beach,Female,2,0
619,Harish619,harish619@gmail.com,Nature,Male,2,0
620,Amit620,amit620@gmail.com,Nature,Male,3,0
621,Neha621,neha621@gmail.com,Adventure,Female,2,0
622,Meena622,meena622@gmail.com,Beach,Female,2,1
623,Vikram623,vikram623@gmail.com,Nature,Male,4,1
624,Rashmi624,rashmi624@gmail.com,Nature,Female,1,0
625,Ankit625,ankit625@gmail.com,Beach,Male,2,0
626,Pooja626,pooja626@gmail.com,Beach,Female,1,2
627,Prakash627,prakash627@gmail.com,Nature,Male,3,0
628,Sunita628,sunita628@gmail.com,Beach,Female,4,0
629,Deepak629,deepak629@gmail.com,Nature,Male,2,0
630,Arjun630,arjun630@gmail.com,Nature,Male,3,0
631,Ajay631,ajay631@gmail.com,Adventure,Male,2,0
632,Nisha632,nisha632@gmail.com,Historical,Female,4,0
633,Deepak633,deepak633@gmail.com,Nature,Male,3,0
634,Aditya634,aditya634@gmail.com,City,Male,3,0
635,Swati635,swati635@gmail.com,Historical,Female,1,0
636,Meena636,meena636@gmail.com,Historical,Female,4,0
637,Prakash637,prakash637@gmail.com,Historical,Male,3,1
638,Rohit638,rohit638@gmail.com,Adventure,Male,2,1
639,Divya639,divya639@gmail.com,Nature,Female,3,0
640,Anita640,anita640@gmail.com,Adventure,Female,2,0
641,Rekha641,rekha641@gmail.com,Nature,Female,3,1
642,Pooja642,pooja642@gmail.com,Adventure,Female,1,0
643,Komal643,komal643@gmail.com,Adventure,Female,3,0
644,Manoj644,manoj644@gmail.com,City,Male,2,1
645,Neha645,neha645@gmail.com,Adventure,Female,1,2
646,Rahul646,rahul646@gmail.com,Beach,Male,1,1
647,Amit647,amit647@gmail.com,City,Male,1,0
648,Manoj648,manoj648@gmail.com,Adventure,Male,2,1
649,Priya649,priya649@gmail.com,Historical,Female,2,0
650,Amit650,amit650@gmail.com,Beach,Male,2,1
651,Kunal651,kunal651@gmail.com,Beach,Male,2,0
652,Ritu652,ritu652@gmail.com,Beach,Female,2,0
653,Manoj653,manoj653@gmail.com,City,Male,3,1
654,Vikram654,vikram654@gmail.com,Adventure,Male,1,0
655,Divya655,divya655@gmail.com,Adventure,Female,4,0
656,Suresh656,suresh656@gmail.com,Historical,Male,3,2
657,Harish657,harish657@gmail.com,Historical,Male,2,0
658,Arjun658,arjun658@gmail.com,Beach,Male,2,0
659,Rashmi659,rashmi659@gmail.com,Historical,Female,3,0
660,Swati660,swati660@gmail.com,City,Female,1,1
661,Komal661,komal661@gmail.com,Adventure,Female,1,1
662,Ankit662,ankit662@gmail.com,Beach,Male,1,0
663,Kunal663,kunal663@gmail.com,Historical,Male,3,1
664,Isha664,isha664@gmail.com,City,Female,1,0
665,Suresh665,suresh665@gmail.com,City,Male,2,1
666,Ankit666,ankit666@gmail.com,Historical,Male,4,0
667,Aarti667,aarti667@gmail.com,Adventure,Female,3,0
668,Kavita668,kavita668@gmail.com,Historical,Female,2,2
669,Harish669,harish669@gmail.com,Beach,Male,1,0
670,Amit670,amit670@gmail.com,Historical,Male,3,0
671,Sanjay671,sanjay671@gmail.com,City,Male,2,0
672,Sonal672,sonal672@gmail.com,Historical,Female,1,2
673,Sunita673,sunita673@gmail.com,Adventure,Female,1,0
674,Sunita674,sunita674@gmail.com,Nature,Female,4,0
675,Priya675,priya675@gmail.com,Historical,Female,2,0
676,Rohit676,rohit676@gmail.com,Adventure,Male,3,0
677,Sonal677,sonal677@gmail.com,Adventure,Female,3,0
678,Shreya678,shreya678@gmail.com,City,Female,2,1
679,Kavita679,kavita679@gmail.com,Adventure,Female,2,2
680,Aarti680,aarti680@gmail.com,Adventure,Female,2,0
681,Isha681,isha681@gmail.com,Adventure,Female,2,0
682,Suresh682,suresh682@gmail.com,Adventure,Male,2,0
683,Harish683,harish683@gmail.com,Beach,Male,3,0
684,Pooja684,pooja684@gmail.com,Beach,Female,2,2
685,Nikhil685,nikhil685@gmail.com,City,Male,3,0
686,Rekha686,rekha686@gmail.com,Historical,Female,2,0
687,Meena687,meena687@gmail.com,Adventure,Female,2,1
688,Nikhil688,nikhil688@gmail.com,Historical,Male,2,0
689,Rohit689,rohit689@gmail.com,Historical,Male,2,1
690,Payal690,payal690@gmail.com,City,Female,3,0
691,Nisha691,nisha691@gmail.com,Adventure,Female,1,1
692,Anita692,anita692@gmail.com,Adventure,Female,2,2
693,Ravi693,ravi693@gmail.com,Nature,Male,1,1
694,Divya694,divya694@gmail.com,Historical,Female,2,2
695,Kavita695,kavita695@gmail.com,Historical,Female,2,0
696,Meena696,meena696@gmail.com,Beach,Female,2,0
697,Nikhil697,nikhil697@gmail.com,Nature,Male,4,1
698,Rashmi698,rashmi698@gmail.com,Beach,Female,2,0
699,Ritu699,ritu699@gmail.com,Beach,Female,3,0
700,Ravi700,ravi700@gmail.com,Beach,Male,2,0
701,Sneha701,sneha701@gmail.com,City,Female,2,0
702,Payal702,payal702@gmail.com,City,Female,1,0
703,Prakash703,prakash703@gmail.com,Beach,Male,2,0
704,Isha704,isha704@gmail.com,Nature,Female,2,1
705,Vivek705,vivek705@gmail.com,Historical,Male,2,0
706,Pankaj706,pankaj706@gmail.com,Nature,Male,1,0
707,Rashmi707,rashmi707@gmail.com,Adventure,Female,1,0
708,Meena708,meena708@gmail.com,City,Female,2,0
709,Sonal709,sonal709@gmail.com,Historical,Female,4,2
710,Swati710,swati710@gmail.com,Historical,Female,2,0
711,Deepak711,deepak711@gmail.com,Adventure,Male,2,0
712,Shreya712,shreya712@gmail.com,Adventure,Female,1,1
713,Rohit713,rohit713@gmail.com,Beach,Male,2,0
714,Swati714,swati714@gmail.com,City,Female,2,0
715,Rashmi715,rashmi715@gmail.com,City,Female,1,0
716,Shreya716,shreya716@gmail.com,Nature,Female,2,2
717,Ajay717,ajay717@gmail.com,Beach,Male,1,0
718,Sonal718,sonal718@gmail.com,Beach,Female,1,0
719,Isha719,isha719@gmail.com,Beach,Female,1,0
720,Sunita720,sunita720@gmail.com,Beach,Female,1,0
721,Nisha721,nisha721@gmail.com,City,Female,1,0
722,Amit722,amit722@gmail.com,City,Male,2,0
723,Divya723,divya723@gmail.com,Beach,Female,3,0
724,Deepak724,deepak724@gmail.com,Nature,Male,2,2
725,Ankit725,ankit725@gmail.com,Historical,Male,2,1
726,Pankaj726,pankaj726@gmail.com,Historical,Male,2,0
727,Arjun727,arjun727@gmail.com,Nature,Male,4,1
728,Nikhil728,nikhil728@gmail.com,Beach,Male,2,0
729,Prakash729,prakash729@gmail.com,City,Male,1,0
730,Nisha730,nisha730@gmail.com,Historical,Female,2,1
731,Prakash731,prakash731@gmail.com,Adventure,Male,1,1
732,Kunal732,kunal732@gmail.com,Adventure,Male,2,1
733,Prakash733,prakash733@gmail.com,Nature,Male,2,0
734,Rekha734,rekha734@gmail.com,Beach,Female,3,2
735,Anita735,anita735@gmail.com,Historical,Female,2,0
736,Sachin736,sachin736@gmail.com,Beach,Male,3,2
737,Priya737,priya737@gmail.com,Historical,Female,4,2
738,Rohit738,rohit738@gmail.com,Nature,Male,1,0
739,Manoj739,manoj739@gmail.com,Nature,Male,2,1
740,Meena740,meena740@gmail.com,Adventure,Female,2,0
741,Pankaj741,pankaj741@gmail.com,Beach,Male,2,0
742,Rekha742,rekha742@gmail.com,Adventure,Female,2,0
743,Shreya743,shreya743@gmail.com,Beach,Female,4,0
744,Pankaj744,pankaj744@gmail.com,Adventure,Male,3,2
745,Pankaj745,pankaj745@gmail.com,City,Male,2,1
746,Rashmi746,rashmi746@gmail.com,City,Female,2,0
747,Amit747,amit747@gmail.com,City,Male,3,1
748,Rohit748,rohit748@gmail.com,City,Male,4,2
749,Sanjay749,sanjay749@gmail.com,Historical,Male,3,0
750,Shreya750,shreya750@gmail.com,City,Female,1,2
751,Sunita751,sunita751@gmail.com,Nature,Female,2,0
752,Manoj752,manoj752@gmail.com,Nature,Male,1,1
753,Aarti753,aarti753@gmail.com,Historical,Female,2,0
754,Sonal754,sonal754@gmail.com,City,Female,1,0
755,Komal755,komal755@gmail.com,City,Female,2,0
756,Divya756,divya756@gmail.com,City,Female,2,1
757,Rekha757,rekha757@gmail.com,Adventure,Female,1,0
758,Sachin758,sachin758@gmail.com,Beach,Male,2,0
759,Nikhil759,nikhil759@gmail.com,Adventure,Male,2,0
760,Ravi760,ravi760@gmail.com,Beach,Male,2,2
761,Rekha761,rekha761@gmail.com,City,Female,1,0
762,Nisha762,nisha762@gmail.com,City,Female,2,0
763,Nikhil763,nikhil763@gmail.com,Adventure,Male,3,0
764,Rashmi764,rashmi764@gmail.com,Adventure,Female,1,0
765,Prakash765,prakash765@gmail.com,Beach,Male,1,1
766,Sanjay766,sanjay766@gmail.com,Nature,Male,2,1
767,Prakash767,prakash767@gmail.com,Beach,Male,4,0
768,Shreya768,shreya768@gmail.com,Adventure,Female,2,0
769,Kavita769,kavita769@gmail.com,Adventure,Female,2,1
770,Arjun770,arjun770@gmail.com,Historical,Male,2,0
771,Deepak771,deepak771@gmail.com,Adventure,Male,2,1
772,Suresh772,suresh772@gmail.com,Historical,Male,1,1
773,Vivek773,vivek773@gmail.com,Nature,Male,2,1
774,Sneha774,sneha774@gmail.com,Beach,Female,4,0
775,Priya775,priya775@gmail.com,Beach,Female,2,0
776,Arjun776,arjun776@gmail.com,Historical,Male,3,2
777,Pankaj777,pankaj777@gmail.com,Beach,Male,3,0
778,Swati778,swati778@gmail.com,Adventure,Female,1,1
779,Sonal779,sonal779@gmail.com,City,Female,4,0
780,Sachin780,sachin780@gmail.com,Historical,Male,1,1
781,Kunal781,kunal781@gmail.com,Beach,Male,2,0
782,Sanjay782,sanjay782@gmail.com,Historical,Male,1,0
783,Kavita783,kavita783@gmail.com,Historical,Female,1,0
784,Priya784,priya784@gmail.com,City,Female,2,1
785,Aarti785,aarti785@gmail.com,Adventure,Female,2,1
786,Manoj786,manoj786@gmail.com,Historical,Male,2,0
787,Nikhil787,nikhil787@gmail.com,Beach,Male,2,0
788,Sneha788,sneha788@gmail.com,Nature,Female,1,1
789,Aarti789,aarti789@gmail.com,Historical,Female,1,0
790,Amit790,amit790@gmail.com,Historical,Male,2,0
791,Rekha791,rekha791@gmail.com,City,Female,2,0
792,Ritu792,ritu792@gmail.com,Adventure,Female,3,0
793,Prakash793,prakash793@gmail.com,Nature,Male,2,0
794,Pooja794,pooja794@gmail.com,Beach,Female,3,0
795,Rahul795,rahul795@gmail.com,Nature,Male,2,0
796,Vivek796,vivek796@gmail.com,Beach,Male,2,0
797,Sanjay797,sanjay797@gmail.com,Adventure,Male,2,0
798,Vikram798,vikram798@gmail.com,Beach,Male,2,0
799,Pankaj799,pankaj799@gmail.com,City,Male,2,0
800,Suresh800,suresh800@gmail.com,City,Male,3,1
801,Amit801,amit801@gmail.com,City,Male,2,0
802,Sonal802,sonal802@gmail.com,City,Female,3,0
803,Sanjay803,sanjay803@gmail.com,Nature,Male,3,0
804,Pankaj804,pankaj804@gmail.com,Adventure,Male,3,0
805,Divya805,divya805@gmail.com,Beach,Female,4,0
806,Rashmi806,rashmi806@gmail.com,Beach,Female,2,0
807,Nisha807,nisha807@gmail.com,City,Female,2,2
808,Ankit808,ankit808@gmail.com,City,Male,2,0
809,Pooja809,pooja809@gmail.com,Historical,Female,2,2
810,Prakash810,prakash810@gmail.com,Adventure,Male,2,0
811,Pankaj811,pankaj811@gmail.com,Nature,Male,3,0
812,Suresh812,suresh812@gmail.com,Beach,Male,2,0
813,Rohit813,rohit813@gmail.com,Historical,Male,2,0
814,Sunita814,sunita814@gmail.com,Historical,Female,1,0
815,Divya815,divya815@gmail.com,Beach,Female,2,1
816,Rohit816,rohit816@gmail.com,Nature,Male,1,0
817,Harish817,harish817@gmail.com,Historical,Male,3,2
818,Rahul818,rahul818@gmail.com,Historical,Male,2,1
819,Ritu819,ritu819@gmail.com,Adventure,Female,1,0
820,Vikram820,vikram820@gmail.com,Nature,Male,1,0
821,Harish821,harish821@gmail.com,Historical,Male,2,0
822,Aarti822,aarti822@gmail.com,Nature,Female,2,0
823,Neha823,neha823@gmail.com,Beach,Female,2,0
824,Manoj824,manoj824@gmail.com,City,Male,1,0
825,Kavita825,kavita825@gmail.com,Historical,Female,2,0
826,Rekha826,rekha826@gmail.com,Adventure,Female,2,0
827,Ravi827,ravi827@gmail.com,Beach,Male,2,2
828,Isha828,isha828@gmail.com,Nature,Female,2,1
829,Kunal829,kunal829@gmail.com,Beach,Male,2,2
830,Isha830,isha830@gmail.com,Historical,Female,1,0
831,Manoj831,manoj831@gmail.com,Nature,Male,4,0
832,Sachin832,sachin832@gmail.com,City,Male,2,0
833,Aditya833,aditya833@gmail.com,Beach,Male,2,0
834,Rashmi834,rashmi834@gmail.com,Historical,Female,1,0
835,Ajay835,ajay835@gmail.com,Adventure,Male,2,1
836,Aarti836,aarti836@gmail.com,Nature,Female,1,1
837,Harish837,harish837@gmail.com,Beach,Male,2,0
838,Ravi838,ravi838@gmail.com,Beach,Male,4,0
839,Aarti839,aarti839@gmail.com,City,Female,2,0
840,Harish840,harish840@gmail.com,City,Male,1,0
841,Kunal841,kunal841@gmail.com,Adventure,Male,1,0
842,Pooja842,pooja842@gmail.com,Adventure,Female,2,0
843,Kunal843,kunal843@gmail.com,Historical,Male,1,0
844,Suresh844,suresh844@gmail.com,Historical,Male,1,2
845,Arjun845,arjun845@gmail.com,Adventure,Male,3,0
846,Arjun846,arjun846@gmail.com,Adventure,Male,2,1
847,Swati847,swati847@gmail.com,Nature,Female,2,0
848,Neha848,neha848@gmail.com,City,Female,4,0
849,Ankit849,ankit849@gmail.com,Historical,Male,1,0
850,Shreya850,shreya850@gmail.com,City,Female,4,0
851,Ankit851,ankit851@gmail.com,City,Male,2,0
852,Rekha852,rekha852@gmail.com,Adventure,Female,3,1
853,Rohit853,rohit853@gmail.com,Nature,Male,2,1
854,Ankit854,ankit854@gmail.com,Beach,Male,3,0
855,Amit855,amit855@gmail.com,Nature,Male,4,0
856,Ravi856,ravi856@gmail.com,Nature,Male,2,2
857,Ajay857,ajay857@gmail.com,City,Male,4,0
858,Kunal858,kunal858@gmail.com,Nature,Male,2,0
859,Divya859,divya859@gmail.com,Historical,Female,2,0
860,Sanjay860,sanjay860@gmail.com,City,Male,2,1
861,Pooja861,pooja861@gmail.com,Historical,Female,2,2
862,Manoj862,manoj862@gmail.com,Beach,Male,1,0
863,Aarti863,aarti863@gmail.com,City,Female,2,2
864,Aarti864,aarti864@gmail.com,Beach,Female,2,1
865,Rashmi865,rashmi865@gmail.com,City,Female,3,0
866,Rohit866,rohit866@gmail.com,Adventure,Male,3,0
867,Manoj867,manoj867@gmail.com,Nature,Male,2,0
868,Swati868,swati868@gmail.com,Adventure,Female,2,2
869,Harish869,harish869@gmail.com,Beach,Male,2,0
870,Priya870,priya870@gmail.com,Nature,Female,1,1
871,Ravi871,ravi871@gmail.com,City,Male,1,0
872,Kavita872,kavita872@gmail.com,Nature,Female,2,1
873,Rekha873,rekha873@gmail.com,Historical,Female,2,0
874,Manoj874,manoj874@gmail.com,Nature,Male,4,0
875,Ritu875,ritu875@gmail.com,Historical,Female,2,1
876,Prakash876,prakash876@gmail.com,Nature,Male,2,1
877,Ritu877,ritu877@gmail.com,Historical,Female,2,2
878,Neha878,neha878@gmail.com,Beach,Female,1,0
879,Rahul879,rahul879@gmail.com,Adventure,Male,2,1
880,Ankit880,ankit880@gmail.com,City,Male,2,0
881,Sanjay881,sanjay881@gmail.com,Nature,Male,2,0
882,Isha882,isha882@gmail.com,Adventure,Female,2,0
883,Harish883,harish883@gmail.com,City,Male,4,0
884,Aarti884,aarti884@gmail.com,City,Female,3,0
885,Rashmi885,rashmi885@gmail.com,Historical,Female,2,2
886,Suresh886,suresh886@gmail.com,Beach,Male,2,0
887,Ajay887,ajay887@gmail.com,Beach,Male,2,1
888,Aarti888,aarti888@gmail.com,Adventure,Female,1,0
889,Sunita889,sunita889@gmail.com,Beach,Female,2,0
890,Prakash890,prakash890@gmail.com,Nature,Male,1,0
891,Sachin891,sachin891@gmail.com,Beach,Male,2,2
892,Vivek892,vivek892@gmail.com,Adventure,Male,2,2
893,Pankaj893,pankaj893@gmail.com,Beach,Male,1,2
894,Ajay894,ajay894@gmail.com,Nature,Male,4,2
895,Neha895,neha895@gmail.com,Historical,Female,4,0
896,Isha896,isha896@gmail.com,Adventure,Female,3,0
897,Pooja897,pooja897@gmail.com,Historical,Female,2,1
898,Meena898,meena898@gmail.com,Historical,Female,3,0
899,Deepak899,deepak899@gmail.com,Historical,Male,1,0
900,Kunal900,kunal900@gmail.com,City,Male,3,0
901,Prakash901,prakash901@gmail.com,City,Male,1,0
902,Anita902,anita902@gmail.com,Historical,Female,3,0
903,Neha903,neha903@gmail.com,Adventure,Female,2,0
904,Manoj904,manoj904@gmail.com,Nature,Male,3,0
905,Harish905,harish905@gmail.com,Nature,Male,4,0
906,Sonal906,sonal906@gmail.com,Beach,Female,1,0
907,Anita907,anita907@gmail.com,Adventure,Female,2,0
908,Prakash908,prakash908@gmail.com,City,Male,4,1
909,Harish909,harish909@gmail.com,Historical,Male,2,0
910,Pooja910,pooja910@gmail.com,Beach,Female,3,0
911,Ankit911,ankit911@gmail.com,Nature,Male,2,1
912,Pankaj912,pankaj912@gmail.com,City,Male,2,0
913,Sachin913,sachin913@gmail.com,City,Male,2,0
914,Rashmi914,rashmi914@gmail.com,Historical,Female,1,1
915,Swati915,swati915@gmail.com,Nature,Female,3,0
916,Sneha916,sneha916@gmail.com,Adventure,Female,2,1
917,Sonal917,sonal917@gmail.com,City,Female,2,1
918,Meena918,meena918@gmail.com,Historical,Female,2,1
919,Divya919,divya919@gmail.com,Adventure,Female,2,0
920,Neha920,neha920@gmail.com,Nature,Female,3,0
921,Pankaj921,pankaj921@gmail.com,City,Male,4,0
922,Nikhil922,nikhil922@gmail.com,Adventure,Male,2,0
923,Ravi923,ravi923@gmail.com,Adventure,Male,3,0
924,Deepak924,deepak924@gmail.com,Adventure,Male,3,0
925,Deepak925,deepak925@gmail.com,City,Male,2,0
926,Suresh926,suresh926@gmail.com,City,Male,4,0
927,Ankit927,ankit927@gmail.com,Beach,Male,1,0
928,Nisha928,nisha928@gmail.com,Nature,Female,1,0
929,Meena929,meena929@gmail.com,Historical,Female,3,1
930,Pankaj930,pankaj930@gmail.com,Adventure,Male,2,0
931,Sanjay931,sanjay931@gmail.com,Beach,Male,3,0
932,Sunita932,sunita932@gmail.com,Historical,Female,3,2
933,Vivek933,vivek933@gmail.com,Beach,Male,1,0
934,Rahul934,rahul934@gmail.com,City,Male,3,0
935,Rashmi935,rashmi935@gmail.com,Adventure,Female,2,0
936,Rohit936,rohit936@gmail.com,Historical,Male,2,1
937,Nisha937,nisha937@gmail.com,Historical,Female,2,0
938,Prakash938,prakash938@gmail.com,Historical,Male,4,0
939,Nisha939,nisha939@gmail.com,Historical,Female,1,0
940,Kavita940,kavita940@gmail.com,Historical,Female,2,2
941,Sunita941,sunita941@gmail.com,Beach,Female,2,0
942,Sachin942,sachin942@gmail.com,Adventure,Male,3,0
943,Anita943,anita943@gmail.com,City,Female,2,2
944,Vivek944,vivek944@gmail.com,City,Male,1,0
945,Ajay945,ajay945@gmail.com,City,Male,2,2
946,Ravi946,ravi946@gmail.com,City,Male,2,0
947,Rahul947,rahul947@gmail.com,Beach,Male,3,1
948,Priya948,priya948@gmail.com,Nature,Female,2,0
949,Payal949,payal949@gmail.com,Adventure,Female,1,1
950,Nikhil950,nikhil950@gmail.com,Historical,Male,4,2
951,Kunal951,kunal951@gmail.com,Nature,Male,1,0
952,Divya952,divya952@gmail.com,City,Female,4,0
953,Ajay953,ajay953@gmail.com,Nature,Male,2,0
954,Pooja954,pooja954@gmail.com,Adventure,Female,3,0
955,Arjun955,arjun955@gmail.com,Historical,Male,2,0
956,Prakash956,prakash956@gmail.com,Historical,Male,1,0
957,Rekha957,rekha957@gmail.com,Adventure,Female,3,0
958,Vikram958,vikram958@gmail.com,Adventure,Male,3,0
959,Aarti959,aarti959@gmail.com,City,Female,3,0
960,Ajay960,ajay960@gmail.com,Historical,Male,1,1
961,Pankaj961,pankaj961@gmail.com,Nature,Male,3,0
962,Suresh962,suresh962@gmail.com,Beach,Male,3,0
963,Anita963,anita963@gmail.com,Beach,Female,2,0
964,Kunal964,kunal964@gmail.com,Adventure,Male,3,0
965,Manoj965,manoj965@gmail.com,City,Male,3,0
966,Ankit966,ankit966@gmail.com,Beach,Male,2,0
967,Sanjay967,sanjay967@gmail.com,Historical,Male,1,0
968,Rekha968,rekha968@gmail.com,Adventure,Female,2,1
969,Anita969,anita969@gmail.com,Nature,Female,1,0
970,Vivek970,vivek970@gmail.com,Adventure,Male,2,1
971,Meena971,meena971@gmail.com,Nature,Female,2,1
972,Rohit972,rohit972@gmail.com,Adventure,Male,1,1
973,Manoj973,manoj973@gmail.com,Adventure,Male,2,2
974,Suresh974,suresh974@gmail.com,Adventure,Male,1,0
975,Rashmi975,rashmi975@gmail.com,Nature,Female,3,0
976,Kavita976,kavita976@gmail.com,Nature,Female,4,2
977,Ritu977,ritu977@gmail.com,Adventure,Female,1,0
978,Divya978,divya978@gmail.com,Beach,Female,4,0
979,Aarti979,aarti979@gmail.com,City,Female,2,1
980,Payal980,payal980@gmail.com,City,Female,2,1
981,Swati981,swati981@gmail.com,City,Female,1,2
982,Meena982,meena982@gmail.com,Nature,Female,2,2
983,Divya983,divya983@gmail.com,Nature,Female,3,1
984,Pankaj984,pankaj984@gmail.com,Beach,Male,3,0
985,Shreya985,shreya985@gmail.com,City,Female,1,2
986,Rashmi986,rashmi986@gmail.com,City,Female,1,0
987,Rekha987,rekha987@gmail.com,Adventure,Female,2,0
988,Ritu988,ritu988@gmail.com,Nature,Female,2,2
989,Sunita989,sunita989@gmail.com,City,Female,1,0
990,Priya990,priya990@gmail.com,Beach,Female,2,0
991,Isha991,isha991@gmail.com,Beach,Female,3,0
992,Payal992,payal992@gmail.com,City,Female,4,2
993,Ritu993,ritu993@gmail.com,Nature,Female,2,0
994,Neha994,neha994@gmail.com,Beach,Female,4,1
995,Swati995,swati995@gmail.com,Adventure,Female,2,0
996,Ravi996,ravi996@gmail.com,Beach,Male,2,1
997,Deepak997,deepak997@gmail.com,Historical,Male,1,1
998,Payal998,payal998@gmail.com,Historical,Female,2,0
999,Swati999,swati999@gmail.com,Nature,Female,4,0
1000,Amit1000,amit1000@gmail.com,City,Male,2,0
1001,Aarti1001,aarti1001@gmail.com,Nature,Female,2,2
1002,Sanjay1002,sanjay1002@gmail.com,Nature,Male,2,1
1003,Harish1003,harish1003@gmail.com,Nature,Male,1,2
1004,Harish1004,harish1004@gmail.com,Nature,Male,3,0
1005,Pankaj1005,pankaj1005@gmail.com,Adventure,Male,2,1
1006,Vikram1006,vikram1006@gmail.com,Adventure,Male,2,1
1007,Rashmi1007,rashmi1007@gmail.com,Beach,Female,2,1
1008,Vivek1008,vivek1008@gmail.com,Historical,Male,2,2
1009,Divya1009,divya1009@gmail.com,Nature,Female,1,0
1010,Komal1010,komal1010@gmail.com,Beach,Female,2,0
1011,Deepak1011,deepak1011@gmail.com,Historical,Male,1,1
1012,Vivek1012,vivek1012@gmail.com,City,Male,3,1
1013,Rekha1013,rekha1013@gmail.com,Adventure,Female,3,0
1014,Aditya1014,aditya1014@gmail.com,Historical,Male,3,0
1015,Ajay1015,ajay1015@gmail.com,City,Male,2,0
1016,Nisha1016,nisha1016@gmail.com,Historical,Female,2,0
1017,Priya1017,priya1017@gmail.com,Adventure,Female,1,0
1018,Manoj1018,manoj1018@gmail.com,Adventure,Male,3,1
1019,Sonal1019,sonal1019@gmail.com,Beach,Female,2,1
1020,Aditya1020,aditya1020@gmail.com,Nature,Male,2,0
1021,Manoj1021,manoj1021@gmail.com,Historical,Male,2,0
1022,Ravi1022,ravi1022@gmail.com,Historical,Male,1,0
1023,Pooja1023,pooja1023@gmail.com,City,Female,2,0
1024,Nisha1024,nisha1024@gmail.com,Adventure,Female,1,1
1025,Divya1025,divya1025@gmail.com,Historical,Female,3,2
1026,Sunita1026,sunita1026@gmail.com,Adventure,Female,2,0
1027,Sunita1027,sunita1027@gmail.com,Historical,Female,1,1
1028,Vikram1028,vikram1028@gmail.com,Beach,Male,2,2
1029,Pankaj1029,pankaj1029@gmail.com,Nature,Male,1,1
1030,Rahul1030,rahul1030@gmail.com,Historical,Male,2,0
1031,Vikram1031,vikram1031@gmail.com,Adventure,Male,3,2
1032,Payal1032,payal1032@gmail.com,Beach,Female,1,0
1033,Harish1033,harish1033@gmail.com,Historical,Male,3,0
1034,Nisha1034,nisha1034@gmail.com,City,Female,1,0
1035,Suresh1035,suresh1035@gmail.com,Nature,Male,1,0
1036,Rashmi1036,rashmi1036@gmail.com,Historical,Female,3,0
1037,Kavita1037,kavita1037@gmail.com,Beach,Female,2,0
1038,Sachin1038,sachin1038@gmail.com,City,Male,1,0
1039,Ajay1039,ajay1039@gmail.com,Beach,Male,2,1
1040,Amit1040,amit1040@gmail.com,Beach,Male,2,2
1041,Vikram1041,vikram1041@gmail.com,City,Male,3,0
1042,Meena1042,meena1042@gmail.com,Beach,Female,2,2
1043,Vikram1043,vikram1043@gmail.com,City,Male,3,2
1044,Rohit1044,rohit1044@gmail.com,Historical,Male,3,1
1045,Divya1045,divya1045@gmail.com,City,Female,2,0
1046,Prakash1046,prakash1046@gmail.com,City,Male,4,1
1047,Deepak1047,deepak1047@gmail.com,Nature,Male,2,2
1048,Kunal1048,kunal1048@gmail.com,City,Male,4,1
1049,Aditya1049,aditya1049@gmail.com,City,Male,1,0
1050,Rohit1050,rohit1050@gmail.com,Historical,Male,2,0
1051,Nisha1051,nisha1051@gmail.com,Nature,Female,2,1
1052,Vivek1052,vivek1052@gmail.com,Adventure,Male,2,0
1053,Aditya1053,aditya1053@gmail.com,Historical,Male,2,0
1054,Deepak1054,deepak1054@gmail.com,Historical,Male,3,0
1055,Pankaj1055,pankaj1055@gmail.com,Adventure,Male,1,1
1056,Vivek1056,vivek1056@gmail.com,City,Male,1,2
1057,Pooja1057,pooja1057@gmail.com,Beach,Female,3,0
1058,Kunal1058,kunal1058@gmail.com,Nature,Male,2,2
1059,Neha1059,neha1059@gmail.com,Beach,Female,4,0
1060,Shreya1060,shreya1060@gmail.com,Adventure,Female,3,1
1061,Sanjay1061,sanjay1061@gmail.com,Historical,Male,4,1
1062,Manoj1062,manoj1062@gmail.com,Historical,Male,3,1
1063,Rohit1063,rohit1063@gmail.com,Nature,Male,2,2
1064,Ravi1064,ravi1064@gmail.com,Historical,Male,1,0
1065,Kavita1065,kavita1065@gmail.com,Historical,Female,3,2
1066,Suresh1066,suresh1066@gmail.com,Nature,Male,2,0
1067,Ajay1067,ajay1067@gmail.com,Nature,Male,1,1
1068,Ankit1068,ankit1068@gmail.com,Adventure,Male,2,1
1069,Sanjay1069,sanjay1069@gmail.com,Historical,Male,4,1
1070,Amit1070,amit1070@gmail.com,Historical,Male,2,0
1071,Rahul1071,rahul1071@gmail.com,Adventure,Male,2,2
1072,Nisha1072,nisha1072@gmail.com,City,Female,2,0
1073,Pooja1073,pooja1073@gmail.com,City,Female,1,0
1074,Sanjay1074,sanjay1074@gmail.com,City,Male,2,1
1075,Nikhil1075,nikhil1075@gmail.com,Adventure,Male,2,0
1076,Nikhil1076,nikhil1076@gmail.com,Historical,Male,1,1
1077,Meena1077,meena1077@gmail.com,Adventure,Female,3,0
1078,Vikram1078,vikram1078@gmail.com,Adventure,Male,2,0
1079,Shreya1079,shreya1079@gmail.com,City,Female,3,1
1080,Sachin1080,sachin1080@gmail.com,Beach,Male,3,0
1081,Ravi1081,ravi1081@gmail.com,Historical,Male,1,0
1082,Harish1082,harish1082@gmail.com,City,Male,2,1
1083,Ankit1083,ankit1083@gmail.com,Beach,Male,2,0
1084,Sneha1084,sneha1084@gmail.com,Beach,Female,3,1
1085,Sneha1085,sneha1085@gmail.com,Nature,Female,1,0
1086,Rohit1086,rohit1086@gmail.com,Historical,Male,2,1
1087,Kunal1087,kunal1087@gmail.com,Beach,Male,2,1
1088,Sunita1088,sunita1088@gmail.com,City,Female,2,1
1089,Isha1089,isha1089@gmail.com,Nature,Female,1,0
1090,Shreya1090,shreya1090@gmail.com,Historical,Female,2,1
1091,Divya1091,divya1091@gmail.com,Adventure,Female,3,1
1092,Harish1092,harish1092@gmail.com,City,Male,2,1
1093,Ritu1093,ritu1093@gmail.com,Beach,Female,2,0
1094,Manoj1094,manoj1094@gmail.com,Beach,Male,2,2
1095,Rashmi1095,rashmi1095@gmail.com,City,Female,3,1
1096,Swati1096,swati1096@gmail.com,Beach,Female,1,0
1097,Rashmi1097,rashmi1097@gmail.com,Nature,Female,3,0
1098,Swati1098,swati1098@gmail.com,Historical,Female,2,2
1099,Anita1099,anita1099@gmail.com,Nature,Female,2,0
1100,Ajay1100,ajay1100@gmail.com,Beach,Male,1,2
1101,Sanjay1101,sanjay1101@gmail.com,Adventure,Male,1,1
1102,Rekha1102,rekha1102@gmail.com,Historical,Female,2,1
1103,Sneha1103,sneha1103@gmail.com,Historical,Female,2,0
1104,Rohit1104,rohit1104@gmail.com,City,Male,3,0
1105,Rashmi1105,rashmi1105@gmail.com,City,Female,1,2
1106,Komal1106,komal1106@gmail.com,Adventure,Female,2,0
1107,Harish1107,harish1107@gmail.com,Historical,Male,2,1
1108,Aarti1108,aarti1108@gmail.com,Adventure,Female,1,0
1109,Meena1109,meena1109@gmail.com,City,Female,1,0
1110,Prakash1110,prakash1110@gmail.com,City,Male,2,0
1111,Ajay1111,ajay1111@gmail.com,Historical,Male,2,0
1112,Sanjay1112,sanjay1112@gmail.com,Nature,Male,2,2
1113,Priya1113,priya1113@gmail.com,Beach,Female,2,0
1114,Aditya1114,aditya1114@gmail.com,City,Male,2,0
1115,Pankaj1115,pankaj1115@gmail.com,City,Male,1,0
1116,Suresh1116,suresh1116@gmail.com,Nature,Male,2,0
1117,Manoj1117,manoj1117@gmail.com,Nature,Male,4,0
1118,Aditya1118,aditya1118@gmail.com,Adventure,Male,2,2
1119,Harish1119,harish1119@gmail.com,Adventure,Male,2,0
1120,Komal1120,komal1120@gmail.com,Beach,Female,2,0
1121,Sonal1121,sonal1121@gmail.com,Beach,Female,3,0
1122,Sanjay1122,sanjay1122@gmail.com,Historical,Male,3,2
1123,Sanjay1123,sanjay1123@gmail.com,Adventure,Male,2,0
1124,Amit1124,amit1124@gmail.com,City,Male,4,0
1125,Sunita1125,sunita1125@gmail.com,Adventure,Female,1,1
1126,Swati1126,swati1126@gmail.com,City,Female,1,0
1127,Anita1127,anita1127@gmail.com,Nature,Female,3,0
1128,Sonal1128,sonal1128@gmail.com,Adventure,Female,3,0
1129,Pooja1129,pooja1129@gmail.com,Nature,Female,1,1
1130,Isha1130,isha1130@gmail.com,Beach,Female,2,0
1131,Divya1131,divya1131@gmail.com,Beach,Female,1,1
1132,Aarti1132,aarti1132@gmail.com,Historical,Female,2,1
1133,Shreya1133,shreya1133@gmail.com,Adventure,Female,3,0
1134,Kunal1134,kunal1134@gmail.com,Nature,Male,2,0
1135,Nikhil1135,nikhil1135@gmail.com,City,Male,2,0
1136,Manoj1136,manoj1136@gmail.com,Beach,Male,2,1
1137,Arjun1137,arjun1137@gmail.com,Beach,Male,1,0
1138,Isha1138,isha1138@gmail.com,City,Female,2,0
1139,Swati1139,swati1139@gmail.com,Nature,Female,2,0
1140,Vikram1140,vikram1140@gmail.com,Nature,Male,4,2
1141,Kavita1141,kavita1141@gmail.com,Adventure,Female,3,0
1142,Rahul1142,rahul1142@gmail.com,Adventure,Male,1,2
1143,Aarti1143,aarti1143@gmail.com,Historical,Female,3,0
1144,Ajay1144,ajay1144@gmail.com,Beach,Male,3,0
1145,Pooja1145,pooja1145@gmail.com,Adventure,Female,3,0
1146,Sonal1146,sonal1146@gmail.com,Nature,Female,2,0
1147,Nikhil1147,nikhil1147@gmail.com,City,Male,2,0
1148,Ritu1148,ritu1148@gmail.com,Nature,Female,2,0
1149,Rohit1149,rohit1149@gmail.com,Beach,Male,1,2
1150,Sanjay1150,sanjay1150@gmail.com,Nature,Male,1,1
1151,Deepak1151,deepak1151@gmail.com,Historical,Male,1,1
1152,Ravi1152,ravi1152@gmail.com,Beach,Male,2,0
1153,Sneha1153,sneha1153@gmail.com,City,Female,3,0
1154,Priya1154,priya1154@gmail.com,Historical,Female,2,0
1155,Ritu1155,ritu1155@gmail.com,Beach,Female,1,1
1156,Vivek1156,vivek1156@gmail.com,City,Male,4,2
1157,Komal1157,komal1157@gmail.com,Historical,Female,4,0
1158,Sachin1158,sachin1158@gmail.com,Historical,Male,3,0
1159,Payal1159,payal1159@gmail.com,Beach,Female,4,0
1160,Swati1160,swati1160@gmail.com,Adventure,Female,2,0
1161,Sneha1161,sneha1161@gmail.com,Historical,Female,4,0
1162,Prakash1162,prakash1162@gmail.com,Historical,Male,1,1
1163,Divya1163,divya1163@gmail.com,City,Female,2,1
1164,Aarti1164,aarti1164@gmail.com,Nature,Female,1,0
1165,Deepak1165,deepak1165@gmail.com,Beach,Male,1,0
1166,Kavita1166,kavita1166@gmail.com,Beach,Female,1,2
1167,Ajay1167,ajay1167@gmail.com,Adventure,Male,2,0
1168,Neha1168,neha1168@gmail.com,Adventure,Female,3,0
1169,Vikram1169,vikram1169@gmail.com,Beach,Male,2,0
1170,Manoj1170,manoj1170@gmail.com,Adventure,Male,1,0
1171,Sunita1171,sunita1171@gmail.com,City,Female,3,0
1172,Vivek1172,vivek1172@gmail.com,Beach,Male,2,1
1173,Nikhil1173,nikhil1173@gmail.com,Adventure,Male,2,0
1174,Rohit1174,rohit1174@gmail.com,Beach,Male,2,0
1175,Aditya1175,aditya1175@gmail.com,Nature,Male,2,1
1176,Amit1176,amit1176@gmail.com,Historical,Male,2,0
1177,Prakash1177,prakash1177@gmail.com,Beach,Male,4,2
1178,Rekha1178,rekha1178@gmail.com,Historical,Female,2,2
1179,Suresh1179,suresh1179@gmail.com,Adventure,Male,2,0
1180,Ajay1180,ajay1180@gmail.com,Historical,Male,3,1
1181,Komal1181,komal1181@gmail.com,Beach,Female,3,0
1182,Swati1182,swati1182@gmail.com,Nature,Female,1,2
1183,Sonal1183,sonal1183@gmail.com,Adventure,Female,1,0
1184,Sunita1184,sunita1184@gmail.com,Beach,Female,1,2
1185,Komal1185,komal1185@gmail.com,Adventure,Female,2,1
1186,Kavita1186,kavita1186@gmail.com,City,Female,2,0
1187,Shreya1187,shreya1187@gmail.com,Historical,Female,1,0
1188,Pankaj1188,pankaj1188@gmail.com,City,Male,4,2
1189,Amit1189,amit1189@gmail.com,Beach,Male,2,2
1190,Isha1190,isha1190@gmail.com,Nature,Female,1,0
1191,Vivek1191,vivek1191@gmail.com,Adventure,Male,2,1
1192,Deepak1192,deepak1192@gmail.com,Historical,Male,2,0
1193,Kunal1193,kunal1193@gmail.com,Adventure,Male,1,0
1194,Shreya1194,shreya1194@gmail.com,Beach,Female,2,0
1195,Neha1195,neha1195@gmail.com,Adventure,Female,3,0
1196,Ajay1196,ajay1196@gmail.com,Historical,Male,2,1
1197,Aarti1197,aarti1197@gmail.com,Beach,Female,2,0
1198,Ravi1198,ravi1198@gmail.com,Adventure,Male,2,1
1199,Suresh1199,suresh1199@gmail.com,Nature,Male,1,0
1200,Vikram1200,vikram1200@gmail.com,Beach,Male,1,0
1201,Rahul1201,rahul1201@gmail.com,Beach,Male,2,0
1202,Pooja1202,pooja1202@gmail.com,Nature,Female,1,0
1203,Aarti1203,aarti1203@gmail.com,City,Female,1,0
1204,Divya1204,divya1204@gmail.com,Historical,Female,3,0
1205,Suresh1205,suresh1205@gmail.com,City,Male,4,0
1206,Kavita1206,kavita1206@gmail.com,Adventure,Female,3,0
1207,Manoj1207,manoj1207@gmail.com,Nature,Male,3,0
1208,Rekha1208,rekha1208@gmail.com,City,Female,1,0
1209,Vikram1209,vikram1209@gmail.com,Beach,Male,4,2
1210,Aditya1210,aditya1210@gmail.com,Adventure,Male,1,2
1211,Ajay1211,ajay1211@gmail.com,Adventure,Male,4,0
1212,Komal1212,komal1212@gmail.com,City,Female,4,0
1213,Rekha1213,rekha1213@gmail.com,City,Female,3,0
1214,Meena1214,meena1214@gmail.com,Nature,Female,4,2
1215,Sonal1215,sonal1215@gmail.com,Historical,Female,2,0
1216,Vikram1216,vikram1216@gmail.com,City,Male,2,0
1217,Meena1217,meena1217@gmail.com,City,Female,2,0
1218,Kavita1218,kavita1218@gmail.com,Beach,Female,2,0
1219,Pankaj1219,pankaj1219@gmail.com,Adventure,Male,1,0
1220,Kunal1220,kunal1220@gmail.com,Historical,Male,2,1
1221,Ravi1221,ravi1221@gmail.com,Beach,Male,4,0
1222,Swati1222,swati1222@gmail.com,Nature,Female,1,1
1223,Rahul1223,rahul1223@gmail.com,Nature,Male,3,0
1224,Nikhil1224,nikhil1224@gmail.com,City,Male,4,0
1225,Arjun1225,arjun1225@gmail.com,City,Male,4,2
1226,Rashmi1226,rashmi1226@gmail.com,Nature,Female,4,0
1227,Ajay1227,ajay1227@gmail.com,City,Male,2,1
1228,Shreya1228,shreya1228@gmail.com,Historical,Female,4,0
1229,Komal1229,komal1229@gmail.com,City,Female,3,0
1230,Suresh1230,suresh1230@gmail.com,Adventure,Male,1,2
1231,Nikhil1231,nikhil1231@gmail.com,City,Male,2,0
1232,Rekha1232,rekha1232@gmail.com,Beach,Female,3,2
1233,Nikhil1233,nikhil1233@gmail.com,Historical,Male,1,0
1234,Rahul1234,rahul1234@gmail.com,Beach,Male,2,2
1235,Sunita1235,sunita1235@gmail.com,Beach,Female,2,0
1236,Swati1236,swati1236@gmail.com,Adventure,Female,1,0
1237,Arjun1237,arjun1237@gmail.com,Historical,Male,2,1
1238,Kavita1238,kavita1238@gmail.com,Historical,Female,3,2
1239,Ajay1239,ajay1239@gmail.com,Historical,Male,2,2
1240,Rohit1240,rohit1240@gmail.com,Historical,Male,1,1
1241,Arjun1241,arjun1241@gmail.com,Historical,Male,1,2
1242,Isha1242,isha1242@gmail.com,Adventure,Female,2,0
1243,Amit1243,amit1243@gmail.com,City,Male,4,0
1244,Rahul1244,rahul1244@gmail.com,Beach,Male,1,0
1245,Deepak1245,deepak1245@gmail.com,Historical,Male,2,0
1246,Shreya1246,shreya1246@gmail.com,City,Female,1,0
1247,Ritu1247,ritu1247@gmail.com,City,Female,2,0
1248,Sonal1248,sonal1248@gmail.com,Beach,Female,3,0
1249,Priya1249,priya1249@gmail.com,Adventure,Female,3,1
1250,Neha1250,neha1250@gmail.com,Nature,Female,1,0
1251,Vivek1251,vivek1251@gmail.com,Nature,Male,2,0
1252,Priya1252,priya1252@gmail.com,City,Female,1,0
1253,Sonal1253,sonal1253@gmail.com,Beach,Female,2,1
1254,Priya1254,priya1254@gmail.com,Nature,Female,2,1
1255,Manoj1255,manoj1255@gmail.com,City,Male,1,1
1256,Nisha1256,nisha1256@gmail.com,Adventure,Female,2,0
1257,Ritu1257,ritu1257@gmail.com,Nature,Female,2,0
1258,Kunal1258,kunal1258@gmail.com,City,Male,4,0
1259,Anita1259,anita1259@gmail.com,City,Female,4,0
1260,Prakash1260,prakash1260@gmail.com,Historical,Male,1,0
1261,Vikram1261,vikram1261@gmail.com,Adventure,Male,3,0
1262,Vikram1262,vikram1262@gmail.com,Historical,Male,2,0
1263,Vivek1263,vivek1263@gmail.com,Beach,Male,2,2
1264,Prakash1264,prakash1264@gmail.com,Historical,Male,3,2
1265,Sneha1265,sneha1265@gmail.com,Historical,Female,4,0
1266,Suresh1266,suresh1266@gmail.com,Nature,Male,4,0
1267,Amit1267,amit1267@gmail.com,City,Male,2,0
1268,Ritu1268,ritu1268@gmail.com,Adventure,Female,2,0
1269,Amit1269,amit1269@gmail.com,Historical,Male,3,2
1270,Komal1270,komal1270@gmail.com,Adventure,Female,2,0
1271,Shreya1271,shreya1271@gmail.com,Historical,Female,2,1
1272,Sonal1272,sonal1272@gmail.com,Beach,Female,2,0
1273,Deepak1273,deepak1273@gmail.com,Historical,Male,2,2
1274,Amit1274,amit1274@gmail.com,Nature,Male,1,0
1275,Ankit1275,ankit1275@gmail.com,City,Male,1,1
1276,Swati1276,swati1276@gmail.com,Beach,Female,4,0
1277,Rahul1277,rahul1277@gmail.com,Historical,Male,1,1
1278,Vikram1278,vikram1278@gmail.com,Adventure,Male,2,0
1279,Ravi1279,ravi1279@gmail.com,Beach,Male,1,0
1280,Payal1280,payal1280@gmail.com,Beach,Female,1,2
1281,Kavita1281,kavita1281@gmail.com,Historical,Female,1,2
1282,Rohit1282,rohit1282@gmail.com,Beach,Male,1,2
1283,Pankaj1283,pankaj1283@gmail.com,Adventure,Male,3,1
1284,Ajay1284,ajay1284@gmail.com,Beach,Male,2,1
1285,Nikhil1285,nikhil1285@gmail.com,Adventure,Male,4,0
1286,Payal1286,payal1286@gmail.com,Historical,Female,2,0
1287,Sonal1287,sonal1287@gmail.com,City,Female,2,0
1288,Kavita1288,kavita1288@gmail.com,Beach,Female,2,1
1289,Rashmi1289,rashmi1289@gmail.com,City,Female,2,0
1290,Sachin1290,sachin1290@gmail.com,Adventure,Male,3,0
1291,Manoj1291,manoj1291@gmail.com,Beach,Male,2,0
1292,Kunal1292,kunal1292@gmail.com,Nature,Male,2,1
1293,Pooja1293,pooja1293@gmail.com,City,Female,3,0
1294,Sachin1294,sachin1294@gmail.com,Beach,Male,4,0
1295,Aarti1295,aarti1295@gmail.com,City,Female,3,0
1296,Rashmi1296,rashmi1296@gmail.com,Beach,Female,2,0
1297,Amit1297,amit1297@gmail.com,Historical,Male,3,0
1298,Rahul1298,rahul1298@gmail.com,City,Male,2,1
1299,Pankaj1299,pankaj1299@gmail.com,Nature,Male,2,1
1300,Sunita1300,sunita1300@gmail.com,Nature,Female,1,1
1301,Ravi1301,ravi1301@gmail.com,Adventure,Male,2,0
1302,Kavita1302,kavita1302@gmail.com,Beach,Female,1,1
1303,Pankaj1303,pankaj1303@gmail.com,City,Male,2,0
1304,Rashmi1304,rashmi1304@gmail.com,Adventure,Female,3,0
1305,Neha1305,neha1305@gmail.com,City,Female,1,1
1306,Rohit1306,rohit1306@gmail.com,Beach,Male,1,0
1307,Nisha1307,nisha1307@gmail.com,Nature,Female,1,0
1308,Isha1308,isha1308@gmail.com,Historical,Female,4,2
1309,Vikram1309,vikram1309@gmail.com,Nature,Male,2,0
1310,Neha1310,neha1310@gmail.com,Adventure,Female,2,1
1311,Vikram1311,vikram1311@gmail.com,Historical,Male,3,0
1312,Swati1312,swati1312@gmail.com,Adventure,Female,3,1
1313,Kunal1313,kunal1313@gmail.com,Beach,Male,2,0
1314,Harish1314,harish1314@gmail.com,Historical,Male,2,0
1315,Rekha1315,rekha1315@gmail.com,Adventure,Female,3,1
1316,Nisha1316,nisha1316@gmail.com,Beach,Female,2,0
1317,Sunita1317,sunita1317@gmail.com,Nature,Female,1,0
1318,Isha1318,isha1318@gmail.com,Beach,Female,3,0
1319,Payal1319,payal1319@gmail.com,City,Female,2,0
1320,Sanjay1320,sanjay1320@gmail.com,Beach,Male,2,0
1321,Rashmi1321,rashmi1321@gmail.com,Beach,Female,2,0
1322,Sachin1322,sachin1322@gmail.com,City,Male,1,2
1323,Kunal1323,kunal1323@gmail.com,Adventure,Male,1,0
1324,Meena1324,meena1324@gmail.com,Adventure,Female,3,0
1325,Suresh1325,suresh1325@gmail.com,Beach,Male,1,0
1326,Suresh1326,suresh1326@gmail.com,City,Male,2,0
1327,Vivek1327,vivek1327@gmail.com,City,Male,2,2
1328,Arjun1328,arjun1328@gmail.com,Nature,Male,1,0
1329,Meena1329,meena1329@gmail.com,Adventure,Female,4,2
1330,Ajay1330,ajay1330@gmail.com,Historical,Male,1,0
1331,Shreya1331,shreya1331@gmail.com,Adventure,Female,2,1
1332,Meena1332,meena1332@gmail.com,Adventure,Female,2,0
1333,Deepak1333,deepak1333@gmail.com,Nature,Male,1,2
1334,Rashmi1334,rashmi1334@gmail.com,Historical,Female,1,0
1335,Sunita1335,sunita1335@gmail.com,Nature,Female,3,0
1336,Meena1336,meena1336@gmail.com,Historical,Female,4,0
1337,Suresh1337,suresh1337@gmail.com,Beach,Male,1,0
1338,Nisha1338,nisha1338@gmail.com,Historical,Female,2,2
1339,Meena1339,meena1339@gmail.com,Nature,Female,3,0
1340,Nisha1340,nisha1340@gmail.com,Adventure,Female,3,0
1341,Prakash1341,prakash1341@gmail.com,Historical,Male,2,1
1342,Komal1342,komal1342@gmail.com,Historical,Female,2,0
1343,Vikram1343,vikram1343@gmail.com,City,Male,2,2
1344,Pankaj1344,pankaj1344@gmail.com,Adventure,Male,3,1
1345,Rohit1345,rohit1345@gmail.com,Beach,Male,3,0
1346,Rohit1346,rohit1346@gmail.com,Nature,Male,1,2
1347,Rohit1347,rohit1347@gmail.com,Beach,Male,2,0
1348,Rohit1348,rohit1348@gmail.com,Adventure,Male,4,0
1349,Meena1349,meena1349@gmail.com,Historical,Female,3,0
1350,Suresh1350,suresh1350@gmail.com,Historical,Male,4,0
1351,Komal1351,komal1351@gmail.com,Adventure,Female,3,1
1352,Ritu1352,ritu1352@gmail.com,Historical,Female,2,2
1353,Vivek1353,vivek1353@gmail.com,Historical,Male,2,0
1354,Pooja1354,pooja1354@gmail.com,Historical,Female,2,0
1355,Sonal1355,sonal1355@gmail.com,Nature,Female,1,2
1356,Rekha1356,rekha1356@gmail.com,Nature,Female,2,0
1357,Rekha1357,rekha1357@gmail.com,City,Female,3,0
1358,Deepak1358,deepak1358@gmail.com,Beach,Male,1,0
1359,Kavita1359,kavita1359@gmail.com,Adventure,Female,3,2
1360,Ravi1360,ravi1360@gmail.com,Adventure,Male,2,0
1361,Komal1361,komal1361@gmail.com,Adventure,Female,4,1
1362,Meena1362,meena1362@gmail.com,City,Female,1,1
1363,Rahul1363,rahul1363@gmail.com,Nature,Male,2,0
1364,Aarti1364,aarti1364@gmail.com,City,Female,2,0
1365,Isha1365,isha1365@gmail.com,Adventure,Female,2,1
1366,Aarti1366,aarti1366@gmail.com,Beach,Female,3,0
1367,Nikhil1367,nikhil1367@gmail.com,Historical,Male,3,1
1368,Kavita1368,kavita1368@gmail.com,Nature,Female,1,2
1369,Harish1369,harish1369@gmail.com,Nature,Male,2,1
1370,Payal1370,payal1370@gmail.com,City,Female,2,1
1371,Arjun1371,arjun1371@gmail.com,Nature,Male,2,1
1372,Vikram1372,vikram1372@gmail.com,Adventure,Male,4,1
1373,Divya1373,divya1373@gmail.com,Adventure,Female,3,0
1374,Shreya1374,shreya1374@gmail.com,City,Female,2,0
1375,Suresh1375,suresh1375@gmail.com,Adventure,Male,3,0
1376,Nikhil1376,nikhil1376@gmail.com,Beach,Male,2,1
1377,Rekha1377,rekha1377@gmail.com,City,Female,4,0
1378,Nikhil1378,nikhil1378@gmail.com,Beach,Male,2,1
1379,Kavita1379,kavita1379@gmail.com,Historical,Female,3,0
1380,Swati1380,swati1380@gmail.com,Beach,Female,3,1
1381,Sonal1381,sonal1381@gmail.com,Historical,Female,2,0
1382,Shreya1382,shreya1382@gmail.com,Historical,Female,3,1
1383,Ravi1383,ravi1383@gmail.com,Beach,Male,1,0
1384,Rekha1384,rekha1384@gmail.com,City,Female,2,0
1385,Kunal1385,kunal1385@gmail.com,Adventure,Male,2,0
1386,Isha1386,isha1386@gmail.com,Adventure,Female,4,1
1387,Vivek1387,vivek1387@gmail.com,Historical,Male,3,0
1388,Anita1388,anita1388@gmail.com,Historical,Female,3,0
1389,Kunal1389,kunal1389@gmail.com,City,Male,3,2
1390,Prakash1390,prakash1390@gmail.com,Nature,Male,2,1
1391,Anita1391,anita1391@gmail.com,Beach,Female,4,2
1392,Sneha1392,sneha1392@gmail.com,Historical,Female,2,0
1393,Swati1393,swati1393@gmail.com,Adventure,Female,2,0
1394,Aarti1394,aarti1394@gmail.com,City,Female,1,2
1395,Deepak1395,deepak1395@gmail.com,Beach,Male,3,0
1396,Komal1396,komal1396@gmail.com,City,Female,3,1
1397,Amit1397,amit1397@gmail.com,Beach,Male,2,0
1398,Ankit1398,ankit1398@gmail.com,Beach,Male,1,0
1399,Ritu1399,ritu1399@gmail.com,Historical,Female,3,0
1400,Harish1400,harish1400@gmail.com,City,Male,1,0
1401,Aditya1401,aditya1401@gmail.com,City,Male,3,0
1402,Rohit1402,rohit1402@gmail.com,Adventure,Male,4,0
1403,Vikram1403,vikram1403@gmail.com,Adventure,Male,2,2
1404,Anita1404,anita1404@gmail.com,Historical,Female,1,0
1405,Neha1405,neha1405@gmail.com,Historical,Female,3,1
1406,Payal1406,payal1406@gmail.com,Nature,Female,3,1
1407,Priya1407,priya1407@gmail.com,Adventure,Female,2,0
1408,Aditya1408,aditya1408@gmail.com,Beach,Male,4,0
1409,Ravi1409,ravi1409@gmail.com,City,Male,1,1
1410,Rashmi1410,rashmi1410@gmail.com,Historical,Female,2,1
1411,Nisha1411,nisha1411@gmail.com,City,Female,3,1
1412,Sneha1412,sneha1412@gmail.com,City,Female,3,1
1413,Nikhil1413,nikhil1413@gmail.com,Nature,Male,1,2
1414,Aarti1414,aarti1414@gmail.com,Adventure,Female,3,0
1415,Nisha1415,nisha1415@gmail.com,Historical,Female,2,0
1416,Sonal1416,sonal1416@gmail.com,City,Female,2,1
1417,Kunal1417,kunal1417@gmail.com,Historical,Male,1,0
1418,Rohit1418,rohit1418@gmail.com,Beach,Male,3,2
1419,Rahul1419,rahul1419@gmail.com,Nature,Male,1,0
1420,Vikram1420,vikram1420@gmail.com,Beach,Male,2,0
1421,Ankit1421,ankit1421@gmail.com,Historical,Male,2,1
1422,Kunal1422,kunal1422@gmail.com,Historical,Male,3,0
1423,Rahul1423,rahul1423@gmail.com,Adventure,Male,2,0
1424,Rohit1424,rohit1424@gmail.com,City,Male,3,0
1425,Swati1425,swati1425@gmail.com,City,Female,2,2
1426,Rashmi1426,rashmi1426@gmail.com,Beach,Female,2,0
1427,Ravi1427,ravi1427@gmail.com,Nature,Male,2,2
1428,Pankaj1428,pankaj1428@gmail.com,City,Male,3,0
1429,Isha1429,isha1429@gmail.com,Adventure,Female,4,1
1430,Ajay1430,ajay1430@gmail.com,Beach,Male,1,1
1431,Ravi1431,ravi1431@gmail.com,Beach,Male,2,0
1432,Prakash1432,prakash1432@gmail.com,Adventure,Male,1,0
1433,Priya1433,priya1433@gmail.com,Nature,Female,2,0
1434,Payal1434,payal1434@gmail.com,Adventure,Female,2,1
1435,Kavita1435,kavita1435@gmail.com,Nature,Female,2,0
1436,Komal1436,komal1436@gmail.com,Adventure,Female,2,1
1437,Meena1437,meena1437@gmail.com,Adventure,Female,2,0
1438,Suresh1438,suresh1438@gmail.com,Historical,Male,2,0
1439,Aarti1439,aarti1439@gmail.com,Beach,Female,3,0
1440,Harish1440,harish1440@gmail.com,Adventure,Male,2,0
1441,Pankaj1441,pankaj1441@gmail.com,Adventure,Male,1,0
1442,Payal1442,payal1442@gmail.com,City,Female,3,2
1443,Aarti1443,aarti1443@gmail.com,Beach,Female,2,1
1444,Rahul1444,rahul1444@gmail.com,City,Male,2,0
1445,Manoj1445,manoj1445@gmail.com,Beach,Male,2,2
1446,Aditya1446,aditya1446@gmail.com,City,Male,2,1
1447,Isha1447,isha1447@gmail.com,Adventure,Female,1,2
1448,Pooja1448,pooja1448@gmail.com,Adventure,Female,2,0
1449,Anita1449,anita1449@gmail.com,Historical,Female,4,0
1450,Priya1450,priya1450@gmail.com,City,Female,2,0
1451,Aarti1451,aarti1451@gmail.com,Nature,Female,2,1
1452,Arjun1452,arjun1452@gmail.com,Historical,Male,2,0
1453,Ritu1453,ritu1453@gmail.com,City,Female,1,0
1454,Prakash1454,prakash1454@gmail.com,City,Male,2,0
1455,Sanjay1455,sanjay1455@gmail.com,Historical,Male,3,0
1456,Deepak1456,deepak1456@gmail.com,Adventure,Male,1,1
1457,Kavita1457,kavita1457@gmail.com,City,Female,2,0
1458,Anita1458,anita1458@gmail.com,Adventure,Female,2,0
1459,Divya1459,divya1459@gmail.com,Historical,Female,2,1
1460,Ravi1460,ravi1460@gmail.com,Adventure,Male,4,2
1461,Ankit1461,ankit1461@gmail.com,Beach,Male,1,1
1462,Vikram1462,vikram1462@gmail.com,Nature,Male,2,2
1463,Aditya1463,aditya1463@gmail.com,City,Male,1,1
1464,Vivek1464,vivek1464@gmail.com,Nature,Male,4,0
1465,Manoj1465,manoj1465@gmail.com,Adventure,Male,1,0
1466,Payal1466,payal1466@gmail.com,City,Female,2,1
1467,Rekha1467,rekha1467@gmail.com,Adventure,Female,3,1
1468,Komal1468,komal1468@gmail.com,Beach,Female,3,1
1469,Neha1469,neha1469@gmail.com,Historical,Female,2,0
1470,Aditya1470,aditya1470@gmail.com,City,Male,2,0
1471,Rahul1471,rahul1471@gmail.com,Beach,Male,2,0
1472,Meena1472,meena1472@gmail.com,Beach,Female,2,0
1473,Amit1473,amit1473@gmail.com,City,Male,1,0
1474,Rashmi1474,rashmi1474@gmail.com,Adventure,Female,2,1
1475,Neha1475,neha1475@gmail.com,Beach,Female,2,0
1476,Nisha1476,nisha1476@gmail.com,Nature,Female,2,0
1477,Harish1477,harish1477@gmail.com,Beach,Male,2,0
1478,Meena1478,meena1478@gmail.com,Adventure,Female,4,1
1479,Sonal1479,sonal1479@gmail.com,Adventure,Female,2,0
1480,Sunita1480,sunita1480@gmail.com,Nature,Female,1,0
1481,Ravi1481,ravi1481@gmail.com,Beach,Male,1,0
1482,Sanjay1482,sanjay1482@gmail.com,Adventure,Male,4,0
1483,Kavita1483,kavita1483@gmail.com,City,Female,2,2
1484,Aditya1484,aditya1484@gmail.com,Historical,Male,1,2
1485,Amit1485,amit1485@gmail.com,Historical,Male,2,0
1486,Deepak1486,deepak1486@gmail.com,Historical,Male,2,0
1487,Ankit1487,ankit1487@gmail.com,Beach,Male,2,1
1488,Kunal1488,kunal1488@gmail.com,Nature,Male,2,0
1489,Ajay1489,ajay1489@gmail.com,Adventure,Male,1,0
1490,Nikhil1490,nikhil1490@gmail.com,City,Male,4,0
1491,Rohit1491,rohit1491@gmail.com,City,Male,2,2
1492,Ravi1492,ravi1492@gmail.com,Beach,Male,2,0
1493,Suresh1493,suresh1493@gmail.com,Historical,Male,3,0
1494,Shreya1494,shreya1494@gmail.com,Beach,Female,2,1
1495,Meena1495,meena1495@gmail.com,Nature,Female,2,0
1496,Harish1496,harish1496@gmail.com,Nature,Male,2,0
1497,Sunita1497,sunita1497@gmail.com,Adventure,Female,2,2
1498,Payal1498,payal1498@gmail.com,Adventure,Female,3,0
1499,Rohit1499,rohit1499@gmail.com,Nature,Male,4,1
1500,Aditya1500,aditya1500@gmail.com,Nature,Male,1,0
1501,Sanjay1501,sanjay1501@gmail.com,Nature,Male,1,0
1502,Nisha1502,nisha1502@gmail.com,Beach,Female,4,0
1503,Shreya1503,shreya1503@gmail.com,Nature,Female,3,0
1504,Deepak1504,deepak1504@gmail.com,City,Male,3,0
1505,Ankit1505,ankit1505@gmail.com,Historical,Male,1,1
1506,Rohit1506,rohit1506@gmail.com,Nature,Male,2,0
1507,Payal1507,payal1507@gmail.com,Historical,Female,3,0
1508,Kavita1508,kavita1508@gmail.com,Beach,Female,2,0
1509,Payal1509,payal1509@gmail.com,Historical,Female,2,1
1510,Payal1510,payal1510@gmail.com,Beach,Female,1,0
1511,Arjun1511,arjun1511@gmail.com,City,Male,2,0
1512,Nikhil1512,nikhil1512@gmail.com,Beach,Male,2,0
1513,Nikhil1513,nikhil1513@gmail.com,Beach,Male,2,0
1514,Vikram1514,vikram1514@gmail.com,Adventure,Male,4,0
1515,Shreya1515,shreya1515@gmail.com,Nature,Female,2,1
1516,Kavita1516,kavita1516@gmail.com,Nature,Female,3,0
1517,Vikram1517,vikram1517@gmail.com,City,Male,1,0
1518,Prakash1518,prakash1518@gmail.com,City,Male,2,0
1519,Priya1519,priya1519@gmail.com,Nature,Female,4,1
1520,Ankit1520,ankit1520@gmail.com,Adventure,Male,1,0
1521,Isha1521,isha1521@gmail.com,Nature,Female,1,0
1522,Vikram1522,vikram1522@gmail.com,Adventure,Male,2,0
1523,Rohit1523,rohit1523@gmail.com,City,Male,1,0
1524,Ankit1524,ankit1524@gmail.com,Historical,Male,3,0
1525,Pankaj1525,pankaj1525@gmail.com,City,Male,4,0
1526,Ajay1526,ajay1526@gmail.com,City,Male,2,0
1527,Harish1527,harish1527@gmail.com,Beach,Male,2,0
1528,Harish1528,harish1528@gmail.com,Beach,Male,2,0
1529,Rashmi1529,rashmi1529@gmail.com,Beach,Female,3,0
1530,Sonal1530,sonal1530@gmail.com,Beach,Female,1,0
1531,Isha1531,isha1531@gmail.com,Adventure,Female,2,1
1532,Nisha1532,nisha1532@gmail.com,Nature,Female,2,2
1533,Nisha1533,nisha1533@gmail.com,Historical,Female,2,2
1534,Vikram1534,vikram1534@gmail.com,City,Male,1,2
1535,Ajay1535,ajay1535@gmail.com,Adventure,Male,3,1
1536,Neha1536,neha1536@gmail.com,Historical,Female,1,1
1537,Pankaj1537,pankaj1537@gmail.com,Adventure,Male,1,0
1538,Rashmi1538,rashmi1538@gmail.com,Adventure,Female,3,1
1539,Aarti1539,aarti1539@gmail.com,City,Female,3,0
1540,Prakash1540,prakash1540@gmail.com,Nature,Male,1,0
1541,Harish1541,harish1541@gmail.com,Beach,Male,1,1
1542,Rahul1542,rahul1542@gmail.com,Nature,Male,1,0
1543,Komal1543,komal1543@gmail.com,City,Female,2,0
1544,Sachin1544,sachin1544@gmail.com,City,Male,1,2
1545,Neha1545,neha1545@gmail.com,City,Female,1,0
1546,Aarti1546,aarti1546@gmail.com,Historical,Female,2,0
1547,Rashmi1547,rashmi1547@gmail.com,Nature,Female,3,2
1548,Ajay1548,ajay1548@gmail.com,Nature,Male,2,1
1549,Rahul1549,rahul1549@gmail.com,Adventure,Male,2,0
1550,Pooja1550,pooja1550@gmail.com,Adventure,Female,1,0
1551,Nikhil1551,nikhil1551@gmail.com,Adventure,Male,4,0
1552,Sanjay1552,sanjay1552@gmail.com,City,Male,3,2
1553,Rohit1553,rohit1553@gmail.com,Nature,Male,3,0
1554,Neha1554,neha1554@gmail.com,City,Female,3,0
1555,Isha1555,isha1555@gmail.com,Historical,Female,4,0
1556,Kunal1556,kunal1556@gmail.com,Adventure,Male,2,0
1557,Payal1557,payal1557@gmail.com,City,Female,1,2
1558,Aditya1558,aditya1558@gmail.com,City,Male,2,0
1559,Ajay1559,ajay1559@gmail.com,Historical,Male,3,1
1560,Harish1560,harish1560@gmail.com,Beach,Male,3,0
1561,Vivek1561,vivek1561@gmail.com,Nature,Male,2,1
1562,Pooja1562,pooja1562@gmail.com,Beach,Female,1,2
1563,Rashmi1563,rashmi1563@gmail.com,Adventure,Female,2,0
1564,Sonal1564,sonal1564@gmail.com,City,Female,4,0
1565,Arjun1565,arjun1565@gmail.com,Historical,Male,2,0
1566,Deepak1566,deepak1566@gmail.com,Historical,Male,2,1
1567,Kunal1567,kunal1567@gmail.com,Nature,Male,2,0
1568,Divya1568,divya1568@gmail.com,Beach,Female,2,2
1569,Sachin1569,sachin1569@gmail.com,Nature,Male,3,1
1570,Ritu1570,ritu1570@gmail.com,City,Female,2,2
1571,Pooja1571,pooja1571@gmail.com,Nature,Female,3,1
1572,Rashmi1572,rashmi1572@gmail.com,Historical,Female,2,0
1573,Kavita1573,kavita1573@gmail.com,Historical,Female,2,0
1574,Nisha1574,nisha1574@gmail.com,Adventure,Female,1,0
1575,Neha1575,neha1575@gmail.com,Adventure,Female,3,2
1576,Sachin1576,sachin1576@gmail.com,City,Male,2,1
1577,Ankit1577,ankit1577@gmail.com,Beach,Male,2,1
1578,Pooja1578,pooja1578@gmail.com,Nature,Female,2,0
1579,Shreya1579,shreya1579@gmail.com,City,Female,4,0
1580,Ajay1580,ajay1580@gmail.com,Adventure,Male,1,1
1581,Rashmi1581,rashmi1581@gmail.com,Nature,Female,3,0
1582,Payal1582,payal1582@gmail.com,Adventure,Female,2,0
1583,Sachin1583,sachin1583@gmail.com,Nature,Male,2,1
1584,Isha1584,isha1584@gmail.com,Beach,Female,1,0
1585,Sneha1585,sneha1585@gmail.com,City,Female,2,0
1586,Komal1586,komal1586@gmail.com,Nature,Female,2,0
1587,Nikhil1587,nikhil1587@gmail.com,Historical,Male,1,0
1588,Sanjay1588,sanjay1588@gmail.com,Historical,Male,2,2
1589,Aditya1589,aditya1589@gmail.com,Nature,Male,4,0
1590,Meena1590,meena1590@gmail.com,Nature,Female,1,0
1591,Nisha1591,nisha1591@gmail.com,Nature,Female,3,0
1592,Kunal1592,kunal1592@gmail.com,Historical,Male,2,1
1593,Pooja1593,pooja1593@gmail.com,Historical,Female,2,0
1594,Nisha1594,nisha1594@gmail.com,Nature,Female,2,0
1595,Neha1595,neha1595@gmail.com,Adventure,Female,1,0
1596,Nisha1596,nisha1596@gmail.com,Adventure,Female,1,0
1597,Kavita1597,kavita1597@gmail.com,Beach,Female,1,0
1598,Vivek1598,vivek1598@gmail.com,City,Male,1,1
1599,Sunita1599,sunita1599@gmail.com,Adventure,Female,2,2
1600,Sanjay1600,sanjay1600@gmail.com,Historical,Male,3,0
1601,Swati1601,swati1601@gmail.com,Adventure,Female,3,0
1602,Kunal1602,kunal1602@gmail.com,Beach,Male,2,2
1603,Ritu1603,ritu1603@gmail.com,Beach,Female,1,0
1604,Deepak1604,deepak1604@gmail.com,City,Male,2,1
1605,Neha1605,neha1605@gmail.com,Adventure,Female,2,0
1606,Harish1606,harish1606@gmail.com,Historical,Male,1,2
1607,Ritu1607,ritu1607@gmail.com,Historical,Female,2,1
1608,Nikhil1608,nikhil1608@gmail.com,Nature,Male,2,2
1609,Aarti1609,aarti1609@gmail.com,Historical,Female,2,1
1610,Aditya1610,aditya1610@gmail.com,City,Male,2,0
1611,Vikram1611,vikram1611@gmail.com,City,Male,3,2
1612,Isha1612,isha1612@gmail.com,Historical,Female,3,0
1613,Neha1613,neha1613@gmail.com,Historical,Female,2,0
1614,Sanjay1614,sanjay1614@gmail.com,Nature,Male,4,1
1615,Rekha1615,rekha1615@gmail.com,Historical,Female,4,1
1616,Aditya1616,aditya1616@gmail.com,Nature,Male,2,2
1617,Deepak1617,deepak1617@gmail.com,Nature,Male,2,0
1618,Vikram1618,vikram1618@gmail.com,Historical,Male,2,1
1619,Payal1619,payal1619@gmail.com,Beach,Female,4,1
1620,Rohit1620,rohit1620@gmail.com,Beach,Male,3,0
1621,Ravi1621,ravi1621@gmail.com,Nature,Male,1,0
1622,Payal1622,payal1622@gmail.com,Historical,Female,2,0
1623,Komal1623,komal1623@gmail.com,Beach,Female,2,0
1624,Anita1624,anita1624@gmail.com,Historical,Female,2,2
1625,Komal1625,komal1625@gmail.com,Historical,Female,1,1
1626,Sanjay1626,sanjay1626@gmail.com,Historical,Male,3,1
1627,Ankit1627,ankit1627@gmail.com,Adventure,Male,2,2
1628,Arjun1628,arjun1628@gmail.com,Historical,Male,3,0
1629,Deepak1629,deepak1629@gmail.com,Adventure,Male,3,1
1630,Divya1630,divya1630@gmail.com,Nature,Female,3,0
1631,Arjun1631,arjun1631@gmail.com,Beach,Male,2,2
1632,Manoj1632,manoj1632@gmail.com,Beach,Male,2,0
1633,Ritu1633,ritu1633@gmail.com,Beach,Female,1,2
1634,Vikram1634,vikram1634@gmail.com,Beach,Male,2,0
1635,Rohit1635,rohit1635@gmail.com,Beach,Male,1,0
1636,Sanjay1636,sanjay1636@gmail.com,Beach,Male,2,1
1637,Suresh1637,suresh1637@gmail.com,Beach,Male,1,0
1638,Sachin1638,sachin1638@gmail.com,Nature,Male,1,1
1639,Vivek1639,vivek1639@gmail.com,Historical,Male,1,0
1640,Payal1640,payal1640@gmail.com,City,Female,1,1
1641,Pooja1641,pooja1641@gmail.com,Adventure,Female,3,0
1642,Deepak1642,deepak1642@gmail.com,City,Male,3,0
1643,Kunal1643,kunal1643@gmail.com,City,Male,2,0
1644,Ritu1644,ritu1644@gmail.com,Historical,Female,1,0
1645,Kunal1645,kunal1645@gmail.com,Historical,Male,1,0
1646,Aditya1646,aditya1646@gmail.com,Historical,Male,1,0
1647,Vikram1647,vikram1647@gmail.com,Beach,Male,1,0
1648,Sneha1648,sneha1648@gmail.com,Nature,Female,3,0
1649,Ankit1649,ankit1649@gmail.com,Beach,Male,1,0
1650,Isha1650,isha1650@gmail.com,Nature,Female,2,2
1651,Ankit1651,ankit1651@gmail.com,Nature,Male,1,0
1652,Rashmi1652,rashmi1652@gmail.com,City,Female,1,0
1653,Pooja1653,pooja1653@gmail.com,City,Female,2,1
1654,Ravi1654,ravi1654@gmail.com,Nature,Male,2,0
1655,Komal1655,komal1655@gmail.com,Nature,Female,1,1
1656,Manoj1656,manoj1656@gmail.com,Beach,Male,1,0
1657,Rashmi1657,rashmi1657@gmail.com,Beach,Female,2,0
1658,Kunal1658,kunal1658@gmail.com,City,Male,1,0
1659,Sanjay1659,sanjay1659@gmail.com,Historical,Male,1,1
1660,Rashmi1660,rashmi1660@gmail.com,Nature,Female,4,1
1661,Manoj1661,manoj1661@gmail.com,Beach,Male,2,0
1662,Vivek1662,vivek1662@gmail.com,City,Male,2,0
1663,Shreya1663,shreya1663@gmail.com,Beach,Female,2,2
1664,Sanjay1664,sanjay1664@gmail.com,Nature,Male,2,0
1665,Pankaj1665,pankaj1665@gmail.com,Nature,Male,2,0
1666,Priya1666,priya1666@gmail.com,Adventure,Female,2,2
1667,Komal1667,komal1667@gmail.com,Historical,Female,3,1
1668,Harish1668,harish1668@gmail.com,Adventure,Male,1,0
1669,Ajay1669,ajay1669@gmail.com,City,Male,2,1
1670,Rashmi1670,rashmi1670@gmail.com,Beach,Female,2,2
1671,Aarti1671,aarti1671@gmail.com,City,Female,3,0
1672,Aditya1672,aditya1672@gmail.com,Nature,Male,2,0
1673,Payal1673,payal1673@gmail.com,Adventure,Female,2,0
1674,Sachin1674,sachin1674@gmail.com,Adventure,Male,1,2
1675,Ravi1675,ravi1675@gmail.com,Adventure,Male,2,1
1676,Ankit1676,ankit1676@gmail.com,City,Male,1,0
1677,Arjun1677,arjun1677@gmail.com,Nature,Male,2,2
1678,Kunal1678,kunal1678@gmail.com,Beach,Male,1,0
1679,Ritu1679,ritu1679@gmail.com,Beach,Female,2,0
1680,Swati1680,swati1680@gmail.com,City,Female,1,0
1681,Pooja1681,pooja1681@gmail.com,Adventure,Female,2,0
1682,Divya1682,divya1682@gmail.com,Historical,Female,3,2
1683,Nikhil1683,nikhil1683@gmail.com,City,Male,1,0
1684,Vivek1684,vivek1684@gmail.com,City,Male,2,1
1685,Suresh1685,suresh1685@gmail.com,Nature,Male,2,0
1686,Sachin1686,sachin1686@gmail.com,Beach,Male,1,0
1687,Kavita1687,kavita1687@gmail.com,City,Female,3,2
1688,Sanjay1688,sanjay1688@gmail.com,City,Male,1,0
1689,Rohit1689,rohit1689@gmail.com,Adventure,Male,2,0
1690,Sneha1690,sneha1690@gmail.com,Adventure,Female,2,0
1691,Swati1691,swati1691@gmail.com,Historical,Female,2,2
1692,Rashmi1692,rashmi1692@gmail.com,Nature,Female,2,0
1693,Payal1693,payal1693@gmail.com,Historical,Female,2,0
1694,Vikram1694,vikram1694@gmail.com,Adventure,Male,1,0
1695,Ravi1695,ravi1695@gmail.com,Beach,Male,3,0
1696,Neha1696,neha1696@gmail.com,Adventure,Female,2,1
1697,Manoj1697,manoj1697@gmail.com,Nature,Male,3,0
1698,Ajay1698,ajay1698@gmail.com,Adventure,Male,3,0
1699,Nikhil1699,nikhil1699@gmail.com,Nature,Male,3,0
1700,Anita1700,anita1700@gmail.com,Nature,Female,2,0
1701,Ravi1701,ravi1701@gmail.com,Nature,Male,2,2
1702,Pooja1702,pooja1702@gmail.com,Nature,Female,3,0
1703,Aditya1703,aditya1703@gmail.com,Nature,Male,2,2
1704,Sachin1704,sachin1704@gmail.com,Beach,Male,1,0
1705,Nikhil1705,nikhil1705@gmail.com,Historical,Male,3,0
1706,Shreya1706,shreya1706@gmail.com,City,Female,3,2
1707,Aditya1707,aditya1707@gmail.com,Historical,Male,2,0
1708,Neha1708,neha1708@gmail.com,Nature,Female,1,1
1709,Komal1709,komal1709@gmail.com,Beach,Female,2,2
1710,Shreya1710,shreya1710@gmail.com,Adventure,Female,3,0
1711,Amit1711,amit1711@gmail.com,Beach,Male,4,0
1712,Deepak1712,deepak1712@gmail.com,Nature,Male,1,1
1713,Suresh1713,suresh1713@gmail.com,Beach,Male,1,0
1714,Deepak1714,deepak1714@gmail.com,Beach,Male,3,0
1715,Ritu1715,ritu1715@gmail.com,Nature,Female,2,0
1716,Ritu1716,ritu1716@gmail.com,Beach,Female,2,0
1717,Pooja1717,pooja1717@gmail.com,City,Female,4,1
1718,Sanjay1718,sanjay1718@gmail.com,City,Male,1,0
1719,Divya1719,divya1719@gmail.com,Beach,Female,2,0
1720,Vikram1720,vikram1720@gmail.com,Adventure,Male,1,1
1721,Divya1721,divya1721@gmail.com,Nature,Female,2,0
1722,Ajay1722,ajay1722@gmail.com,City,Male,3,0
1723,Kunal1723,kunal1723@gmail.com,Adventure,Male,2,1
1724,Anita1724,anita1724@gmail.com,Beach,Female,4,0
1725,Neha1725,neha1725@gmail.com,Adventure,Female,2,1
1726,Anita1726,anita1726@gmail.com,Historical,Female,2,2
1727,Swati1727,swati1727@gmail.com,City,Female,1,0
1728,Arjun1728,arjun1728@gmail.com,Beach,Male,2,0
1729,Ritu1729,ritu1729@gmail.com,Nature,Female,2,0
1730,Rekha1730,rekha1730@gmail.com,Beach,Female,1,0
1731,Isha1731,isha1731@gmail.com,Nature,Female,2,2
1732,Sachin1732,sachin1732@gmail.com,Beach,Male,2,2
1733,Ravi1733,ravi1733@gmail.com,Adventure,Male,3,0
1734,Kavita1734,kavita1734@gmail.com,Adventure,Female,2,1
1735,Sanjay1735,sanjay1735@gmail.com,Adventure,Male,3,2
1736,Shreya1736,shreya1736@gmail.com,Historical,Female,1,2
1737,Sanjay1737,sanjay1737@gmail.com,Nature,Male,1,0
1738,Suresh1738,suresh1738@gmail.com,Adventure,Male,2,0
1739,Rahul1739,rahul1739@gmail.com,Historical,Male,2,0
1740,Manoj1740,manoj1740@gmail.com,Nature,Male,1,2
1741,Meena1741,meena1741@gmail.com,Beach,Female,3,0
1742,Isha1742,isha1742@gmail.com,Historical,Female,3,0
1743,Rashmi1743,rashmi1743@gmail.com,City,Female,2,0
1744,Rohit1744,rohit1744@gmail.com,Historical,Male,1,0
1745,Kavita1745,kavita1745@gmail.com,Historical,Female,3,0
1746,Divya1746,divya1746@gmail.com,Nature,Female,2,2
1747,Isha1747,isha1747@gmail.com,Beach,Female,3,0
1748,Vivek1748,vivek1748@gmail.com,City,Male,3,0
1749,Amit1749,amit1749@gmail.com,Adventure,Male,3,0
1750,Sachin1750,sachin1750@gmail.com,Adventure,Male,2,0
1751,Sonal1751,sonal1751@gmail.com,Historical,Female,1,0
1752,Shreya1752,shreya1752@gmail.com,Nature,Female,2,0
1753,Ritu1753,ritu1753@gmail.com,Nature,Female,2,0
1754,Sanjay1754,sanjay1754@gmail.com,Adventure,Male,3,0
1755,Ravi1755,ravi1755@gmail.com,City,Male,1,0
1756,Anita1756,anita1756@gmail.com,Beach,Female,1,0
1757,Kunal1757,kunal1757@gmail.com,City,Male,3,2
1758,Nikhil1758,nikhil1758@gmail.com,Beach,Male,3,2
1759,Manoj1759,manoj1759@gmail.com,Adventure,Male,4,0
1760,Harish1760,harish1760@gmail.com,Beach,Male,3,0
1761,Meena1761,meena1761@gmail.com,Nature,Female,2,2
1762,Ankit1762,ankit1762@gmail.com,Historical,Male,2,0
1763,Rohit1763,rohit1763@gmail.com,Historical,Male,3,1
1764,Sachin1764,sachin1764@gmail.com,Adventure,Male,2,2
1765,Nikhil1765,nikhil1765@gmail.com,Nature,Male,2,0
1766,Neha1766,neha1766@gmail.com,City,Female,1,0
1767,Payal1767,payal1767@gmail.com,Nature,Female,2,2
1768,Vivek1768,vivek1768@gmail.com,Historical,Male,3,0
1769,Sachin1769,sachin1769@gmail.com,Historical,Male,2,0
1770,Sachin1770,sachin1770@gmail.com,Nature,Male,1,0
1771,Vivek1771,vivek1771@gmail.com,Nature,Male,2,0
1772,Amit1772,amit1772@gmail.com,Historical,Male,1,1
1773,Aditya1773,aditya1773@gmail.com,City,Male,1,1
1774,Divya1774,divya1774@gmail.com,Adventure,Female,2,2
1775,Rahul1775,rahul1775@gmail.com,Adventure,Male,4,0
1776,Sunita1776,sunita1776@gmail.com,Nature,Female,2,0
1777,Komal1777,komal1777@gmail.com,Adventure,Female,1,0
1778,Prakash1778,prakash1778@gmail.com,Historical,Male,1,0
1779,Anita1779,anita1779@gmail.com,Historical,Female,2,0
1780,Komal1780,komal1780@gmail.com,Nature,Female,2,2
1781,Neha1781,neha1781@gmail.com,Nature,Female,3,2
1782,Komal1782,komal1782@gmail.com,Nature,Female,2,0
1783,Shreya1783,shreya1783@gmail.com,City,Female,3,1
1784,Kavita1784,kavita1784@gmail.com,Adventure,Female,2,0
1785,Harish1785,harish1785@gmail.com,Nature,Male,2,0
1786,Nisha1786,nisha1786@gmail.com,Beach,Female,2,1
1787,Ritu1787,ritu1787@gmail.com,Beach,Female,4,0
1788,Pooja1788,pooja1788@gmail.com,Historical,Female,2,2
1789,Nikhil1789,nikhil1789@gmail.com,Adventure,Male,2,1
1790,Rekha1790,rekha1790@gmail.com,Nature,Female,2,0
1791,Deepak1791,deepak1791@gmail.com,Beach,Male,1,1
1792,Sneha1792,sneha1792@gmail.com,Adventure,Female,2,0
1793,Ajay1793,ajay1793@gmail.com,Historical,Male,1,0
1794,Pankaj1794,pankaj1794@gmail.com,City,Male,2,0
1795,Sneha1795,sneha1795@gmail.com,Adventure,Female,2,0
1796,Ritu1796,ritu1796@gmail.com,Adventure,Female,2,1
1797,Rohit1797,rohit1797@gmail.com,City,Male,3,0
1798,Rashmi1798,rashmi1798@gmail.com,Adventure,Female,3,1
1799,Rahul1799,rahul1799@gmail.com,Historical,Male,3,0
1800,Sanjay1800,sanjay1800@gmail.com,Historical,Male,1,0
1801,Arjun1801,arjun1801@gmail.com,City,Male,1,1
1802,Rahul1802,rahul1802@gmail.com,Nature,Male,2,0
1803,Arjun1803,arjun1803@gmail.com,Beach,Male,2,0
1804,Pooja1804,pooja1804@gmail.com,Nature,Female,2,0
1805,Deepak1805,deepak1805@gmail.com,Adventure,Male,1,0
1806,Sanjay1806,sanjay1806@gmail.com,Beach,Male,2,0
1807,Payal1807,payal1807@gmail.com,City,Female,1,1
1808,Aditya1808,aditya1808@gmail.com,City,Male,3,0
1809,Rekha1809,rekha1809@gmail.com,Beach,Female,1,0
1810,Divya1810,divya1810@gmail.com,Historical,Female,2,2
1811,Swati1811,swati1811@gmail.com,Beach,Female,1,0
1812,Rahul1812,rahul1812@gmail.com,Adventure,Male,2,2
1813,Arjun1813,arjun1813@gmail.com,Historical,Male,2,0
1814,Sanjay1814,sanjay1814@gmail.com,City,Male,3,0
1815,Komal1815,komal1815@gmail.com,Beach,Female,3,2
1816,Rahul1816,rahul1816@gmail.com,Nature,Male,2,0
1817,Nisha1817,nisha1817@gmail.com,Nature,Female,4,1
1818,Prakash1818,prakash1818@gmail.com,Adventure,Male,4,0
1819,Kavita1819,kavita1819@gmail.com,Nature,Female,3,0
1820,Nikhil1820,nikhil1820@gmail.com,Beach,Male,3,0
1821,Ravi1821,ravi1821@gmail.com,Beach,Male,1,0
1822,Aditya1822,aditya1822@gmail.com,Nature,Male,2,2
1823,Rashmi1823,rashmi1823@gmail.com,Beach,Female,1,0
1824,Sunita1824,sunita1824@gmail.com,Adventure,Female,1,2
1825,Deepak1825,deepak1825@gmail.com,Historical,Male,4,2
1826,Ankit1826,ankit1826@gmail.com,Adventure,Male,2,0
1827,Divya1827,divya1827@gmail.com,Adventure,Female,3,0
1828,Divya1828,divya1828@gmail.com,Beach,Female,3,2
1829,Komal1829,komal1829@gmail.com,Historical,Female,3,2
1830,Sachin1830,sachin1830@gmail.com,Beach,Male,4,0
1831,Swati1831,swati1831@gmail.com,City,Female,1,0
1832,Rohit1832,rohit1832@gmail.com,Beach,Male,1,0
1833,Meena1833,meena1833@gmail.com,Beach,Female,2,1
1834,Rohit1834,rohit1834@gmail.com,Beach,Male,1,0
1835,Meena1835,meena1835@gmail.com,Historical,Female,1,1
1836,Isha1836,isha1836@gmail.com,Beach,Female,2,0
1837,Sneha1837,sneha1837@gmail.com,Historical,Female,3,0
1838,Rekha1838,rekha1838@gmail.com,Nature,Female,2,0
1839,Aarti1839,aarti1839@gmail.com,City,Female,2,0
1840,Deepak1840,deepak1840@gmail.com,Historical,Male,2,0
1841,Kavita1841,kavita1841@gmail.com,Nature,Female,1,0
1842,Neha1842,neha1842@gmail.com,Historical,Female,1,0
1843,Nisha1843,nisha1843@gmail.com,Historical,Female,3,0
1844,Sanjay1844,sanjay1844@gmail.com,City,Male,2,0
1845,Aarti1845,aarti1845@gmail.com,Adventure,Female,3,2
1846,Ajay1846,ajay1846@gmail.com,Adventure,Male,1,0
1847,Isha1847,isha1847@gmail.com,Historical,Female,3,0
1848,Meena1848,meena1848@gmail.com,Beach,Female,2,0
1849,Ankit1849,ankit1849@gmail.com,Nature,Male,2,2
1850,Rashmi1850,rashmi1850@gmail.com,Beach,Female,2,0
1851,Nikhil1851,nikhil1851@gmail.com,Beach,Male,3,1
1852,Ajay1852,ajay1852@gmail.com,Historical,Male,2,1
1853,Pooja1853,pooja1853@gmail.com,Historical,Female,2,1
1854,Nikhil1854,nikhil1854@gmail.com,Historical,Male,4,0
1855,Isha1855,isha1855@gmail.com,Historical,Female,3,1
1856,Meena1856,meena1856@gmail.com,Adventure,Female,2,0
1857,Prakash1857,prakash1857@gmail.com,Historical,Male,3,0
1858,Rahul1858,rahul1858@gmail.com,Adventure,Male,2,1
1859,Rohit1859,rohit1859@gmail.com,Adventure,Male,1,0
1860,Aditya1860,aditya1860@gmail.com,Historical,Male,2,1
1861,Komal1861,komal1861@gmail.com,City,Female,4,0
1862,Payal1862,payal1862@gmail.com,Nature,Female,4,1
1863,Ankit1863,ankit1863@gmail.com,Beach,Male,2,0
1864,Anita1864,anita1864@gmail.com,Adventure,Female,2,0
1865,Ritu1865,ritu1865@gmail.com,Nature,Female,1,0
1866,Isha1866,isha1866@gmail.com,City,Female,4,2
1867,Rashmi1867,rashmi1867@gmail.com,Beach,Female,4,0
1868,Rahul1868,rahul1868@gmail.com,Beach,Male,2,0
1869,Vikram1869,vikram1869@gmail.com,Adventure,Male,3,0
1870,Neha1870,neha1870@gmail.com,Historical,Female,3,1
1871,Manoj1871,manoj1871@gmail.com,City,Male,2,0
1872,Nikhil1872,nikhil1872@gmail.com,Adventure,Male,1,0
1873,Nikhil1873,nikhil1873@gmail.com,City,Male,2,0
1874,Sunita1874,sunita1874@gmail.com,Historical,Female,2,0
1875,Sonal1875,sonal1875@gmail.com,Historical,Female,2,0
1876,Pooja1876,pooja1876@gmail.com,Adventure,Female,2,0
1877,Kunal1877,kunal1877@gmail.com,Historical,Male,4,1
1878,Ritu1878,ritu1878@gmail.com,Nature,Female,1,0
1879,Rashmi1879,rashmi1879@gmail.com,Beach,Female,2,0
1880,Nikhil1880,nikhil1880@gmail.com,Adventure,Male,2,0
1881,Komal1881,komal1881@gmail.com,City,Female,2,2
1882,Rashmi1882,rashmi1882@gmail.com,Nature,Female,2,2
1883,Rohit1883,rohit1883@gmail.com,Adventure,Male,2,1
1884,Harish1884,harish1884@gmail.com,Historical,Male,1,0
1885,Vikram1885,vikram1885@gmail.com,Historical,Male,2,0
1886,Payal1886,payal1886@gmail.com,Historical,Female,2,0
1887,Komal1887,komal1887@gmail.com,Historical,Female,1,0
1888,Sunita1888,sunita1888@gmail.com,City,Female,3,0
1889,Deepak1889,deepak1889@gmail.com,Nature,Male,2,1
1890,Prakash1890,prakash1890@gmail.com,Beach,Male,2,2
1891,Shreya1891,shreya1891@gmail.com,City,Female,3,1
1892,Kavita1892,kavita1892@gmail.com,City,Female,1,0
1893,Amit1893,amit1893@gmail.com,Beach,Male,1,1
1894,Ankit1894,ankit1894@gmail.com,Beach,Male,3,0
1895,Pankaj1895,pankaj1895@gmail.com,Historical,Male,2,0
1896,Sachin1896,sachin1896@gmail.com,City,Male,2,1
1897,Sunita1897,sunita1897@gmail.com,Adventure,Female,3,0
1898,Vivek1898,vivek1898@gmail.com,Beach,Male,3,0
1899,Kavita1899,kavita1899@gmail.com,Beach,Female,4,0
1900,Swati1900,swati1900@gmail.com,Nature,Female,2,1
1901,Swati1901,swati1901@gmail.com,Adventure,Female,2,1
1902,Ajay1902,ajay1902@gmail.com,Adventure,Male,2,0
1903,Arjun1903,arjun1903@gmail.com,Beach,Male,1,1
1904,Kunal1904,kunal1904@gmail.com,Historical,Male,2,0
1905,Sanjay1905,sanjay1905@gmail.com,Nature,Male,2,0
1906,Divya1906,divya1906@gmail.com,Adventure,Female,4,1
1907,Arjun1907,arjun1907@gmail.com,Beach,Male,2,1
1908,Suresh1908,suresh1908@gmail.com,Adventure,Male,2,2
1909,Ritu1909,ritu1909@gmail.com,Nature,Female,2,0
1910,Rohit1910,rohit1910@gmail.com,Nature,Male,1,1
1911,Rashmi1911,rashmi1911@gmail.com,City,Female,1,1
1912,Sneha1912,sneha1912@gmail.com,Beach,Female,2,2
1913,Rashmi1913,rashmi1913@gmail.com,Nature,Female,1,0
1914,Neha1914,neha1914@gmail.com,City,Female,2,1
1915,Nisha1915,nisha1915@gmail.com,City,Female,3,0
1916,Komal1916,komal1916@gmail.com,Adventure,Female,3,0
1917,Neha1917,neha1917@gmail.com,Adventure,Female,2,0
1918,Rekha1918,rekha1918@gmail.com,City,Female,1,0
1919,Vivek1919,vivek1919@gmail.com,Adventure,Male,3,0
1920,Sanjay1920,sanjay1920@gmail.com,Nature,Male,3,2
1921,Sanjay1921,sanjay1921@gmail.com,Historical,Male,1,0
1922,Ankit1922,ankit1922@gmail.com,Nature,Male,3,1
1923,Sneha1923,sneha1923@gmail.com,City,Female,2,0
1924,Nikhil1924,nikhil1924@gmail.com,City,Male,3,0
1925,Payal1925,payal1925@gmail.com,Nature,Female,4,0
1926,Manoj1926,manoj1926@gmail.com,Adventure,Male,1,0
1927,Suresh1927,suresh1927@gmail.com,Adventure,Male,3,0
1928,Arjun1928,arjun1928@gmail.com,City,Male,2,0
1929,Ritu1929,ritu1929@gmail.com,Beach,Female,4,0
1930,Manoj1930,manoj1930@gmail.com,Adventure,Male,2,0
1931,Divya1931,divya1931@gmail.com,Nature,Female,3,0
1932,Anita1932,anita1932@gmail.com,Adventure,Female,1,0
1933,Nikhil1933,nikhil1933@gmail.com,Nature,Male,2,0
1934,Vivek1934,vivek1934@gmail.com,City,Male,1,2
1935,Harish1935,harish1935@gmail.com,Adventure,Male,4,2
1936,Komal1936,komal1936@gmail.com,Nature,Female,3,1
1937,Ajay1937,ajay1937@gmail.com,City,Male,3,0
1938,Rekha1938,rekha1938@gmail.com,Beach,Female,4,1
1939,Ritu1939,ritu1939@gmail.com,Nature,Female,1,1
1940,Kunal1940,kunal1940@gmail.com,Beach,Male,2,1
1941,Rohit1941,rohit1941@gmail.com,Beach,Male,1,0
1942,Neha1942,neha1942@gmail.com,Historical,Female,1,1
1943,Aarti1943,aarti1943@gmail.com,Adventure,Female,1,1
1944,Sunita1944,sunita1944@gmail.com,Nature,Female,2,0
1945,Pankaj1945,pankaj1945@gmail.com,Beach,Male,2,1
1946,Payal1946,payal1946@gmail.com,Historical,Female,1,0
1947,Ravi1947,ravi1947@gmail.com,City,Male,1,0
1948,Meena1948,meena1948@gmail.com,Nature,Female,1,0
1949,Sonal1949,sonal1949@gmail.com,Beach,Female,4,1
1950,Rohit1950,rohit1950@gmail.com,Adventure,Male,3,0
1951,Ritu1951,ritu1951@gmail.com,Historical,Female,4,0
1952,Deepak1952,deepak1952@gmail.com,Beach,Male,2,0
1953,Rohit1953,rohit1953@gmail.com,Adventure,Male,2,0
1954,Rashmi1954,rashmi1954@gmail.com,Beach,Female,3,0
1955,Ajay1955,ajay1955@gmail.com,Nature,Male,2,1
1956,Sachin1956,sachin1956@gmail.com,Nature,Male,2,1
1957,Komal1957,komal1957@gmail.com,Nature,Female,1,0
1958,Vikram1958,vikram1958@gmail.com,Historical,Male,1,0
1959,Vivek1959,vivek1959@gmail.com,Nature,Male,2,0
1960,Harish1960,harish1960@gmail.com,Adventure,Male,2,2
1961,Sneha1961,sneha1961@gmail.com,Beach,Female,2,0
1962,Vikram1962,vikram1962@gmail.com,City,Male,1,0
1963,Meena1963,meena1963@gmail.com,Adventure,Female,1,0
1964,Payal1964,payal1964@gmail.com,Adventure,Female,3,1
1965,Rahul1965,rahul1965@gmail.com,Nature,Male,1,2
1966,Suresh1966,suresh1966@gmail.com,Historical,Male,2,1
1967,Sachin1967,sachin1967@gmail.com,Beach,Male,3,1
1968,Ritu1968,ritu1968@gmail.com,Historical,Female,1,0
1969,Sanjay1969,sanjay1969@gmail.com,Beach,Male,1,0
1970,Ankit1970,ankit1970@gmail.com,Beach,Male,2,0
1971,Ankit1971,ankit1971@gmail.com,Historical,Male,2,0
1972,Deepak1972,deepak1972@gmail.com,Adventure,Male,2,0
1973,Manoj1973,manoj1973@gmail.com,Beach,Male,3,0
1974,Komal1974,komal1974@gmail.com,Historical,Female,1,0
1975,Payal1975,payal1975@gmail.com,Beach,Female,2,2
1976,Sanjay1976,sanjay1976@gmail.com,City,Male,2,1
1977,Rohit1977,rohit1977@gmail.com,Adventure,Male,1,1
1978,Prakash1978,prakash1978@gmail.com,Nature,Male,2,1
1979,Arjun1979,arjun1979@gmail.com,Beach,Male,2,0
1980,Rekha1980,rekha1980@gmail.com,City,Female,2,1
1981,Prakash1981,prakash1981@gmail.com,Nature,Male,1,0
1982,Ritu1982,ritu1982@gmail.com,Nature,Female,2,1
1983,Aarti1983,aarti1983@gmail.com,Beach,Female,2,0
1984,Kunal1984,kunal1984@gmail.com,Historical,Male,3,2
1985,Rekha1985,rekha1985@gmail.com,Beach,Female,1,0
1986,Neha1986,neha1986@gmail.com,City,Female,2,0
1987,Payal1987,payal1987@gmail.com,Nature,Female,2,2
1988,Sneha1988,sneha1988@gmail.com,Beach,Female,3,0
1989,Harish1989,harish1989@gmail.com,Historical,Male,2,1
1990,Harish1990,harish1990@gmail.com,Beach,Male,2,1
1991,Ritu1991,ritu1991@gmail.com,Adventure,Female,3,1
1992,Ankit1992,ankit1992@gmail.com,Historical,Male,3,2
1993,Kunal1993,kunal1993@gmail.com,City,Male,2,2
1994,Kunal1994,kunal1994@gmail.com,Nature,Male,2,0
1995,Deepak1995,deepak1995@gmail.com,Beach,Male,3,1
1996,Harish1996,harish1996@gmail.com,Historical,Male,4,1
1997,Pooja1997,pooja1997@gmail.com,Adventure,Female,3,1
1998,Amit1998,amit1998@gmail.com,Historical,Male,2,0
1999,Rohit1999,rohit1999@gmail.com,Adventure,Male,1,1
2000,Rahul2000,rahul2000@gmail.com,City,Male,2,2
