HistoryID,UserID,DestinationID,VisitDate,ExperienceRating
1,2000,1,21/2/2024,4
2,660,1,15/1/2024,4
3,463,1,12/3/2024,5
4,541,2,1/3/2024,4
5,1457,2,21/1/2024,5
6,723,2,23/3/2024,4
7,1712,3,27/3/2024,5
8,1351,3,15/3/2024,3
9,1424,3,15/3/2024,5
10,154,4,28/3/2024,3
11,124,4,24/1/2024,5
12,27,4,3/1/2024,5
13,959,5,22/1/2024,3
14,385,5,22/2/2024,5
15,215,5,2/1/2024,5
16,428,6,28/3/2024,4
17,1560,6,30/1/2024,3
18,1053,6,7/2/2024,3
19,1558,7,2/1/2024,4
20,1452,7,4/3/2024,4
21,1343,7,29/2/2024,3
22,1737,8,21/1/2024,3
23,217,8,2/2/2024,3
24,449,8,16/3/2024,4
25,790,9,27/2/2024,4
26,1778,9,22/1/2024,5
27,1052,9,29/3/2024,4
28,1598,10,18/2/2024,5
29,385,10,31/3/2024,5
30,570,10,28/2/2024,4
31,337,11,11/2/2024,4
32,1949,11,29/2/2024,4
33,1328,11,20/3/2024,4
34,302,12,15/1/2024,3
35,1795,12,2/3/2024,4
36,1526,12,2/3/2024,5
37,493,13,16/2/2024,5
38,1832,13,2/3/2024,3
39,384,13,20/2/2024,3
40,59,14,24/2/2024,4
41,1356,14,4/3/2024,3
42,928,14,3/1/2024,4
43,544,15,20/2/2024,4
44,1899,15,7/1/2024,3
45,173,15,21/1/2024,3
46,884,16,13/3/2024,5
47,309,16,8/2/2024,3
48,1029,16,18/1/2024,3
49,1041,17,4/1/2024,3
50,109,17,29/3/2024,5
51,559,17,29/2/2024,4
52,201,18,14/1/2024,5
53,1329,18,9/1/2024,3
54,1500,18,30/3/2024,3
55,398,19,22/2/2024,3
56,388,19,2/1/2024,4
57,362,19,24/3/2024,5
58,566,20,29/2/2024,5
59,1245,20,11/3/2024,4
60,1063,20,13/2/2024,5
61,224,21,8/1/2024,4
62,1324,21,16/2/2024,4
63,1964,21,4/2/2024,5
64,450,22,18/3/2024,5
65,109,22,21/3/2024,4
66,1179,22,5/2/2024,5
67,489,23,19/2/2024,4
68,1090,23,4/1/2024,5
69,565,23,2/1/2024,5
70,1808,24,6/1/2024,5
71,1433,24,23/2/2024,5
72,803,24,4/1/2024,5
73,208,25,23/2/2024,3
74,1504,25,3/3/2024,3
75,1015,25,18/1/2024,5
76,351,26,30/3/2024,5
77,712,26,13/2/2024,5
78,1446,26,3/2/2024,4
79,590,27,14/3/2024,3
80,194,27,2/3/2024,4
81,1031,27,14/1/2024,3
82,977,28,17/2/2024,3
83,1747,28,15/1/2024,5
84,349,28,12/3/2024,5
85,1396,29,18/3/2024,4
86,342,29,27/3/2024,4
87,681,29,2/3/2024,5
88,291,30,9/2/2024,5
89,1365,30,25/3/2024,3
90,877,30,20/3/2024,3
91,43,31,22/3/2024,5
92,1996,31,22/2/2024,3
93,1805,31,24/1/2024,4
94,350,32,26/1/2024,3
95,1217,32,29/3/2024,5
96,1986,32,29/2/2024,3
97,1195,33,10/2/2024,5
98,1001,33,29/1/2024,3
99,968,33,15/1/2024,4
100,93,34,14/2/2024,4
101,1162,34,5/3/2024,5
102,1711,34,29/3/2024,5
103,1076,35,11/3/2024,5
104,343,35,9/1/2024,3
105,1588,35,28/3/2024,3
106,205,36,1/1/2024,3
107,1647,36,8/1/2024,4
108,927,36,28/3/2024,5
109,1505,37,3/3/2024,3
110,1118,37,11/1/2024,4
111,1359,37,21/3/2024,5
112,520,38,8/1/2024,4
113,940,38,4/2/2024,5
114,1696,38,4/2/2024,3
115,617,39,2/2/2024,4
116,1826,39,5/1/2024,4
117,1587,39,10/2/2024,4
118,992,40,28/1/2024,5
119,553,40,7/1/2024,5
120,1492,40,13/3/2024,4
121,303,41,12/3/2024,5
122,1754,41,12/1/2024,4
123,1351,41,3/2/2024,3
124,732,42,2/2/2024,4
125,64,42,17/2/2024,4
126,1183,42,23/1/2024,5
127,737,43,2/3/2024,5
128,1525,43,28/3/2024,5
129,397,43,6/2/2024,3
130,1309,44,13/2/2024,3
131,1978,44,26/3/2024,3
132,1797,44,31/3/2024,5
133,1842,45,4/2/2024,4
134,1963,45,5/3/2024,4
135,359,45,16/2/2024,4
136,1865,46,18/3/2024,5
137,1819,46,3/1/2024,5
138,801,46,1/1/2024,3
139,855,47,5/1/2024,5
140,634,47,30/3/2024,4
141,85,47,14/1/2024,3
142,1066,48,27/1/2024,3
143,1709,48,9/1/2024,5
144,252,48,19/3/2024,3
145,1629,49,15/1/2024,3
146,1161,49,30/3/2024,5
147,591,49,11/2/2024,3
148,1986,50,17/3/2024,4
149,1022,50,20/2/2024,5
150,956,50,3/3/2024,4
151,1072,51,21/2/2024,4
152,1278,51,4/1/2024,4
153,1361,51,23/1/2024,4
154,622,52,15/1/2024,3
155,591,52,12/2/2024,3
156,1638,52,29/1/2024,5
157,32,53,5/2/2024,5
158,84,53,13/1/2024,4
159,580,53,1/2/2024,4
160,253,54,11/3/2024,5
161,1001,54,28/2/2024,5
162,11,54,26/3/2024,5
163,722,55,28/1/2024,5
164,103,55,6/3/2024,4
165,283,55,11/2/2024,5
166,1800,56,14/2/2024,3
167,1609,56,2/3/2024,4
168,1363,56,26/2/2024,3
169,318,57,6/1/2024,5
170,1461,57,28/1/2024,3
171,293,57,28/1/2024,5
172,885,58,13/2/2024,3
173,1881,58,24/3/2024,4
174,596,58,30/1/2024,3
175,66,59,2/3/2024,4
176,1911,59,15/3/2024,3
177,510,59,29/3/2024,3
178,866,60,2/3/2024,4
179,1981,60,1/1/2024,4
180,1829,60,27/1/2024,5
181,1885,61,2/3/2024,4
182,1223,61,17/3/2024,4
183,355,61,3/1/2024,5
184,893,62,10/3/2024,4
185,1648,62,12/3/2024,4
186,286,62,27/1/2024,3
187,513,63,9/1/2024,5
188,853,63,2/3/2024,5
189,409,63,6/2/2024,3
190,625,64,20/2/2024,5
191,609,64,13/2/2024,3
192,1899,64,24/1/2024,4
193,1118,65,19/3/2024,5
194,770,65,28/2/2024,4
195,197,65,1/2/2024,5
196,1079,66,28/3/2024,4
197,1422,66,21/2/2024,5
198,1032,66,2/3/2024,5
199,960,67,27/2/2024,4
200,876,67,21/2/2024,3
201,862,67,12/1/2024,5
202,945,68,8/2/2024,3
203,1869,68,2/1/2024,3
204,55,68,3/1/2024,3
205,182,69,25/2/2024,3
206,1260,69,21/3/2024,3
207,1612,69,28/2/2024,3
208,1189,70,2/1/2024,5
209,765,70,2/1/2024,3
210,1272,70,23/2/2024,5
211,1844,71,27/3/2024,5
212,1798,71,1/1/2024,5
213,110,71,19/1/2024,4
214,258,72,2/1/2024,3
215,1373,72,22/2/2024,4
216,948,72,13/2/2024,3
217,943,73,30/3/2024,4
218,174,73,1/2/2024,5
219,554,73,10/3/2024,4
220,683,74,1/2/2024,5
221,200,74,8/3/2024,4
222,1159,74,24/2/2024,3
223,1415,75,15/3/2024,3
224,1771,75,25/2/2024,4
225,249,75,17/1/2024,4
226,1382,76,7/2/2024,3
227,1515,76,24/1/2024,4
228,1437,76,9/3/2024,4
229,1058,77,10/3/2024,3
230,1152,77,26/3/2024,5
231,280,77,11/1/2024,3
232,1834,78,16/1/2024,3
233,617,78,13/3/2024,4
234,1473,78,28/2/2024,3
235,1650,79,10/3/2024,3
236,1278,79,20/3/2024,4
237,235,79,3/1/2024,4
238,1,80,20/1/2024,5
239,1237,80,28/2/2024,3
240,1065,80,5/2/2024,5
241,507,81,19/1/2024,5
242,213,81,30/3/2024,5
243,51,81,7/3/2024,5
244,909,82,19/1/2024,3
245,114,82,20/1/2024,3
246,615,82,11/3/2024,3
247,991,83,21/2/2024,5
248,1680,83,2/2/2024,4
249,1724,83,9/2/2024,3
250,534,84,8/2/2024,5
251,1396,84,22/3/2024,5
252,1760,84,1/1/2024,5
253,253,85,11/1/2024,5
254,300,85,26/2/2024,5
255,379,85,29/3/2024,5
256,1677,86,19/2/2024,3
257,350,86,23/1/2024,4
258,1519,86,31/1/2024,3
259,411,87,11/2/2024,3
260,984,87,7/1/2024,5
261,593,87,16/1/2024,3
262,1965,88,30/3/2024,4
263,1010,88,29/2/2024,4
264,1368,88,2/1/2024,5
265,802,89,1/1/2024,4
266,1429,89,17/2/2024,5
267,951,89,12/1/2024,4
268,1667,90,9/3/2024,4
269,304,90,6/2/2024,3
270,581,90,1/2/2024,4
271,247,91,9/1/2024,5
272,798,91,19/1/2024,4
273,1189,91,17/2/2024,4
274,70,92,20/3/2024,3
275,911,92,3/1/2024,5
276,1860,92,20/1/2024,5
277,1972,93,24/1/2024,5
278,959,93,23/2/2024,3
279,568,93,2/2/2024,4
280,325,94,24/1/2024,5
281,1026,94,15/3/2024,4
282,432,94,12/3/2024,4
283,1849,95,5/2/2024,4
284,800,95,7/2/2024,3
285,129,95,24/3/2024,4
286,1344,96,29/3/2024,3
287,721,96,25/1/2024,3
288,695,96,18/1/2024,3
289,1465,97,22/3/2024,5
290,571,97,6/3/2024,3
291,1892,97,23/2/2024,5
292,140,98,4/2/2024,3
293,772,98,20/3/2024,3
294,1241,98,1/3/2024,3
295,1180,99,10/2/2024,3
296,1589,99,2/2/2024,4
297,531,99,8/3/2024,4
298,1430,100,2/2/2024,3
299,1206,100,14/1/2024,4
300,713,100,21/1/2024,5
301,1265,101,17/2/2024,4
302,139,101,20/1/2024,4
303,61,101,8/1/2024,4
304,475,102,7/1/2024,3
305,1363,102,7/3/2024,5
306,1023,102,17/1/2024,3
307,663,103,2/2/2024,5
308,1581,103,17/2/2024,3
309,216,103,16/3/2024,4
310,1492,104,28/2/2024,5
311,1548,104,26/3/2024,4
312,1890,104,22/1/2024,5
313,127,105,30/1/2024,5
314,513,105,7/2/2024,3
315,77,105,20/2/2024,3
316,905,106,23/2/2024,4
317,1243,106,8/1/2024,4
318,1892,106,27/1/2024,5
319,658,107,27/1/2024,5
320,1431,107,21/1/2024,3
321,774,107,30/1/2024,3
322,1306,108,28/1/2024,3
323,1140,108,4/3/2024,3
324,401,108,9/3/2024,3
325,1006,109,1/3/2024,5
326,1391,109,17/2/2024,5
327,462,109,19/1/2024,4
328,1520,110,4/1/2024,5
329,889,110,4/2/2024,3
330,1657,110,4/3/2024,5
331,177,111,18/2/2024,5
332,50,111,17/1/2024,5
333,417,111,13/2/2024,4
334,1659,112,30/1/2024,4
335,1830,112,15/2/2024,5
336,737,112,6/1/2024,5
337,1164,113,6/2/2024,3
338,1771,113,24/1/2024,4
339,698,113,15/2/2024,3
340,1398,114,22/2/2024,3
341,1017,114,29/2/2024,5
342,1705,114,3/3/2024,5
343,1169,115,25/3/2024,5
344,1026,115,1/2/2024,3
345,731,115,27/3/2024,3
346,1843,116,2/2/2024,3
347,1748,116,7/3/2024,5
348,1642,116,18/1/2024,5
349,899,117,25/1/2024,5
350,1281,117,23/2/2024,3
351,1790,117,27/2/2024,3
352,1166,118,7/3/2024,4
353,261,118,15/2/2024,5
354,611,118,24/1/2024,3
355,242,119,1/2/2024,4
356,473,119,16/2/2024,3
357,1232,119,26/3/2024,3
358,678,120,23/1/2024,5
359,459,120,6/3/2024,4
360,1889,120,27/1/2024,3
361,800,121,2/1/2024,4
362,140,121,30/3/2024,4
363,1983,121,17/1/2024,5
364,154,122,2/2/2024,4
365,1179,122,9/1/2024,5
366,1748,122,12/2/2024,5
367,1909,123,17/2/2024,5
368,1025,123,8/2/2024,4
369,818,123,11/2/2024,3
370,117,124,26/1/2024,5
371,1429,124,19/2/2024,3
372,1194,124,25/1/2024,4
373,1919,125,24/1/2024,3
374,1338,125,13/1/2024,3
375,67,125,29/2/2024,5
376,864,126,7/1/2024,5
377,411,126,26/2/2024,5
378,1819,126,5/2/2024,4
379,286,127,14/2/2024,3
380,1121,127,20/1/2024,4
381,1893,127,5/3/2024,4
382,483,128,8/1/2024,4
383,150,128,16/1/2024,4
384,1853,128,14/1/2024,5
385,1440,129,16/3/2024,3
386,709,129,27/3/2024,5
387,1946,129,15/1/2024,5
388,1226,130,6/3/2024,4
389,1904,130,1/2/2024,5
390,1818,130,27/3/2024,3
391,981,131,3/3/2024,4
392,555,131,26/3/2024,5
393,214,131,20/2/2024,4
394,1018,132,25/1/2024,3
395,462,132,27/2/2024,4
396,884,132,3/3/2024,5
397,622,133,2/3/2024,5
398,44,133,22/1/2024,3
399,54,133,27/2/2024,3
400,1095,134,27/2/2024,4
401,1762,134,26/3/2024,5
402,1397,134,18/2/2024,3
403,1132,135,21/2/2024,3
404,107,135,11/2/2024,5
405,1569,135,10/3/2024,3
406,1425,136,15/1/2024,3
407,881,136,23/2/2024,5
408,1126,136,29/2/2024,3
409,237,137,8/1/2024,5
410,242,137,22/2/2024,5
411,1851,137,29/2/2024,4
412,721,138,5/1/2024,5
413,703,138,8/3/2024,3
414,1881,138,6/1/2024,4
415,488,139,16/2/2024,4
416,189,139,24/2/2024,3
417,21,139,9/2/2024,4
418,846,140,21/2/2024,3
419,1164,140,16/1/2024,4
420,1643,140,13/1/2024,3
421,1789,141,30/1/2024,5
422,1665,141,19/1/2024,5
423,157,141,17/1/2024,4
424,260,142,3/3/2024,4
425,370,142,19/1/2024,5
426,90,142,27/2/2024,3
427,717,143,24/2/2024,4
428,1342,143,30/3/2024,5
429,599,143,30/3/2024,4
430,1242,144,2/3/2024,5
431,981,144,23/1/2024,5
432,1345,144,9/1/2024,5
433,157,145,12/1/2024,3
434,1922,145,1/1/2024,4
435,422,145,27/2/2024,3
436,1445,146,1/1/2024,3
437,1839,146,3/2/2024,5
438,909,146,17/2/2024,3
439,1929,147,29/3/2024,4
440,1598,147,1/1/2024,4
441,600,147,16/1/2024,5
442,1079,148,1/3/2024,5
443,654,148,4/3/2024,4
444,1032,148,3/3/2024,4
445,111,149,9/3/2024,5
446,1845,149,22/1/2024,3
447,1445,149,7/3/2024,4
448,996,150,16/3/2024,5
449,161,150,26/1/2024,5
450,1868,150,16/1/2024,4
451,1724,151,20/2/2024,5
452,473,151,26/3/2024,4
453,1520,151,26/2/2024,5
454,432,152,29/1/2024,5
455,763,152,18/3/2024,3
456,74,152,9/3/2024,5
457,1431,153,16/2/2024,4
458,1332,153,2/3/2024,4
459,1952,153,9/3/2024,3
460,44,154,16/3/2024,4
461,1713,154,16/1/2024,5
462,554,154,30/3/2024,3
463,1205,155,30/3/2024,4
464,616,155,17/2/2024,5
465,123,155,25/3/2024,3
466,1751,156,8/2/2024,5
467,787,156,2/2/2024,4
468,39,156,23/1/2024,4
469,788,157,10/1/2024,4
470,91,157,9/3/2024,4
471,422,157,3/2/2024,3
472,378,158,21/2/2024,4
473,1091,158,10/1/2024,3
474,1353,158,19/1/2024,3
475,65,159,27/2/2024,5
476,1563,159,1/1/2024,4
477,1920,159,9/3/2024,5
478,1864,160,4/1/2024,5
479,1546,160,16/1/2024,5
480,1890,160,24/1/2024,5
481,1660,161,20/3/2024,5
482,444,161,2/1/2024,4
483,699,161,1/2/2024,5
484,889,162,31/3/2024,3
485,1603,162,24/3/2024,3
486,1654,162,24/1/2024,4
487,1134,163,12/1/2024,3
488,1951,163,19/2/2024,5
489,1759,163,4/2/2024,3
490,950,164,2/2/2024,5
491,1173,164,2/2/2024,4
492,1575,164,1/3/2024,3
493,533,165,20/2/2024,3
494,1967,165,12/2/2024,3
495,958,165,12/1/2024,4
496,271,166,7/3/2024,4
497,575,166,5/3/2024,3
498,176,166,2/2/2024,4
499,1580,167,9/2/2024,5
500,606,167,14/3/2024,4
501,1170,167,12/2/2024,3
502,80,168,13/2/2024,5
503,562,168,29/1/2024,3
504,551,168,13/1/2024,3
505,1603,169,12/1/2024,3
506,26,169,15/2/2024,4
507,629,169,2/1/2024,3
508,1354,170,4/2/2024,5
509,1713,170,27/3/2024,5
510,1736,170,21/3/2024,5
511,909,171,30/3/2024,3
512,36,171,8/1/2024,5
513,19,171,26/1/2024,5
514,76,172,14/3/2024,5
515,984,172,30/3/2024,5
516,447,172,3/2/2024,4
517,120,173,7/1/2024,3
518,1923,173,8/3/2024,3
519,567,173,27/2/2024,5
520,1130,174,15/3/2024,3
521,1953,174,29/1/2024,5
522,903,174,5/2/2024,5
523,529,175,29/3/2024,5
524,532,175,21/1/2024,3
525,261,175,5/2/2024,4
526,1291,176,10/1/2024,3
527,301,176,13/3/2024,3
528,1344,176,24/1/2024,4
529,477,177,4/3/2024,3
530,1341,177,18/2/2024,4
531,378,177,5/2/2024,5
532,1763,178,22/3/2024,4
533,1188,178,24/1/2024,5
534,86,178,23/1/2024,4
535,1470,179,2/3/2024,5
536,125,179,6/2/2024,3
537,1998,179,12/1/2024,4
538,34,180,24/2/2024,3
539,1107,180,13/1/2024,5
540,1230,180,23/1/2024,4
541,717,181,29/3/2024,4
542,159,181,30/1/2024,4
543,909,181,17/1/2024,3
544,1047,182,2/3/2024,5
545,486,182,24/3/2024,3
546,668,182,29/3/2024,4
547,761,183,26/3/2024,5
548,147,183,13/1/2024,5
549,1794,183,28/2/2024,3
550,294,184,19/1/2024,3
551,669,184,18/2/2024,4
552,1615,184,12/1/2024,4
553,687,185,1/3/2024,4
554,1838,185,19/1/2024,4
555,964,185,16/3/2024,5
556,1274,186,9/1/2024,4
557,329,186,11/3/2024,4
558,92,186,28/1/2024,4
559,1906,187,18/3/2024,3
560,1868,187,21/2/2024,3
561,53,187,23/3/2024,3
562,1248,188,16/1/2024,4
563,1655,188,9/3/2024,5
564,1047,188,12/1/2024,4
565,1605,189,25/1/2024,3
566,1460,189,21/2/2024,3
567,1925,189,25/3/2024,4
568,776,190,22/2/2024,5
569,67,190,23/1/2024,5
570,781,190,16/1/2024,5
571,1957,191,26/2/2024,3
572,1964,191,8/2/2024,3
573,1158,191,22/2/2024,5
574,1177,192,11/2/2024,4
575,1504,192,27/2/2024,5
576,1104,192,8/2/2024,4
577,1736,193,14/1/2024,3
578,1635,193,5/1/2024,3
579,1244,193,4/2/2024,3
580,1351,194,27/3/2024,5
581,1066,194,15/3/2024,5
582,650,194,18/1/2024,3
583,400,195,16/3/2024,3
584,601,195,9/1/2024,3
585,674,195,14/3/2024,5
586,1637,196,27/2/2024,5
587,473,196,17/1/2024,3
588,645,196,7/1/2024,5
589,1420,197,15/2/2024,5
590,912,197,13/1/2024,5
591,742,197,9/2/2024,5
592,721,198,11/2/2024,3
593,1036,198,9/1/2024,3
594,1874,198,19/2/2024,5
595,1339,199,27/1/2024,3
596,1240,199,6/3/2024,3
597,920,199,5/1/2024,3
598,471,200,29/1/2024,4
599,1696,200,6/2/2024,3
600,1896,200,7/2/2024,3
601,502,201,23/3/2024,5
602,1381,201,8/1/2024,5
603,1364,201,5/3/2024,4
604,1241,202,26/3/2024,4
605,1630,202,17/1/2024,3
606,700,202,11/3/2024,3
607,242,203,29/3/2024,5
608,837,203,14/2/2024,3
609,1035,203,4/1/2024,3
610,1180,204,5/2/2024,3
611,1296,204,10/3/2024,3
612,1843,204,31/1/2024,3
613,1795,205,19/1/2024,3
614,32,205,1/3/2024,3
615,248,205,23/2/2024,3
616,540,206,8/2/2024,5
617,1457,206,31/3/2024,4
618,1522,206,14/3/2024,3
619,259,207,30/3/2024,5
620,1708,207,19/1/2024,3
621,50,207,8/2/2024,3
622,150,208,7/3/2024,4
623,1055,208,14/2/2024,5
624,1882,208,13/1/2024,3
625,1852,209,27/2/2024,4
626,726,209,20/1/2024,4
627,824,209,12/3/2024,3
628,495,210,1/3/2024,3
629,244,210,8/2/2024,5
630,1838,210,1/1/2024,5
631,1212,211,3/1/2024,3
632,1263,211,17/3/2024,3
633,1480,211,2/3/2024,4
634,152,212,3/3/2024,5
635,1946,212,25/1/2024,3
636,1866,212,25/2/2024,3
637,1292,213,2/2/2024,5
638,1517,213,7/2/2024,3
639,593,213,6/1/2024,4
640,1434,214,27/2/2024,4
641,1503,214,13/2/2024,3
642,1483,214,14/2/2024,5
643,1877,215,1/2/2024,4
644,172,215,14/2/2024,5
645,1835,215,1/3/2024,5
646,1216,216,16/2/2024,5
647,758,216,21/1/2024,4
648,777,216,20/3/2024,4
649,899,217,25/3/2024,3
650,1042,217,15/3/2024,5
651,573,217,5/2/2024,4
652,476,218,19/1/2024,4
653,1011,218,20/1/2024,3
654,99,218,26/2/2024,4
655,1061,219,18/1/2024,4
656,1188,219,16/2/2024,4
657,1729,219,18/2/2024,3
658,585,220,14/1/2024,3
659,787,220,15/1/2024,5
660,1551,220,31/1/2024,4
661,1953,221,1/1/2024,3
662,86,221,23/2/2024,3
663,882,221,3/1/2024,3
664,570,222,16/1/2024,5
665,1802,222,27/3/2024,5
666,644,222,26/2/2024,5
667,712,223,15/3/2024,5
668,340,223,12/1/2024,5
669,590,223,14/3/2024,4
670,997,224,16/1/2024,4
671,459,224,12/3/2024,3
672,591,224,16/3/2024,5
673,1242,225,24/1/2024,5
674,1894,225,28/1/2024,3
675,1365,225,8/1/2024,4
676,289,226,5/2/2024,5
677,424,226,30/3/2024,5
678,1718,226,8/1/2024,5
679,1546,227,27/2/2024,4
680,57,227,29/2/2024,4
681,1849,227,19/2/2024,5
682,1966,228,28/1/2024,5
683,1102,228,10/2/2024,3
684,14,228,4/3/2024,3
685,1705,229,27/1/2024,4
686,757,229,3/3/2024,3
687,578,229,17/1/2024,5
688,874,230,13/3/2024,4
689,1067,230,2/2/2024,3
690,1702,230,24/3/2024,4
691,605,231,17/3/2024,5
692,1467,231,29/1/2024,3
693,911,231,13/1/2024,3
694,1011,232,15/2/2024,3
695,178,232,4/2/2024,5
696,571,232,6/1/2024,4
697,1984,233,22/3/2024,3
698,1646,233,9/3/2024,4
699,1525,233,16/2/2024,4
700,1490,234,25/1/2024,4
701,670,234,6/3/2024,5
702,1039,234,10/1/2024,5
703,566,235,25/2/2024,3
704,1292,235,30/1/2024,3
705,1377,235,5/1/2024,4
706,1448,236,2/2/2024,4
707,1828,236,5/3/2024,4
708,888,236,18/1/2024,5
709,1910,237,18/2/2024,5
710,651,237,11/1/2024,3
711,1724,237,25/3/2024,4
712,1354,238,26/1/2024,4
713,1944,238,3/3/2024,5
714,504,238,29/3/2024,3
715,1201,239,26/3/2024,4
716,1787,239,28/2/2024,4
717,1380,239,27/1/2024,3
718,544,240,18/2/2024,4
719,311,240,17/3/2024,5
720,1667,240,2/2/2024,3
721,1503,241,1/1/2024,4
722,579,241,21/1/2024,4
723,407,241,24/2/2024,5
724,1948,242,6/1/2024,5
725,1756,242,21/3/2024,5
726,7,242,9/3/2024,4
727,138,243,5/1/2024,4
728,1143,243,3/1/2024,4
729,428,243,22/2/2024,3
730,80,244,23/1/2024,5
731,1409,244,22/2/2024,3
732,1257,244,6/2/2024,5
733,1293,245,14/3/2024,4
734,481,245,14/3/2024,3
735,992,245,23/3/2024,3
736,1346,246,17/1/2024,5
737,1798,246,25/3/2024,3
738,1722,246,18/3/2024,3
739,1793,247,13/3/2024,4
740,1369,247,1/1/2024,5
741,1004,247,20/2/2024,3
742,1225,248,14/2/2024,4
743,1113,248,17/3/2024,3
744,606,248,4/1/2024,4
745,449,249,2/3/2024,3
746,1973,249,5/3/2024,4
747,860,249,1/2/2024,4
748,667,250,3/2/2024,5
749,1357,250,12/3/2024,4
750,238,250,8/2/2024,3
751,952,251,26/1/2024,4
752,1353,251,3/2/2024,4
753,712,251,23/2/2024,3
754,1444,252,3/1/2024,3
755,1585,252,19/2/2024,4
756,1721,252,12/1/2024,3
757,1231,253,5/3/2024,4
758,1408,253,23/2/2024,4
759,60,253,5/1/2024,4
760,549,254,26/2/2024,3
761,441,254,17/1/2024,5
762,125,254,16/2/2024,5
763,1581,255,23/1/2024,4
764,536,255,19/3/2024,4
765,843,255,25/3/2024,3
766,1657,256,14/1/2024,5
767,871,256,6/3/2024,5
768,534,256,15/3/2024,5
769,550,257,20/2/2024,3
770,1492,257,7/2/2024,3
771,696,257,4/3/2024,3
772,632,258,7/2/2024,4
773,840,258,19/2/2024,3
774,1173,258,22/3/2024,4
775,1098,259,30/1/2024,4
776,1597,259,19/3/2024,4
777,1942,259,31/3/2024,4
778,1251,260,20/2/2024,3
779,265,260,3/3/2024,3
780,1106,260,21/2/2024,5
781,1947,261,7/2/2024,5
782,1644,261,28/3/2024,4
783,185,261,19/3/2024,5
784,1869,262,30/1/2024,5
785,1571,262,20/2/2024,5
786,130,262,21/3/2024,4
787,1063,263,5/1/2024,5
788,742,263,29/1/2024,3
789,407,263,4/1/2024,4
790,1717,264,10/1/2024,3
791,811,264,25/2/2024,4
792,595,264,17/1/2024,3
793,1866,265,14/3/2024,5
794,679,265,17/1/2024,4
795,442,265,24/3/2024,3
796,1502,266,28/3/2024,4
797,1926,266,9/3/2024,3
798,74,266,3/2/2024,5
799,1547,267,6/1/2024,4
800,210,267,22/2/2024,4
801,815,267,6/3/2024,3
802,87,268,17/3/2024,3
803,580,268,12/2/2024,5
804,50,268,15/3/2024,3
805,1294,269,23/1/2024,3
806,70,269,24/2/2024,3
807,1536,269,20/3/2024,5
808,1666,270,15/3/2024,5
809,1343,270,16/1/2024,4
810,269,270,8/1/2024,5
811,1766,271,4/1/2024,3
812,157,271,4/1/2024,4
813,1034,271,25/2/2024,5
814,42,272,25/1/2024,5
815,1521,272,7/3/2024,3
816,1239,272,7/3/2024,3
817,196,273,27/1/2024,5
818,1624,273,1/2/2024,4
819,398,273,19/2/2024,3
820,1760,274,1/3/2024,5
821,1608,274,20/2/2024,5
822,871,274,19/1/2024,3
823,1523,275,21/1/2024,4
824,619,275,5/1/2024,4
825,940,275,22/3/2024,4
826,205,276,11/2/2024,3
827,1986,276,1/3/2024,3
828,966,276,22/1/2024,3
829,597,277,21/1/2024,4
830,191,277,10/3/2024,4
831,1981,277,1/1/2024,3
832,1149,278,5/1/2024,3
833,990,278,12/1/2024,3
834,1859,278,30/3/2024,4
835,1038,279,15/2/2024,5
836,784,279,3/2/2024,5
837,1018,279,18/2/2024,4
838,1949,280,18/3/2024,3
839,1563,280,30/3/2024,3
840,1464,280,14/2/2024,3
841,927,281,27/1/2024,3
842,1184,281,13/3/2024,4
843,814,281,26/1/2024,5
844,916,282,16/2/2024,5
845,977,282,26/3/2024,4
846,224,282,25/2/2024,3
847,681,283,3/3/2024,5
848,1659,283,17/2/2024,4
849,196,283,1/3/2024,3
850,347,284,21/3/2024,5
851,1772,284,26/1/2024,4
852,1216,284,5/2/2024,5
853,172,285,1/1/2024,5
854,826,285,8/1/2024,4
855,1717,285,21/2/2024,4
856,1072,286,19/3/2024,5
857,1558,286,16/2/2024,5
858,121,286,25/2/2024,4
859,517,287,26/3/2024,3
860,638,287,14/1/2024,3
861,1709,287,30/3/2024,3
862,75,288,28/1/2024,3
863,1412,288,27/3/2024,4
864,1227,288,18/3/2024,3
865,1785,289,28/3/2024,5
866,550,289,2/1/2024,3
867,1547,289,26/1/2024,4
868,1628,290,14/1/2024,3
869,1118,290,28/2/2024,3
870,642,290,25/2/2024,4
871,660,291,7/1/2024,3
872,1452,291,3/1/2024,4
873,1054,291,23/1/2024,3
874,1759,292,18/1/2024,4
875,1887,292,7/2/2024,3
876,872,292,15/1/2024,5
877,770,293,4/3/2024,5
878,1551,293,29/3/2024,4
879,332,293,28/1/2024,4
880,1533,294,14/3/2024,4
881,341,294,8/2/2024,5
882,897,294,26/2/2024,4
883,80,295,17/1/2024,3
884,1015,295,26/3/2024,4
885,1283,295,30/3/2024,4
886,998,296,13/2/2024,3
887,1534,296,25/1/2024,3
888,857,296,17/1/2024,5
889,19,297,13/1/2024,3
890,241,297,24/3/2024,3
891,603,297,25/1/2024,4
892,1071,298,8/3/2024,5
893,1260,298,10/1/2024,3
894,1155,298,7/3/2024,5
895,290,299,18/1/2024,3
896,1072,299,26/3/2024,5
897,1645,299,3/2/2024,3
898,1950,300,8/1/2024,4
899,1064,300,9/2/2024,5
900,515,300,23/3/2024,5
901,948,301,11/2/2024,3
902,1918,301,10/2/2024,5
903,1899,301,6/1/2024,3
904,337,302,21/2/2024,5
905,1465,302,26/1/2024,5
906,21,302,4/3/2024,4
907,853,303,28/2/2024,4
908,308,303,25/2/2024,5
909,138,303,28/2/2024,4
910,639,304,10/3/2024,5
911,409,304,2/2/2024,3
912,1102,304,22/2/2024,5
913,678,305,22/1/2024,5
914,126,305,21/1/2024,4
915,960,305,10/3/2024,4
916,321,306,10/3/2024,3
917,718,306,4/1/2024,3
918,1810,306,15/3/2024,3
919,707,307,2/3/2024,5
920,1901,307,2/3/2024,3
921,563,307,24/1/2024,3
922,1681,308,24/2/2024,4
923,1197,308,9/1/2024,4
924,753,308,3/1/2024,3
925,1571,309,31/1/2024,3
926,1914,309,9/2/2024,5
927,1150,309,5/2/2024,5
928,1314,310,24/1/2024,4
929,159,310,6/1/2024,3
930,313,310,6/3/2024,3
931,1497,311,24/3/2024,3
932,574,311,15/3/2024,3
933,539,311,4/1/2024,3
934,210,312,19/3/2024,5
935,1633,312,6/1/2024,5
936,1203,312,20/2/2024,3
937,677,313,2/3/2024,5
938,1582,313,26/2/2024,5
939,1239,313,6/3/2024,3
940,1980,314,19/3/2024,5
941,1370,314,15/3/2024,3
942,429,314,8/1/2024,5
943,6,315,26/1/2024,3
944,444,315,20/2/2024,3
945,1904,315,14/2/2024,5
946,301,316,13/2/2024,5
947,338,316,5/1/2024,4
948,1792,316,10/3/2024,3
949,663,317,26/1/2024,3
950,1835,317,8/3/2024,3
951,281,317,19/1/2024,3
952,1654,318,24/3/2024,5
953,872,318,20/1/2024,5
954,670,318,12/1/2024,4
955,1025,319,16/2/2024,3
956,494,319,1/1/2024,4
957,806,319,30/3/2024,4
958,1585,320,14/1/2024,4
959,1447,320,4/3/2024,4
960,728,320,7/2/2024,4
961,1718,321,6/2/2024,5
962,650,321,11/1/2024,5
963,161,321,17/3/2024,4
964,1725,322,3/1/2024,5
965,1957,322,2/2/2024,5
966,1937,322,6/1/2024,4
967,1457,323,19/2/2024,5
968,1721,323,10/1/2024,5
969,1148,323,5/1/2024,3
970,1004,324,23/1/2024,4
971,1404,324,10/1/2024,3
972,1143,324,13/2/2024,3
973,1336,325,2/1/2024,4
974,365,325,13/1/2024,3
975,1774,325,9/2/2024,3
976,1752,326,2/1/2024,5
977,1579,326,24/3/2024,3
978,1492,326,5/3/2024,4
979,438,327,3/3/2024,5
980,1147,327,13/3/2024,5
981,784,327,17/1/2024,5
982,367,328,9/1/2024,4
983,402,328,15/3/2024,4
984,740,328,15/1/2024,4
985,400,329,24/1/2024,3
986,1201,329,7/2/2024,3
987,673,329,4/2/2024,5
988,1866,330,18/2/2024,5
989,1876,330,9/3/2024,4
990,1030,330,2/3/2024,4
991,1243,331,29/2/2024,3
992,69,331,19/2/2024,3
993,1315,331,18/3/2024,4
994,816,332,15/3/2024,4
995,1425,332,9/1/2024,3
996,562,332,3/2/2024,5
997,1989,333,16/3/2024,5
998,1687,333,4/2/2024,3
999,1768,333,1/1/2024,3
1000,1245,334,9/2/2024,5
1001,1005,334,4/3/2024,3
1002,970,334,22/1/2024,5
1003,1654,335,29/2/2024,5
1004,79,335,4/3/2024,3
1005,60,335,12/3/2024,4
1006,1832,336,11/1/2024,4
1007,1446,336,14/1/2024,4
1008,1784,336,29/2/2024,4
1009,170,337,30/1/2024,4
1010,1709,337,4/2/2024,4
1011,115,337,25/3/2024,4
1012,1306,338,6/2/2024,3
1013,644,338,5/1/2024,3
1014,1757,338,23/3/2024,4
1015,569,339,18/3/2024,3
1016,1342,339,26/1/2024,5
1017,1511,339,2/3/2024,4
1018,682,340,4/1/2024,5
1019,1839,340,29/3/2024,3
1020,1855,340,11/2/2024,4
1021,1479,341,29/3/2024,5
1022,1058,341,18/1/2024,3
1023,1927,341,9/2/2024,4
1024,853,342,12/3/2024,4
1025,134,342,8/2/2024,5
1026,1690,342,14/1/2024,5
1027,303,343,1/2/2024,5
1028,172,343,20/2/2024,3
1029,909,343,7/2/2024,5
1030,565,344,23/1/2024,5
1031,407,344,3/3/2024,5
1032,839,344,15/1/2024,4
1033,1302,345,25/1/2024,5
1034,638,345,17/1/2024,5
1035,1149,345,6/3/2024,3
1036,242,346,18/3/2024,3
1037,955,346,22/2/2024,5
1038,1713,346,20/2/2024,3
1039,1160,347,8/2/2024,3
1040,181,347,20/2/2024,3
1041,1881,347,10/3/2024,4
1042,374,348,6/1/2024,5
1043,381,348,7/3/2024,5
1044,1211,348,7/1/2024,5
1045,1571,349,20/2/2024,3
1046,1616,349,12/3/2024,3
1047,446,349,11/2/2024,3
1048,943,350,4/3/2024,4
1049,1797,350,15/1/2024,3
1050,631,350,29/1/2024,4
1051,1531,351,2/2/2024,5
1052,636,351,27/1/2024,3
1053,777,351,5/2/2024,4
1054,365,352,29/1/2024,4
1055,288,352,7/2/2024,3
1056,647,352,26/2/2024,4
1057,463,353,27/1/2024,3
1058,559,353,24/2/2024,4
1059,363,353,2/2/2024,5
1060,532,354,8/3/2024,5
1061,542,354,26/3/2024,5
1062,1004,354,6/3/2024,3
1063,1186,355,10/1/2024,5
1064,715,355,5/1/2024,5
1065,921,355,14/3/2024,5
1066,76,356,7/2/2024,3
1067,790,356,13/1/2024,4
1068,1102,356,31/1/2024,3
1069,432,357,16/2/2024,3
1070,711,357,28/3/2024,5
1071,425,357,21/2/2024,4
1072,1433,358,25/2/2024,5
1073,1130,358,15/1/2024,5
1074,186,358,29/1/2024,3
1075,1584,359,8/1/2024,3
1076,529,359,5/1/2024,3
1077,958,359,29/1/2024,5
1078,65,360,16/2/2024,4
1079,1059,360,8/3/2024,4
1080,974,360,16/3/2024,5
1081,957,361,14/2/2024,4
1082,662,361,2/1/2024,5
1083,1155,361,27/1/2024,4
1084,1349,362,5/2/2024,5
1085,1846,362,5/2/2024,4
1086,661,362,26/1/2024,3
1087,1290,363,12/2/2024,3
1088,1781,363,27/1/2024,3
1089,326,363,9/3/2024,3
1090,974,364,20/1/2024,5
1091,690,364,11/1/2024,4
1092,384,364,14/3/2024,5
1093,628,365,7/2/2024,3
1094,957,365,6/1/2024,4
1095,382,365,12/3/2024,5
1096,900,366,23/1/2024,3
1097,935,366,16/2/2024,4
1098,1180,366,30/3/2024,4
1099,1497,367,15/2/2024,3
1100,970,367,12/1/2024,3
1101,518,367,30/3/2024,4
1102,1231,368,13/1/2024,3
1103,989,368,2/3/2024,5
1104,615,368,22/3/2024,3
1105,1989,369,29/3/2024,3
1106,1563,369,29/2/2024,3
1107,221,369,12/2/2024,4
1108,873,370,16/3/2024,4
1109,1954,370,8/3/2024,3
1110,821,370,5/1/2024,4
1111,59,371,6/2/2024,3
1112,1049,371,12/3/2024,5
1113,1889,371,31/1/2024,4
1114,1816,372,9/1/2024,3
1115,1977,372,20/2/2024,4
1116,407,372,29/1/2024,5
1117,1540,373,18/3/2024,5
1118,267,373,9/2/2024,3
1119,1615,373,10/2/2024,4
1120,1988,374,26/3/2024,5
1121,634,374,11/1/2024,4
1122,1642,374,23/1/2024,3
1123,940,375,1/1/2024,5
1124,339,375,15/2/2024,5
1125,2,375,21/1/2024,4
1126,411,376,30/3/2024,5
1127,618,376,5/2/2024,3
1128,165,376,23/2/2024,3
1129,484,377,27/3/2024,5
1130,895,377,26/2/2024,3
1131,1484,377,1/1/2024,5
1132,316,378,3/3/2024,5
1133,1732,378,23/2/2024,5
1134,11,378,24/2/2024,5
1135,327,379,9/2/2024,4
1136,205,379,15/1/2024,5
1137,1127,379,21/1/2024,3
1138,1432,380,16/2/2024,4
1139,1870,380,13/3/2024,3
1140,1369,380,22/2/2024,5
1141,1703,381,9/1/2024,3
1142,1447,381,14/3/2024,4
1143,1563,381,21/2/2024,3
1144,794,382,26/2/2024,4
1145,652,382,26/1/2024,5
1146,819,382,10/2/2024,5
1147,1840,383,4/2/2024,3
1148,1679,383,3/3/2024,3
1149,1223,383,25/1/2024,5
1150,1094,384,30/3/2024,5
1151,711,384,15/3/2024,3
1152,1372,384,7/2/2024,5
1153,56,385,2/1/2024,4
1154,1814,385,7/1/2024,4
1155,365,385,22/3/2024,3
1156,756,386,31/3/2024,3
1157,697,386,3/2/2024,5
1158,1686,386,31/3/2024,5
1159,1251,387,17/1/2024,4
1160,1540,387,12/2/2024,3
1161,1874,387,28/2/2024,3
1162,1323,388,20/2/2024,3
1163,283,388,23/2/2024,3
1164,385,388,24/1/2024,4
1165,433,389,25/1/2024,4
1166,892,389,11/3/2024,3
1167,696,389,21/2/2024,4
1168,1340,390,10/3/2024,3
1169,872,390,28/3/2024,4
1170,584,390,2/2/2024,5
1171,793,391,18/2/2024,4
1172,72,391,29/1/2024,3
1173,1964,391,3/3/2024,5
1174,368,392,22/1/2024,3
1175,816,392,26/1/2024,5
1176,1709,392,28/1/2024,5
1177,953,393,25/3/2024,4
1178,710,393,18/2/2024,4
1179,1344,393,11/3/2024,5
1180,1646,394,21/3/2024,5
1181,330,394,24/3/2024,5
1182,264,394,18/2/2024,3
1183,1039,395,20/1/2024,4
1184,1406,395,26/3/2024,3
1185,24,395,3/3/2024,4
1186,1340,396,1/3/2024,3
1187,866,396,18/2/2024,4
1188,621,396,11/3/2024,5
1189,530,397,1/1/2024,5
1190,1237,397,13/1/2024,4
1191,1029,397,27/3/2024,5
1192,1600,398,20/2/2024,5
1193,1459,398,25/2/2024,3
1194,1729,398,23/3/2024,4
1195,1991,399,2/3/2024,5
1196,229,399,1/2/2024,4
1197,869,399,30/1/2024,3
1198,1556,400,29/1/2024,4
1199,1783,400,18/2/2024,3
1200,308,400,14/2/2024,3
1201,691,401,30/1/2024,3
1202,529,401,16/1/2024,5
1203,1055,401,9/2/2024,3
1204,1491,402,19/1/2024,4
1205,891,402,18/1/2024,4
1206,952,402,1/1/2024,5
1207,82,403,18/3/2024,5
1208,1778,403,16/2/2024,3
1209,943,403,6/3/2024,3
1210,103,404,7/2/2024,3
1211,1406,404,20/2/2024,5
1212,517,404,3/3/2024,5
1213,692,405,4/1/2024,4
1214,1571,405,1/1/2024,3
1215,1112,405,8/1/2024,3
1216,367,406,29/1/2024,4
1217,731,406,24/2/2024,4
1218,36,406,3/1/2024,4
1219,665,407,1/2/2024,4
1220,1303,407,10/1/2024,3
1221,1221,407,14/3/2024,5
1222,732,408,23/3/2024,3
1223,1089,408,3/2/2024,4
1224,510,408,27/3/2024,5
1225,173,409,24/2/2024,3
1226,194,409,1/2/2024,4
1227,1489,409,19/2/2024,5
1228,1297,410,7/1/2024,5
1229,883,410,8/1/2024,5
1230,708,410,5/3/2024,3
1231,1412,411,26/2/2024,4
1232,500,411,7/3/2024,3
1233,1166,411,28/3/2024,3
1234,84,412,27/3/2024,3
1235,669,412,28/2/2024,5
1236,79,412,12/3/2024,4
1237,1248,413,23/2/2024,3
1238,783,413,7/3/2024,4
1239,1486,413,20/2/2024,5
1240,692,414,8/1/2024,3
1241,866,414,3/2/2024,4
1242,46,414,4/2/2024,5
1243,1947,415,28/3/2024,3
1244,1478,415,18/3/2024,3
1245,1714,415,1/2/2024,4
1246,1977,416,15/2/2024,4
1247,1626,416,16/1/2024,3
1248,1170,416,8/3/2024,3
1249,621,417,6/2/2024,5
1250,1053,417,23/2/2024,5
1251,1750,417,25/3/2024,3
1252,1422,418,14/1/2024,4
1253,767,418,24/2/2024,4
1254,969,418,17/2/2024,3
1255,1558,419,22/3/2024,5
1256,563,419,7/1/2024,3
1257,567,419,14/3/2024,4
1258,1376,420,7/1/2024,3
1259,1239,420,2/2/2024,3
1260,1864,420,23/1/2024,5
1261,1389,421,25/3/2024,4
1262,559,421,19/1/2024,4
1263,834,421,19/1/2024,3
1264,39,422,5/2/2024,4
1265,1346,422,29/1/2024,4
1266,563,422,29/2/2024,4
1267,948,423,22/3/2024,4
1268,1619,423,2/1/2024,5
1269,199,423,1/1/2024,5
1270,461,424,16/2/2024,5
1271,1453,424,9/3/2024,5
1272,453,424,20/1/2024,5
1273,1253,425,11/1/2024,4
1274,1492,425,2/1/2024,3
1275,1694,425,7/3/2024,3
1276,1205,426,27/3/2024,5
1277,1301,426,12/1/2024,4
1278,674,426,20/1/2024,5
1279,797,427,5/1/2024,3
1280,1905,427,6/2/2024,4
1281,26,427,7/2/2024,4
1282,698,428,9/1/2024,4
1283,710,428,22/2/2024,3
1284,311,428,13/2/2024,3
1285,1750,429,26/3/2024,5
1286,432,429,24/1/2024,5
1287,1429,429,21/3/2024,3
1288,1379,430,14/3/2024,5
1289,524,430,30/1/2024,3
1290,67,430,28/2/2024,4
1291,1982,431,27/3/2024,5
1292,1294,431,21/3/2024,3
1293,1150,431,21/3/2024,3
1294,171,432,14/1/2024,3
1295,1532,432,9/1/2024,5
1296,757,432,9/2/2024,5
1297,598,433,6/3/2024,4
1298,925,433,25/1/2024,5
1299,61,433,13/3/2024,5
1300,1280,434,22/1/2024,5
1301,342,434,4/1/2024,4
1302,721,434,26/1/2024,4
1303,884,435,27/2/2024,4
1304,1567,435,29/1/2024,5
1305,1539,435,27/3/2024,3
1306,1140,436,6/2/2024,5
1307,481,436,15/3/2024,4
1308,1887,436,10/3/2024,5
1309,270,437,18/1/2024,5
1310,1244,437,25/3/2024,3
1311,199,437,11/2/2024,3
1312,448,438,10/2/2024,5
1313,227,438,7/2/2024,4
1314,593,438,3/2/2024,5
1315,1772,439,17/1/2024,5
1316,1571,439,6/2/2024,5
1317,1127,439,25/1/2024,4
1318,721,440,16/3/2024,4
1319,857,440,27/3/2024,4
1320,572,440,26/3/2024,4
1321,1578,441,25/3/2024,4
1322,1291,441,27/1/2024,5
1323,1361,441,26/2/2024,4
1324,1029,442,31/1/2024,5
1325,1091,442,6/1/2024,5
1326,462,442,31/3/2024,5
1327,1014,443,9/2/2024,3
1328,587,443,12/1/2024,4
1329,322,443,22/2/2024,4
1330,820,444,11/3/2024,5
1331,7,444,10/1/2024,3
1332,1700,444,14/2/2024,4
1333,1563,445,17/1/2024,5
1334,1344,445,26/1/2024,3
1335,1400,445,25/3/2024,5
1336,786,446,2/3/2024,3
1337,1338,446,15/2/2024,5
1338,1996,446,4/3/2024,4
1339,841,447,2/1/2024,5
1340,1304,447,23/2/2024,5
1341,1268,447,5/3/2024,3
1342,284,448,20/2/2024,3
1343,1270,448,22/2/2024,4
1344,165,448,5/2/2024,5
1345,1169,449,26/1/2024,3
1346,1937,449,29/1/2024,4
1347,666,449,21/1/2024,4
1348,512,450,11/1/2024,3
1349,1166,450,9/2/2024,3
1350,1402,450,11/1/2024,5
1351,1950,451,5/2/2024,4
1352,47,451,28/2/2024,3
1353,1810,451,8/2/2024,4
1354,1131,452,23/2/2024,5
1355,1769,452,24/2/2024,3
1356,1742,452,24/1/2024,4
1357,938,453,22/1/2024,3
1358,1481,453,9/3/2024,5
1359,359,453,25/2/2024,5
1360,1920,454,2/2/2024,5
1361,661,454,5/2/2024,5
1362,601,454,20/1/2024,3
1363,1832,455,23/3/2024,3
1364,424,455,21/3/2024,4
1365,945,455,2/3/2024,4
1366,502,456,13/3/2024,3
1367,909,456,26/1/2024,3
1368,1632,456,6/3/2024,4
1369,1993,457,13/3/2024,3
1370,1025,457,13/3/2024,5
1371,1646,457,9/2/2024,5
1372,1716,458,17/1/2024,5
1373,1787,458,1/1/2024,4
1374,502,458,29/3/2024,3
1375,1479,459,1/3/2024,4
1376,15,459,12/2/2024,4
1377,1397,459,11/2/2024,3
1378,1776,460,25/1/2024,4
1379,963,460,8/2/2024,5
1380,145,460,4/2/2024,3
1381,1962,461,3/1/2024,5
1382,1810,461,13/2/2024,5
1383,248,461,20/2/2024,3
1384,1326,462,12/1/2024,5
1385,1464,462,19/1/2024,5
1386,899,462,13/2/2024,5
1387,1696,463,28/2/2024,3
1388,600,463,18/2/2024,3
1389,1697,463,1/3/2024,3
1390,745,464,17/1/2024,4
1391,1468,464,14/3/2024,5
1392,1289,464,26/2/2024,4
1393,878,465,24/2/2024,4
1394,213,465,16/2/2024,5
1395,1735,465,12/1/2024,3
1396,1553,466,2/3/2024,4
1397,1544,466,20/3/2024,3
1398,1479,466,28/3/2024,3
1399,751,467,23/3/2024,5
1400,1345,467,8/1/2024,4
1401,291,467,21/1/2024,4
1402,1630,468,21/3/2024,3
1403,431,468,27/3/2024,5
1404,199,468,20/3/2024,4
1405,1315,469,10/3/2024,3
1406,939,469,12/3/2024,3
1407,1542,469,25/1/2024,3
1408,1551,470,22/3/2024,5
1409,702,470,29/3/2024,5
1410,1412,470,12/1/2024,3
1411,678,471,15/1/2024,3
1412,1433,471,28/2/2024,5
1413,1164,471,26/1/2024,3
1414,1218,472,26/1/2024,3
1415,1560,472,16/2/2024,5
1416,304,472,1/2/2024,3
1417,591,473,10/1/2024,3
1418,453,473,16/1/2024,3
1419,1155,473,11/3/2024,5
1420,1462,474,17/1/2024,5
1421,629,474,23/1/2024,5
1422,1163,474,26/1/2024,4
1423,974,475,25/3/2024,4
1424,1379,475,26/3/2024,4
1425,317,475,7/1/2024,4
1426,301,476,14/1/2024,5
1427,599,476,19/3/2024,3
1428,527,476,7/1/2024,5
1429,58,477,9/1/2024,4
1430,1195,477,17/2/2024,5
1431,304,477,12/3/2024,3
1432,25,478,28/2/2024,4
1433,746,478,27/3/2024,3
1434,1527,478,22/3/2024,3
1435,832,479,8/2/2024,3
1436,1267,479,18/1/2024,4
1437,1992,479,28/2/2024,5
1438,1319,480,17/1/2024,4
1439,1203,480,14/1/2024,4
1440,644,480,31/1/2024,5
1441,767,481,24/1/2024,5
1442,1773,481,29/2/2024,5
1443,1328,481,14/2/2024,5
1444,1784,482,3/1/2024,3
1445,988,482,6/2/2024,4
1446,992,482,12/2/2024,4
1447,30,483,9/2/2024,4
1448,702,483,30/3/2024,5
1449,634,483,24/2/2024,4
1450,460,484,27/3/2024,3
1451,570,484,8/2/2024,4
1452,1594,484,15/1/2024,4
1453,1332,485,4/1/2024,3
1454,731,485,26/3/2024,3
1455,941,485,25/1/2024,4
1456,1870,486,13/1/2024,5
1457,1721,486,22/3/2024,5
1458,1840,486,2/2/2024,4
1459,1519,487,16/1/2024,4
1460,745,487,11/2/2024,4
1461,817,487,6/3/2024,4
1462,1950,488,24/2/2024,5
1463,1040,488,11/2/2024,4
1464,556,488,3/2/2024,3
1465,1970,489,30/1/2024,5
1466,1734,489,13/1/2024,5
1467,1788,489,13/1/2024,3
1468,1988,490,18/1/2024,4
1469,915,490,1/2/2024,4
1470,1071,490,8/2/2024,4
1471,502,491,15/2/2024,4
1472,1633,491,29/1/2024,4
1473,1413,491,2/3/2024,3
1474,468,492,2/3/2024,4
1475,364,492,26/2/2024,3
1476,1248,492,16/1/2024,3
1477,1131,493,25/2/2024,3
1478,188,493,10/1/2024,4
1479,1502,493,30/1/2024,4
1480,1856,494,25/1/2024,5
1481,1071,494,24/3/2024,5
1482,125,494,5/1/2024,3
1483,467,495,5/3/2024,5
1484,1200,495,18/2/2024,3
1485,978,495,3/1/2024,5
1486,202,496,14/2/2024,4
1487,1806,496,14/1/2024,4
1488,654,496,30/1/2024,3
1489,403,497,8/3/2024,3
1490,239,497,18/1/2024,4
1491,171,497,2/3/2024,4
1492,405,498,6/2/2024,4
1493,1111,498,25/1/2024,5
1494,441,498,17/2/2024,5
1495,998,499,5/3/2024,5
1496,1166,499,22/2/2024,5
1497,1192,499,19/3/2024,3
1498,1764,500,13/3/2024,3
1499,1475,500,15/1/2024,5
1500,1593,500,18/2/2024,3
1501,1207,501,28/3/2024,5
1502,1548,501,8/3/2024,5
1503,2,501,12/1/2024,4
1504,1546,502,28/2/2024,5
1505,1232,502,6/2/2024,3
1506,1009,502,1/3/2024,5
1507,674,503,12/2/2024,4
1508,990,503,10/3/2024,3
1509,582,503,8/2/2024,4
1510,542,504,25/2/2024,5
1511,510,504,3/3/2024,5
1512,564,504,15/2/2024,5
1513,1031,505,28/3/2024,5
1514,1282,505,11/1/2024,3
1515,229,505,2/3/2024,5
1516,999,506,17/3/2024,4
1517,654,506,25/1/2024,3
1518,964,506,11/3/2024,3
1519,335,507,21/2/2024,3
1520,135,507,4/1/2024,4
1521,1379,507,28/2/2024,4
1522,194,508,12/3/2024,4
1523,702,508,20/1/2024,4
1524,1685,508,3/3/2024,5
1525,397,509,23/2/2024,5
1526,1563,509,14/3/2024,4
1527,437,509,26/2/2024,4
1528,1028,510,30/3/2024,5
1529,656,510,10/2/2024,5
1530,967,510,3/1/2024,4
1531,1403,511,6/1/2024,3
1532,1900,511,5/1/2024,3
1533,431,511,5/1/2024,4
1534,1377,512,23/2/2024,3
1535,664,512,16/2/2024,5
1536,394,512,27/3/2024,3
1537,1610,513,18/2/2024,4
1538,1746,513,9/1/2024,3
1539,1250,513,20/1/2024,3
1540,667,514,1/3/2024,3
1541,971,514,4/2/2024,5
1542,1616,514,19/2/2024,5
1543,1597,515,22/3/2024,5
1544,469,515,2/3/2024,4
1545,967,515,17/1/2024,3
1546,760,516,28/3/2024,5
1547,628,516,3/1/2024,5
1548,1489,516,1/2/2024,3
1549,1699,517,13/1/2024,4
1550,922,517,29/3/2024,3
1551,872,517,13/3/2024,4
1552,806,518,8/3/2024,3
1553,12,518,14/1/2024,5
1554,114,518,11/1/2024,5
1555,725,519,25/2/2024,5
1556,1997,519,7/3/2024,4
1557,1571,519,29/1/2024,3
1558,40,520,9/1/2024,4
1559,428,520,7/3/2024,5
1560,604,520,25/1/2024,4
1561,49,521,16/3/2024,4
1562,876,521,11/2/2024,4
1563,668,521,9/1/2024,3
1564,1147,522,19/3/2024,4
1565,1634,522,9/2/2024,4
1566,1265,522,25/1/2024,4
1567,902,523,5/1/2024,5
1568,219,523,11/1/2024,5
1569,498,523,28/2/2024,3
1570,667,524,28/3/2024,5
1571,1929,524,19/3/2024,3
1572,963,524,7/2/2024,5
1573,1600,525,12/3/2024,3
1574,1409,525,5/1/2024,3
1575,512,525,17/2/2024,3
1576,1243,526,30/3/2024,5
1577,769,526,18/1/2024,4
1578,208,526,10/3/2024,5
1579,1310,527,6/2/2024,4
1580,566,527,29/2/2024,5
1581,757,527,17/2/2024,4
1582,1892,528,17/3/2024,5
1583,228,528,28/1/2024,3
1584,276,528,9/3/2024,3
1585,665,529,17/3/2024,3
1586,1689,529,21/3/2024,4
1587,1790,529,9/2/2024,4
1588,1208,530,14/2/2024,3
1589,1176,530,2/3/2024,4
1590,1151,530,27/2/2024,3
1591,898,531,7/3/2024,5
1592,672,531,25/2/2024,4
1593,1120,531,9/2/2024,4
1594,1141,532,9/2/2024,5
1595,1674,532,31/3/2024,4
1596,1413,532,17/3/2024,4
1597,288,533,2/2/2024,4
1598,1784,533,6/1/2024,5
1599,1961,533,28/3/2024,3
1600,1854,534,19/1/2024,3
1601,1531,534,20/3/2024,5
1602,378,534,9/2/2024,5
1603,960,535,28/2/2024,5
1604,944,535,28/2/2024,3
1605,683,535,17/2/2024,5
1606,1388,536,10/2/2024,3
1607,523,536,13/1/2024,5
1608,1532,536,14/2/2024,4
1609,288,537,29/3/2024,3
1610,1316,537,22/2/2024,3
1611,876,537,11/2/2024,5
1612,1651,538,3/3/2024,4
1613,1635,538,27/1/2024,3
1614,1704,538,7/2/2024,5
1615,124,539,29/2/2024,4
1616,765,539,7/1/2024,3
1617,1159,539,5/1/2024,5
1618,66,540,14/2/2024,4
1619,1789,540,27/2/2024,3
1620,1619,540,31/1/2024,3
1621,1008,541,23/1/2024,4
1622,1178,541,11/2/2024,5
1623,1300,541,10/1/2024,5
1624,1505,542,1/2/2024,4
1625,1158,542,22/2/2024,3
1626,1996,542,30/1/2024,4
1627,1599,543,8/2/2024,4
1628,1090,543,31/1/2024,4
1629,1636,543,22/3/2024,3
1630,1734,544,2/1/2024,4
1631,1176,544,18/3/2024,4
1632,1250,544,17/3/2024,3
1633,1540,545,12/1/2024,3
1634,1572,545,8/2/2024,4
1635,1675,545,6/3/2024,5
1636,954,546,13/1/2024,4
1637,1822,546,15/2/2024,3
1638,1333,546,27/1/2024,3
1639,150,547,17/1/2024,3
1640,1327,547,29/2/2024,5
1641,696,547,4/3/2024,3
1642,1081,548,28/3/2024,5
1643,1822,548,4/2/2024,3
1644,823,548,10/3/2024,3
1645,602,549,23/3/2024,4
1646,1278,549,30/1/2024,5
1647,39,549,11/3/2024,4
1648,462,550,14/3/2024,5
1649,875,550,3/3/2024,3
1650,531,550,28/1/2024,3
1651,1197,551,29/2/2024,5
1652,1091,551,19/3/2024,4
1653,1339,551,6/2/2024,5
1654,1577,552,22/1/2024,5
1655,1896,552,8/3/2024,5
1656,1830,552,20/1/2024,3
1657,313,553,8/3/2024,5
1658,1584,553,31/3/2024,3
1659,423,553,4/3/2024,4
1660,372,554,17/1/2024,3
1661,54,554,12/1/2024,4
1662,1233,554,22/1/2024,4
1663,1597,555,17/1/2024,4
1664,1107,555,10/1/2024,3
1665,1956,555,5/3/2024,5
1666,671,556,22/1/2024,3
1667,1902,556,30/3/2024,4
1668,1348,556,22/3/2024,5
1669,414,557,19/2/2024,3
1670,335,557,14/1/2024,4
1671,556,557,4/3/2024,4
1672,1918,558,16/2/2024,5
1673,1582,558,29/1/2024,3
1674,56,558,16/3/2024,5
1675,1798,559,5/2/2024,5
1676,253,559,21/2/2024,5
1677,53,559,16/3/2024,5
1678,1777,560,7/1/2024,3
1679,780,560,29/1/2024,5
1680,916,560,11/1/2024,4
1681,818,561,2/2/2024,4
1682,422,561,6/1/2024,4
1683,1209,561,19/3/2024,5
1684,191,562,1/2/2024,4
1685,1038,562,20/2/2024,3
1686,1484,562,15/3/2024,5
1687,250,563,27/2/2024,5
1688,1550,563,27/3/2024,5
1689,247,563,26/1/2024,3
1690,1517,564,15/2/2024,5
1691,734,564,29/1/2024,5
1692,851,564,4/1/2024,4
1693,431,565,21/3/2024,4
1694,1638,565,13/1/2024,5
1695,737,565,8/2/2024,3
1696,523,566,15/1/2024,4
1697,230,566,29/1/2024,5
1698,34,566,29/1/2024,4
1699,779,567,15/3/2024,4
1700,820,567,1/2/2024,3
1701,727,567,2/1/2024,5
1702,1937,568,16/2/2024,4
1703,1714,568,18/3/2024,5
1704,890,568,24/3/2024,3
1705,470,569,22/1/2024,3
1706,1333,569,15/3/2024,4
1707,1794,569,27/1/2024,3
1708,33,570,7/3/2024,4
1709,1495,570,21/3/2024,5
1710,93,570,25/2/2024,4
1711,1736,571,21/1/2024,4
1712,364,571,16/2/2024,3
1713,19,571,20/3/2024,5
1714,1063,572,28/2/2024,5
1715,288,572,24/3/2024,4
1716,1562,572,6/1/2024,5
1717,126,573,19/1/2024,5
1718,1644,573,26/2/2024,4
1719,1775,573,9/3/2024,4
1720,762,574,3/1/2024,5
1721,850,574,1/1/2024,4
1722,859,574,27/2/2024,3
1723,358,575,7/2/2024,5
1724,1977,575,15/1/2024,4
1725,1520,575,3/2/2024,5
1726,748,576,1/3/2024,5
1727,1611,576,4/2/2024,3
1728,62,576,4/3/2024,3
1729,418,577,25/1/2024,5
1730,827,577,24/1/2024,3
1731,1862,577,12/1/2024,4
1732,1274,578,18/1/2024,5
1733,59,578,15/1/2024,3
1734,680,578,20/3/2024,5
1735,1821,579,27/1/2024,5
1736,71,579,12/3/2024,4
1737,1872,579,29/2/2024,4
1738,96,580,15/2/2024,4
1739,773,580,29/3/2024,3
1740,1480,580,17/1/2024,3
1741,348,581,22/2/2024,3
1742,206,581,8/1/2024,4
1743,715,581,19/3/2024,5
1744,189,582,27/1/2024,4
1745,136,582,15/2/2024,3
1746,1984,582,19/2/2024,3
1747,952,583,11/3/2024,3
1748,1754,583,3/1/2024,4
1749,902,583,4/3/2024,3
1750,1755,584,13/2/2024,4
1751,1658,584,22/2/2024,5
1752,638,584,24/1/2024,4
1753,962,585,29/2/2024,3
1754,263,585,3/1/2024,5
1755,1345,585,20/1/2024,3
1756,749,586,15/2/2024,5
1757,1369,586,15/1/2024,3
1758,979,586,25/1/2024,4
1759,1534,587,18/3/2024,3
1760,402,587,11/3/2024,4
1761,450,587,17/1/2024,4
1762,266,588,24/3/2024,5
1763,462,588,9/1/2024,4
1764,1523,588,7/2/2024,4
1765,1469,589,17/2/2024,4
1766,579,589,29/2/2024,5
1767,216,589,3/3/2024,3
1768,464,590,26/3/2024,3
1769,379,590,2/1/2024,4
1770,674,590,28/3/2024,4
1771,1369,591,12/3/2024,3
1772,1065,591,11/1/2024,4
1773,1183,591,4/3/2024,3
1774,1557,592,17/3/2024,5
1775,672,592,21/3/2024,4
1776,768,592,12/3/2024,4
1777,1187,593,21/1/2024,3
1778,1532,593,18/1/2024,3
1779,1295,593,4/3/2024,5
1780,1627,594,22/3/2024,4
1781,374,594,7/2/2024,3
1782,293,594,1/2/2024,5
1783,1711,595,11/1/2024,3
1784,332,595,14/2/2024,3
1785,661,595,29/3/2024,5
1786,1172,596,2/2/2024,5
1787,991,596,10/2/2024,5
1788,385,596,8/1/2024,5
1789,831,597,11/1/2024,5
1790,440,597,26/3/2024,5
1791,1273,597,20/2/2024,4
1792,1118,598,28/3/2024,5
1793,242,598,10/2/2024,4
1794,1343,598,17/1/2024,3
1795,1893,599,16/3/2024,3
1796,691,599,15/2/2024,5
1797,523,599,1/2/2024,3
1798,1653,600,19/3/2024,5
1799,1582,600,20/3/2024,5
1800,935,600,23/2/2024,4
1801,1369,601,26/3/2024,3
1802,1564,601,20/1/2024,5
1803,539,601,2/2/2024,3
1804,1602,602,14/3/2024,4
1805,874,602,9/2/2024,3
1806,1976,602,1/2/2024,4
1807,259,603,2/1/2024,4
1808,466,603,2/2/2024,4
1809,1700,603,17/3/2024,5
1810,247,604,30/1/2024,5
1811,1460,604,2/2/2024,3
1812,259,604,17/3/2024,5
1813,629,605,26/1/2024,5
1814,894,605,22/1/2024,3
1815,1925,605,6/3/2024,4
1816,1979,606,7/2/2024,4
1817,374,606,30/3/2024,3
1818,1680,606,15/2/2024,5
1819,400,607,15/1/2024,3
1820,1721,607,13/2/2024,3
1821,1590,607,18/2/2024,5
1822,407,608,15/3/2024,3
1823,1077,608,1/3/2024,5
1824,1598,608,7/3/2024,5
1825,1153,609,6/1/2024,3
1826,1076,609,9/1/2024,4
1827,1639,609,6/1/2024,5
1828,743,610,13/3/2024,4
1829,472,610,1/2/2024,5
1830,342,610,10/2/2024,4
1831,326,611,16/3/2024,3
1832,1394,611,8/1/2024,5
1833,1301,611,12/3/2024,3
1834,464,612,19/2/2024,3
1835,1108,612,2/3/2024,3
1836,869,612,24/3/2024,5
1837,571,613,2/3/2024,3
1838,1965,613,7/1/2024,3
1839,608,613,15/3/2024,5
1840,1846,614,24/3/2024,3
1841,1991,614,20/3/2024,5
1842,1831,614,4/1/2024,3
1843,959,615,6/1/2024,4
1844,279,615,27/2/2024,3
1845,1,615,22/1/2024,4
1846,515,616,26/1/2024,5
1847,1369,616,3/1/2024,4
1848,428,616,10/2/2024,5
1849,1217,617,29/2/2024,3
1850,122,617,14/1/2024,4
1851,288,617,15/3/2024,3
1852,985,618,22/3/2024,4
1853,1566,618,12/1/2024,5
1854,802,618,27/3/2024,5
1855,1324,619,12/1/2024,5
1856,801,619,13/1/2024,5
1857,397,619,25/1/2024,3
1858,1709,620,14/2/2024,3
1859,145,620,19/1/2024,3
1860,1973,620,24/2/2024,3
1861,288,621,14/2/2024,3
1862,253,621,8/1/2024,5
1863,1935,621,22/2/2024,3
1864,422,622,24/2/2024,3
1865,292,622,1/2/2024,3
1866,1558,622,20/2/2024,5
1867,23,623,13/2/2024,5
1868,1067,623,22/3/2024,5
1869,1074,623,10/3/2024,5
1870,1581,624,18/1/2024,3
1871,965,624,23/3/2024,3
1872,1353,624,22/1/2024,4
1873,612,625,6/2/2024,3
1874,1109,625,25/2/2024,5
1875,931,625,28/2/2024,5
1876,145,626,3/1/2024,3
1877,1793,626,28/1/2024,4
1878,1945,626,14/3/2024,5
1879,782,627,4/2/2024,4
1880,232,627,1/3/2024,5
1881,873,627,23/2/2024,5
1882,345,628,3/3/2024,3
1883,1554,628,19/3/2024,5
1884,461,628,7/1/2024,4
1885,212,629,16/3/2024,4
1886,1499,629,18/2/2024,3
1887,1966,629,25/3/2024,5
1888,1772,630,31/1/2024,4
1889,495,630,27/2/2024,3
1890,1714,630,1/3/2024,4
1891,864,631,24/1/2024,3
1892,1307,631,20/1/2024,4
1893,1772,631,6/2/2024,5
1894,1726,632,4/1/2024,4
1895,1853,632,20/1/2024,4
1896,1312,632,29/2/2024,3
1897,674,633,24/1/2024,3
1898,1366,633,19/2/2024,3
1899,731,633,18/2/2024,4
1900,27,634,20/2/2024,3
1901,1461,634,5/2/2024,5
1902,498,634,6/3/2024,3
1903,1014,635,19/3/2024,3
1904,1211,635,3/2/2024,5
1905,1364,635,5/2/2024,3
1906,213,636,6/1/2024,3
1907,1149,636,8/2/2024,4
1908,1716,636,11/2/2024,4
1909,770,637,27/2/2024,3
1910,1063,637,12/1/2024,5
1911,87,637,3/1/2024,3
1912,221,638,18/1/2024,3
1913,1717,638,9/2/2024,3
1914,1179,638,21/1/2024,4
1915,241,639,15/1/2024,5
1916,739,639,26/1/2024,5
1917,1378,639,8/1/2024,5
1918,864,640,27/3/2024,4
1919,1472,640,11/2/2024,4
1920,712,640,13/2/2024,3
1921,1746,641,14/1/2024,4
1922,1175,641,18/3/2024,3
1923,77,641,2/1/2024,4
1924,1666,642,6/2/2024,3
1925,1371,642,9/3/2024,4
1926,443,642,7/2/2024,5
1927,371,643,10/2/2024,3
1928,1292,643,2/3/2024,4
1929,203,643,29/2/2024,4
1930,1886,644,14/1/2024,3
1931,1643,644,29/3/2024,4
1932,1494,644,24/3/2024,5
1933,1740,645,2/1/2024,3
1934,735,645,10/3/2024,3
1935,722,645,17/1/2024,3
1936,567,646,29/3/2024,3
1937,1606,646,28/1/2024,3
1938,665,646,6/3/2024,5
1939,1432,647,4/2/2024,3
1940,1575,647,5/1/2024,5
1941,429,647,5/3/2024,5
1942,1579,648,9/2/2024,5
1943,1328,648,16/3/2024,3
1944,1517,648,25/2/2024,5
1945,1543,649,5/2/2024,3
1946,1600,649,14/2/2024,5
1947,1730,649,23/1/2024,3
1948,1755,650,16/2/2024,4
1949,684,650,31/1/2024,4
1950,1263,650,11/1/2024,5
1951,1516,651,10/1/2024,4
1952,649,651,7/3/2024,5
1953,208,651,14/1/2024,5
1954,1310,652,20/3/2024,5
1955,641,652,14/3/2024,4
1956,1019,652,10/1/2024,5
1957,1550,653,16/3/2024,4
1958,415,653,1/1/2024,4
1959,1754,653,5/1/2024,3
1960,719,654,20/1/2024,4
1961,1651,654,8/1/2024,3
1962,1835,654,12/2/2024,5
1963,1546,655,16/3/2024,5
1964,1965,655,1/1/2024,3
1965,662,655,26/2/2024,5
1966,229,656,4/3/2024,3
1967,1192,656,24/3/2024,3
1968,1862,656,28/1/2024,5
1969,1435,657,6/2/2024,3
1970,607,657,16/2/2024,3
1971,1103,657,16/3/2024,3
1972,816,658,6/2/2024,5
1973,1425,658,18/2/2024,5
1974,407,658,13/2/2024,5
1975,186,659,25/2/2024,5
1976,1874,659,28/1/2024,5
1977,1746,659,19/3/2024,4
1978,299,660,6/1/2024,4
1979,1092,660,1/3/2024,3
1980,813,660,20/1/2024,4
1981,1887,661,18/3/2024,5
1982,213,661,2/1/2024,5
1983,1257,661,13/3/2024,5
1984,1989,662,6/2/2024,3
1985,664,662,20/1/2024,3
1986,907,662,26/1/2024,3
1987,504,663,29/1/2024,3
1988,318,663,1/1/2024,3
1989,54,663,4/2/2024,3
1990,460,664,10/3/2024,4
1991,503,664,28/2/2024,5
1992,902,664,9/3/2024,4
1993,298,665,2/2/2024,3
1994,608,665,20/2/2024,5
1995,1976,665,18/3/2024,5
1996,1757,666,12/1/2024,5
1997,990,666,20/1/2024,4
1998,849,666,22/2/2024,5
1999,1129,667,28/3/2024,3
2000,394,667,12/2/2024,3
2001,382,667,29/3/2024,4
2002,1190,668,19/2/2024,4
2003,1285,668,29/1/2024,3
2004,1820,668,26/2/2024,4
2005,1530,669,8/2/2024,5
2006,1448,669,25/2/2024,4
2007,1646,669,12/2/2024,5
2008,884,670,19/2/2024,5
2009,747,670,23/1/2024,5
2010,656,670,13/2/2024,5
2011,732,671,7/2/2024,5
2012,1963,671,24/3/2024,3
2013,659,671,23/1/2024,3
2014,1630,672,14/2/2024,3
2015,1186,672,21/2/2024,5
2016,198,672,20/3/2024,4
2017,1451,673,19/2/2024,4
2018,1097,673,8/1/2024,5
2019,215,673,25/3/2024,4
2020,467,674,1/1/2024,5
2021,1470,674,8/1/2024,4
2022,1682,674,29/1/2024,5
2023,953,675,5/1/2024,4
2024,1177,675,26/3/2024,4
2025,943,675,16/2/2024,3
2026,897,676,3/2/2024,4
2027,1211,676,5/3/2024,4
2028,133,676,24/2/2024,5
2029,46,677,30/3/2024,4
2030,919,677,12/2/2024,4
2031,1332,677,14/3/2024,4
2032,1835,678,30/1/2024,4
2033,977,678,22/3/2024,4
2034,131,678,17/1/2024,3
2035,134,679,26/1/2024,4
2036,1167,679,8/1/2024,5
2037,1941,679,16/2/2024,5
2038,1462,680,16/3/2024,4
2039,1006,680,31/3/2024,4
2040,1443,680,12/3/2024,4
2041,812,681,29/3/2024,3
2042,1356,681,15/2/2024,5
2043,635,681,8/3/2024,3
2044,1428,682,2/2/2024,3
2045,677,682,1/1/2024,4
2046,1168,682,19/1/2024,4
2047,1938,683,31/1/2024,5
2048,296,683,20/3/2024,4
2049,1396,683,14/1/2024,5
2050,645,684,22/2/2024,3
2051,1989,684,17/2/2024,5
2052,109,684,9/3/2024,5
2053,1204,685,30/3/2024,5
2054,1587,685,2/3/2024,3
2055,1258,685,6/3/2024,3
2056,1085,686,4/3/2024,4
2057,1496,686,10/3/2024,4
2058,1501,686,3/3/2024,5
2059,510,687,13/3/2024,5
2060,1585,687,2/2/2024,3
2061,1712,687,10/2/2024,3
2062,61,688,29/3/2024,3
2063,1493,688,17/2/2024,5
2064,680,688,13/1/2024,5
2065,193,689,13/3/2024,3
2066,1176,689,17/3/2024,5
2067,1649,689,31/1/2024,3
2068,781,690,15/3/2024,4
2069,284,690,8/3/2024,3
2070,375,690,4/1/2024,5
2071,638,691,19/1/2024,5
2072,364,691,10/3/2024,5
2073,1801,691,22/3/2024,5
2074,1024,692,13/1/2024,3
2075,378,692,23/1/2024,3
2076,823,692,23/3/2024,4
2077,465,693,15/3/2024,3
2078,1326,693,1/1/2024,4
2079,696,693,28/3/2024,3
2080,1540,694,23/2/2024,3
2081,1073,694,11/3/2024,5
2082,42,694,29/3/2024,4
2083,125,695,25/3/2024,5
2084,122,695,15/1/2024,5
2085,196,695,5/3/2024,3
2086,4,696,16/3/2024,3
2087,26,696,11/3/2024,4
2088,670,696,15/1/2024,4
2089,628,697,21/1/2024,3
2090,1639,697,19/1/2024,4
2091,1154,697,29/2/2024,3
2092,1760,698,29/3/2024,3
2093,1958,698,2/2/2024,3
2094,387,698,18/2/2024,4
2095,1021,699,4/2/2024,5
2096,1097,699,13/2/2024,4
2097,1999,699,30/3/2024,5
2098,199,700,11/1/2024,4
2099,1229,700,12/3/2024,5
2100,1176,700,18/3/2024,5
2101,1826,701,14/3/2024,4
2102,1447,701,6/3/2024,4
2103,1040,701,15/2/2024,5
2104,1668,702,9/1/2024,3
2105,63,702,3/1/2024,5
2106,80,702,25/3/2024,5
2107,1820,703,26/1/2024,3
2108,1654,703,12/3/2024,5
2109,1915,703,17/2/2024,3
2110,221,704,6/3/2024,3
2111,1399,704,10/3/2024,4
2112,1209,704,28/1/2024,5
2113,343,705,26/1/2024,5
2114,1020,705,25/1/2024,3
2115,1236,705,12/1/2024,5
2116,1256,706,5/1/2024,3
2117,1921,706,17/2/2024,5
2118,1902,706,6/2/2024,5
2119,1704,707,19/3/2024,3
2120,1606,707,13/2/2024,3
2121,1934,707,15/1/2024,5
2122,1370,708,12/2/2024,5
2123,135,708,17/2/2024,3
2124,505,708,27/3/2024,4
2125,290,709,10/3/2024,4
2126,1967,709,15/2/2024,5
2127,386,709,12/2/2024,5
2128,86,710,21/1/2024,5
2129,121,710,23/1/2024,3
2130,1661,710,20/3/2024,5
2131,203,711,16/2/2024,5
2132,187,711,15/1/2024,5
2133,1868,711,25/1/2024,4
2134,1154,712,5/2/2024,5
2135,1439,712,15/3/2024,5
2136,1069,712,20/2/2024,3
2137,1551,713,15/1/2024,4
2138,1318,713,8/3/2024,3
2139,579,713,21/1/2024,5
2140,278,714,13/1/2024,5
2141,1564,714,26/3/2024,5
2142,600,714,19/1/2024,5
2143,828,715,3/2/2024,5
2144,773,715,18/3/2024,3
2145,1005,715,8/3/2024,5
2146,1007,716,21/2/2024,5
2147,659,716,27/1/2024,4
2148,992,716,29/1/2024,4
2149,797,717,28/1/2024,5
2150,1020,717,4/2/2024,5
2151,1579,717,8/1/2024,5
2152,1081,718,16/1/2024,5
2153,386,718,5/2/2024,5
2154,629,718,30/1/2024,5
2155,1532,719,18/1/2024,3
2156,1112,719,2/1/2024,3
2157,1313,719,18/2/2024,3
2158,1514,720,17/3/2024,4
2159,1095,720,4/1/2024,5
2160,97,720,30/3/2024,4
2161,789,721,29/3/2024,4
2162,721,721,15/3/2024,4
2163,108,721,7/1/2024,3
2164,1513,722,14/3/2024,5
2165,1074,722,8/2/2024,5
2166,1042,722,13/1/2024,4
2167,1395,723,31/1/2024,3
2168,1866,723,11/3/2024,4
2169,203,723,3/3/2024,4
2170,1946,724,25/2/2024,5
2171,1828,724,11/2/2024,3
2172,1460,724,1/3/2024,5
2173,150,725,11/2/2024,4
2174,1015,725,25/2/2024,5
2175,1170,725,5/2/2024,4
2176,32,726,24/3/2024,3
2177,1889,726,8/3/2024,5
2178,422,726,7/1/2024,5
2179,1893,727,23/2/2024,5
2180,10,727,1/1/2024,5
2181,1351,727,13/2/2024,5
2182,363,728,14/2/2024,3
2183,1693,728,16/2/2024,3
2184,762,728,13/1/2024,5
2185,92,729,22/1/2024,4
2186,291,729,21/1/2024,4
2187,505,729,26/3/2024,5
2188,1370,730,9/1/2024,5
2189,1807,730,26/1/2024,3
2190,1394,730,9/1/2024,3
2191,1455,731,15/1/2024,5
2192,420,731,10/1/2024,5
2193,839,731,28/3/2024,4
2194,852,732,11/2/2024,3
2195,773,732,12/3/2024,5
2196,1726,732,24/1/2024,3
2197,1673,733,20/3/2024,5
2198,520,733,18/2/2024,5
2199,22,733,26/1/2024,5
2200,86,734,31/3/2024,5
2201,264,734,6/2/2024,4
2202,145,734,8/3/2024,5
2203,237,735,19/2/2024,4
2204,1848,735,24/1/2024,4
2205,137,735,19/1/2024,5
2206,1100,736,29/2/2024,3
2207,343,736,8/2/2024,3
2208,1957,736,14/3/2024,5
2209,584,737,29/3/2024,5
2210,587,737,18/1/2024,5
2211,1753,737,19/1/2024,3
2212,536,738,5/2/2024,3
2213,1559,738,14/3/2024,5
2214,809,738,24/2/2024,3
2215,1947,739,9/3/2024,4
2216,1137,739,16/2/2024,3
2217,412,739,18/2/2024,3
2218,1062,740,2/2/2024,5
2219,961,740,21/1/2024,4
2220,224,740,21/3/2024,5
2221,469,741,22/1/2024,3
2222,1707,741,17/2/2024,4
2223,378,741,6/2/2024,5
2224,1562,742,15/1/2024,3
2225,496,742,4/2/2024,4
2226,1261,742,11/3/2024,5
2227,898,743,1/2/2024,4
2228,906,743,11/1/2024,3
2229,1576,743,10/1/2024,5
2230,1358,744,13/3/2024,3
2231,1571,744,18/3/2024,4
2232,1574,744,17/3/2024,3
2233,1485,745,26/2/2024,4
2234,90,745,25/1/2024,5
2235,30,745,2/1/2024,3
2236,700,746,4/3/2024,5
2237,1888,746,4/2/2024,5
2238,718,746,7/1/2024,5
2239,411,747,25/3/2024,5
2240,802,747,18/1/2024,3
2241,314,747,7/3/2024,3
2242,1036,748,11/2/2024,5
2243,462,748,8/2/2024,5
2244,1285,748,10/2/2024,4
2245,688,749,15/3/2024,5
2246,52,749,24/1/2024,4
2247,143,749,29/2/2024,4
2248,1233,750,15/2/2024,5
2249,590,750,19/1/2024,3
2250,330,750,8/3/2024,4
2251,1121,751,30/3/2024,3
2252,117,751,11/2/2024,5
2253,1403,751,1/2/2024,5
2254,840,752,8/2/2024,5
2255,1095,752,5/2/2024,5
2256,1267,752,5/2/2024,4
2257,1483,753,3/1/2024,4
2258,759,753,13/3/2024,3
2259,294,753,8/1/2024,3
2260,1402,754,10/3/2024,4
2261,13,754,10/2/2024,5
2262,8,754,8/3/2024,3
2263,120,755,13/1/2024,4
2264,1575,755,18/2/2024,3
2265,246,755,29/2/2024,4
2266,1561,756,2/1/2024,5
2267,1155,756,29/2/2024,4
2268,152,756,5/1/2024,3
2269,1329,757,13/2/2024,4
2270,1920,757,27/1/2024,3
2271,1321,757,1/2/2024,3
2272,579,758,21/1/2024,3
2273,793,758,8/1/2024,5
2274,1865,758,12/3/2024,5
2275,1399,759,19/2/2024,4
2276,1255,759,7/3/2024,4
2277,707,759,13/2/2024,3
2278,982,760,27/2/2024,5
2279,931,760,3/1/2024,4
2280,1802,760,26/3/2024,4
2281,459,761,10/3/2024,5
2282,588,761,2/1/2024,3
2283,1973,761,27/3/2024,4
2284,527,762,13/2/2024,3
2285,754,762,2/1/2024,5
2286,885,762,21/3/2024,5
2287,295,763,4/2/2024,4
2288,942,763,27/3/2024,4
2289,1456,763,30/1/2024,5
2290,1745,764,8/1/2024,3
2291,824,764,22/1/2024,3
2292,1721,764,13/2/2024,5
2293,427,765,27/2/2024,4
2294,863,765,5/2/2024,5
2295,944,765,9/3/2024,4
2296,910,766,17/3/2024,3
2297,950,766,31/1/2024,4
2298,692,766,16/2/2024,3
2299,1363,767,24/2/2024,5
2300,273,767,20/3/2024,4
2301,422,767,2/3/2024,3
2302,445,768,30/1/2024,4
2303,1165,768,24/2/2024,3
2304,1942,768,16/1/2024,3
2305,745,769,12/1/2024,5
2306,1123,769,17/1/2024,5
2307,768,769,16/1/2024,4
2308,438,770,12/1/2024,3
2309,290,770,8/1/2024,5
2310,223,770,24/3/2024,4
2311,1336,771,3/1/2024,5
2312,616,771,16/1/2024,4
2313,845,771,30/1/2024,5
2314,409,772,23/1/2024,5
2315,692,772,5/1/2024,3
2316,1823,772,24/3/2024,3
2317,1351,773,5/3/2024,5
2318,1920,773,30/1/2024,3
2319,885,773,21/1/2024,5
2320,1932,774,24/3/2024,4
2321,49,774,10/3/2024,5
2322,791,774,22/1/2024,5
2323,1367,775,22/3/2024,4
2324,560,775,12/3/2024,4
2325,1576,775,1/2/2024,3
2326,1314,776,2/2/2024,4
2327,1178,776,16/1/2024,3
2328,309,776,16/3/2024,5
2329,649,777,7/2/2024,4
2330,504,777,14/1/2024,5
2331,1562,777,5/2/2024,3
2332,648,778,23/1/2024,4
2333,1911,778,6/3/2024,3
2334,1087,778,25/3/2024,3
2335,1385,779,2/1/2024,4
2336,1612,779,31/3/2024,4
2337,176,779,13/3/2024,3
2338,18,780,5/3/2024,4
2339,679,780,15/3/2024,3
2340,642,780,7/3/2024,5
2341,416,781,21/2/2024,5
2342,1962,781,2/3/2024,4
2343,630,781,23/1/2024,4
2344,744,782,26/1/2024,5
2345,1863,782,8/3/2024,3
2346,1195,782,22/3/2024,3
2347,973,783,24/2/2024,3
2348,1441,783,6/1/2024,4
2349,594,783,4/2/2024,3
2350,208,784,22/1/2024,4
2351,328,784,12/2/2024,4
2352,335,784,15/1/2024,4
2353,243,785,26/3/2024,5
2354,1865,785,29/2/2024,3
2355,840,785,12/1/2024,4
2356,1151,786,18/2/2024,3
2357,1288,786,11/2/2024,5
2358,1434,786,7/2/2024,3
2359,1414,787,22/3/2024,5
2360,2000,787,14/2/2024,4
2361,1360,787,4/2/2024,4
2362,1863,788,30/1/2024,5
2363,199,788,28/3/2024,4
2364,278,788,30/1/2024,3
2365,969,789,18/3/2024,3
2366,977,789,6/1/2024,5
2367,1572,789,7/3/2024,3
2368,1201,790,20/3/2024,4
2369,1907,790,7/1/2024,4
2370,1198,790,21/2/2024,4
2371,373,791,14/1/2024,3
2372,1831,791,13/3/2024,4
2373,1988,791,15/1/2024,3
2374,1939,792,21/1/2024,5
2375,705,792,4/2/2024,4
2376,175,792,6/3/2024,5
2377,142,793,31/3/2024,3
2378,277,793,2/1/2024,3
2379,615,793,4/2/2024,5
2380,1878,794,22/3/2024,4
2381,228,794,18/3/2024,4
2382,1970,794,20/1/2024,4
2383,599,795,22/3/2024,5
2384,727,795,10/1/2024,3
2385,1638,795,25/1/2024,5
2386,33,796,6/3/2024,3
2387,1825,796,25/1/2024,4
2388,856,796,23/2/2024,4
2389,748,797,2/2/2024,3
2390,394,797,5/2/2024,4
2391,574,797,14/1/2024,5
2392,1852,798,5/3/2024,3
2393,1003,798,20/3/2024,4
2394,1856,798,23/2/2024,4
2395,107,799,21/2/2024,4
2396,1435,799,3/1/2024,4
2397,539,799,10/2/2024,3
2398,887,800,6/1/2024,3
2399,83,800,25/1/2024,4
2400,1536,800,13/1/2024,5
2401,1351,801,8/1/2024,5
2402,682,801,21/1/2024,5
2403,65,801,8/3/2024,5
2404,1786,802,25/1/2024,3
2405,22,802,19/3/2024,3
2406,40,802,8/3/2024,5
2407,780,803,14/2/2024,3
2408,1853,803,29/2/2024,5
2409,779,803,12/1/2024,4
2410,74,804,1/2/2024,4
2411,1428,804,13/1/2024,5
2412,688,804,31/1/2024,3
2413,1645,805,18/3/2024,5
2414,1749,805,20/1/2024,3
2415,834,805,18/1/2024,4
2416,272,806,29/2/2024,3
2417,1473,806,3/3/2024,5
2418,1132,806,6/1/2024,4
2419,1002,807,1/2/2024,4
2420,547,807,12/2/2024,3
2421,1871,807,2/1/2024,4
2422,1882,808,29/2/2024,4
2423,1650,808,23/1/2024,3
2424,1765,808,23/3/2024,4
2425,1835,809,31/1/2024,5
2426,48,809,5/1/2024,3
2427,1652,809,23/3/2024,3
2428,498,810,3/2/2024,3
2429,363,810,10/1/2024,3
2430,134,810,29/3/2024,5
2431,1172,811,2/1/2024,3
2432,1596,811,11/1/2024,5
2433,1769,811,19/2/2024,3
2434,20,812,31/1/2024,3
2435,1509,812,25/2/2024,4
2436,1783,812,19/3/2024,4
2437,145,813,13/3/2024,5
2438,1194,813,27/3/2024,4
2439,1293,813,23/3/2024,3
2440,1610,814,9/1/2024,5
2441,1255,814,21/1/2024,4
2442,116,814,13/3/2024,3
2443,409,815,28/1/2024,4
2444,381,815,2/3/2024,4
2445,1471,815,7/1/2024,4
2446,8,816,20/3/2024,4
2447,1622,816,16/1/2024,3
2448,431,816,4/1/2024,4
2449,1469,817,4/1/2024,5
2450,793,817,9/2/2024,5
2451,1281,817,17/1/2024,4
2452,395,818,21/2/2024,5
2453,1675,818,21/2/2024,4
2454,1451,818,5/2/2024,3
2455,1240,819,7/2/2024,3
2456,961,819,19/2/2024,5
2457,1499,819,3/3/2024,5
2458,1772,820,3/3/2024,4
2459,907,820,2/3/2024,4
2460,1040,820,7/1/2024,4
2461,163,821,27/1/2024,3
2462,1996,821,26/3/2024,4
2463,540,821,14/1/2024,3
2464,1799,822,11/3/2024,5
2465,1179,822,26/3/2024,3
2466,1434,822,5/1/2024,5
2467,1440,823,24/2/2024,3
2468,386,823,2/1/2024,3
2469,1738,823,2/3/2024,4
2470,1549,824,31/3/2024,5
2471,333,824,21/1/2024,3
2472,1302,824,19/3/2024,3
2473,608,825,21/1/2024,5
2474,845,825,10/1/2024,3
2475,1312,825,27/3/2024,5
2476,447,826,27/2/2024,5
2477,514,826,8/2/2024,5
2478,1507,826,5/1/2024,3
2479,1087,827,5/3/2024,3
2480,1342,827,13/1/2024,4
2481,577,827,25/3/2024,5
2482,133,828,30/3/2024,3
2483,129,828,25/3/2024,3
2484,705,828,22/2/2024,5
2485,1270,829,22/3/2024,5
2486,164,829,14/2/2024,5
2487,25,829,1/2/2024,4
2488,653,830,5/2/2024,4
2489,1580,830,21/3/2024,4
2490,1430,830,29/2/2024,5
2491,1389,831,11/1/2024,3
2492,1166,831,3/3/2024,5
2493,1490,831,21/1/2024,3
2494,924,832,21/2/2024,4
2495,1521,832,24/2/2024,4
2496,759,832,26/1/2024,4
2497,615,833,8/3/2024,3
2498,642,833,3/2/2024,3
2499,1526,833,21/2/2024,5
2500,468,834,22/3/2024,5
2501,350,834,21/2/2024,5
2502,1415,834,29/1/2024,4
2503,840,835,7/2/2024,5
2504,1803,835,11/2/2024,4
2505,665,835,21/1/2024,3
2506,950,836,11/2/2024,4
2507,927,836,13/1/2024,4
2508,291,836,4/3/2024,4
2509,860,837,17/1/2024,3
2510,1789,837,9/1/2024,3
2511,1615,837,10/2/2024,5
2512,782,838,1/1/2024,5
2513,819,838,2/1/2024,5
2514,29,838,29/2/2024,3
2515,1621,839,17/2/2024,3
2516,310,839,29/1/2024,3
2517,1938,839,10/1/2024,3
2518,445,840,27/2/2024,3
2519,34,840,29/2/2024,4
2520,968,840,21/1/2024,5
2521,555,841,28/1/2024,4
2522,406,841,15/3/2024,5
2523,1019,841,3/2/2024,4
2524,325,842,8/1/2024,3
2525,1700,842,28/2/2024,5
2526,569,842,26/3/2024,4
2527,390,843,12/3/2024,5
2528,1243,843,18/2/2024,3
2529,887,843,19/3/2024,3
2530,1941,844,17/1/2024,5
2531,999,844,29/2/2024,5
2532,724,844,27/3/2024,3
2533,138,845,28/3/2024,3
2534,1446,845,14/2/2024,3
2535,1245,845,23/3/2024,4
2536,290,846,9/3/2024,5
2537,1063,846,1/2/2024,3
2538,1646,846,13/2/2024,5
2539,853,847,5/3/2024,4
2540,27,847,27/3/2024,4
2541,1294,847,8/1/2024,3
2542,694,848,17/3/2024,5
2543,1401,848,12/3/2024,4
2544,879,848,27/3/2024,5
2545,250,849,12/2/2024,5
2546,266,849,1/1/2024,3
2547,578,849,20/2/2024,4
2548,1485,850,24/1/2024,4
2549,1653,850,24/1/2024,4
2550,757,850,17/1/2024,5
2551,1988,851,5/1/2024,4
2552,130,851,20/1/2024,4
2553,916,851,21/1/2024,5
2554,855,852,27/2/2024,4
2555,429,852,31/1/2024,4
2556,1410,852,11/1/2024,5
2557,1864,853,21/2/2024,4
2558,1299,853,15/1/2024,3
2559,1612,853,23/3/2024,5
2560,1137,854,7/1/2024,4
2561,1183,854,28/1/2024,3
2562,1431,854,20/2/2024,5
2563,1848,855,27/2/2024,4
2564,1978,855,5/1/2024,5
2565,1601,855,5/1/2024,3
2566,1989,856,8/1/2024,5
2567,1451,856,4/3/2024,4
2568,1249,856,10/1/2024,3
2569,1666,857,7/2/2024,5
2570,1001,857,21/3/2024,4
2571,963,857,8/1/2024,4
2572,642,858,25/1/2024,3
2573,1804,858,13/3/2024,3
2574,787,858,6/3/2024,5
2575,1278,859,19/3/2024,4
2576,167,859,19/2/2024,3
2577,1006,859,7/3/2024,4
2578,1235,860,18/2/2024,5
2579,138,860,5/2/2024,3
2580,798,860,8/3/2024,5
2581,1621,861,18/3/2024,5
2582,1458,861,10/2/2024,3
2583,746,861,29/3/2024,5
2584,971,862,2/3/2024,4
2585,458,862,10/1/2024,3
2586,671,862,21/1/2024,4
2587,1690,863,5/2/2024,5
2588,989,863,12/1/2024,3
2589,300,863,31/3/2024,4
2590,1960,864,2/1/2024,4
2591,993,864,13/1/2024,4
2592,1239,864,22/2/2024,4
2593,410,865,1/2/2024,4
2594,1962,865,16/1/2024,5
2595,1240,865,1/2/2024,5
2596,606,866,1/2/2024,5
2597,1507,866,11/1/2024,5
2598,1073,866,10/1/2024,5
2599,579,867,15/1/2024,5
2600,1620,867,17/1/2024,5
2601,867,867,9/2/2024,4
2602,611,868,18/1/2024,5
2603,419,868,24/2/2024,4
2604,607,868,13/3/2024,3
2605,60,869,25/1/2024,5
2606,162,869,28/2/2024,4
2607,953,869,18/3/2024,3
2608,915,870,29/3/2024,3
2609,1138,870,22/1/2024,4
2610,1217,870,30/1/2024,4
2611,1554,871,24/3/2024,4
2612,221,871,25/3/2024,5
2613,934,871,13/2/2024,3
2614,406,872,1/2/2024,5
2615,929,872,20/2/2024,5
2616,334,872,15/2/2024,5
2617,264,873,21/1/2024,3
2618,1959,873,1/2/2024,3
2619,254,873,8/2/2024,3
2620,1778,874,12/1/2024,4
2621,1132,874,16/2/2024,5
2622,756,874,18/1/2024,4
2623,646,875,21/1/2024,4
2624,1127,875,13/1/2024,5
2625,1288,875,21/1/2024,3
2626,1324,876,8/1/2024,5
2627,811,876,15/2/2024,4
2628,669,876,7/1/2024,3
2629,1713,877,23/1/2024,3
2630,1319,877,15/3/2024,4
2631,664,877,26/3/2024,3
2632,1550,878,22/1/2024,3
2633,81,878,29/3/2024,5
2634,115,878,22/1/2024,5
2635,1018,879,29/1/2024,4
2636,1899,879,13/1/2024,4
2637,287,879,22/3/2024,4
2638,210,880,2/1/2024,3
2639,335,880,29/1/2024,4
2640,189,880,25/3/2024,5
2641,1992,881,19/3/2024,3
2642,693,881,21/2/2024,4
2643,846,881,27/1/2024,3
2644,1538,882,19/2/2024,3
2645,1009,882,19/3/2024,3
2646,1117,882,23/1/2024,4
2647,1075,883,28/3/2024,3
2648,1315,883,13/2/2024,3
2649,1423,883,17/3/2024,3
2650,1123,884,22/1/2024,5
2651,1668,884,12/2/2024,4
2652,919,884,6/2/2024,5
2653,237,885,1/3/2024,3
2654,466,885,25/2/2024,3
2655,116,885,3/1/2024,5
2656,50,886,3/3/2024,3
2657,1317,886,19/1/2024,5
2658,981,886,23/1/2024,3
2659,87,887,29/1/2024,3
2660,1554,887,30/1/2024,3
2661,1946,887,8/2/2024,3
2662,1955,888,25/1/2024,4
2663,1026,888,8/1/2024,4
2664,662,888,27/2/2024,4
2665,1549,889,16/1/2024,5
2666,40,889,12/3/2024,5
2667,1568,889,1/1/2024,5
2668,1009,890,5/1/2024,5
2669,1372,890,3/1/2024,4
2670,1127,890,5/3/2024,5
2671,83,891,4/1/2024,5
2672,1208,891,4/3/2024,5
2673,428,891,29/3/2024,3
2674,1194,892,10/1/2024,5
2675,15,892,21/1/2024,3
2676,1438,892,15/2/2024,5
2677,1192,893,31/3/2024,5
2678,1043,893,27/1/2024,3
2679,814,893,6/3/2024,5
2680,312,894,10/2/2024,3
2681,16,894,13/1/2024,5
2682,577,894,9/1/2024,5
2683,1140,895,5/2/2024,3
2684,1047,895,26/3/2024,4
2685,328,895,30/3/2024,3
2686,1545,896,27/2/2024,4
2687,525,896,23/2/2024,3
2688,401,896,12/1/2024,4
2689,1839,897,21/3/2024,5
2690,805,897,18/3/2024,4
2691,1333,897,14/1/2024,5
2692,925,898,3/2/2024,3
2693,913,898,22/2/2024,4
2694,1982,898,20/1/2024,5
2695,1577,899,15/3/2024,3
2696,420,899,16/1/2024,4
2697,231,899,10/3/2024,5
2698,794,900,25/2/2024,4
2699,1522,900,23/3/2024,4
2700,410,900,27/2/2024,5
2701,1507,901,4/1/2024,5
2702,1706,901,4/1/2024,3
2703,1816,901,20/1/2024,5
2704,1675,902,10/1/2024,5
2705,740,902,24/1/2024,4
2706,112,902,26/1/2024,5
2707,1161,903,6/2/2024,4
2708,445,903,25/3/2024,4
2709,49,903,23/2/2024,5
2710,26,904,21/1/2024,5
2711,1699,904,14/3/2024,5
2712,1763,904,7/2/2024,5
2713,423,905,15/2/2024,3
2714,1940,905,4/1/2024,4
2715,1475,905,29/2/2024,3
2716,938,906,26/2/2024,3
2717,1233,906,14/2/2024,4
2718,1886,906,20/1/2024,3
2719,984,907,17/1/2024,5
2720,1223,907,11/3/2024,5
2721,1629,907,4/1/2024,5
2722,160,908,14/1/2024,5
2723,220,908,3/1/2024,4
2724,1747,908,28/3/2024,5
2725,1269,909,20/3/2024,4
2726,1756,909,27/2/2024,4
2727,1940,909,24/2/2024,4
2728,1905,910,4/1/2024,4
2729,622,910,24/1/2024,3
2730,782,910,3/2/2024,3
2731,1969,911,30/1/2024,5
2732,200,911,22/3/2024,4
2733,754,911,19/1/2024,5
2734,1323,912,31/1/2024,5
2735,1989,912,29/2/2024,5
2736,1520,912,29/2/2024,5
2737,156,913,19/1/2024,4
2738,856,913,18/2/2024,4
2739,610,913,3/3/2024,3
2740,1841,914,23/3/2024,4
2741,619,914,22/1/2024,4
2742,539,914,24/1/2024,5
2743,1905,915,16/3/2024,4
2744,247,915,30/1/2024,5
2745,1803,915,27/2/2024,4
2746,358,916,31/1/2024,3
2747,231,916,4/3/2024,5
2748,1485,916,19/1/2024,4
2749,933,917,17/2/2024,4
2750,1424,917,14/2/2024,5
2751,560,917,24/2/2024,3
2752,47,918,24/2/2024,3
2753,983,918,18/1/2024,4
2754,1498,918,3/3/2024,4
2755,442,919,16/2/2024,4
2756,815,919,15/3/2024,5
2757,62,919,26/2/2024,5
2758,1019,920,14/2/2024,5
2759,1701,920,2/2/2024,4
2760,845,920,17/1/2024,3
2761,1993,921,10/3/2024,5
2762,1182,921,4/1/2024,3
2763,1345,921,20/1/2024,4
2764,1965,922,16/2/2024,5
2765,1454,922,31/3/2024,5
2766,1473,922,15/1/2024,5
2767,416,923,10/3/2024,4
2768,50,923,16/2/2024,4
2769,1973,923,18/3/2024,4
2770,481,924,15/3/2024,3
2771,1660,924,9/1/2024,3
2772,1332,924,30/3/2024,5
2773,1789,925,16/1/2024,5
2774,1711,925,9/3/2024,4
2775,1145,925,1/3/2024,4
2776,1622,926,10/1/2024,4
2777,1466,926,19/2/2024,5
2778,587,926,3/1/2024,4
2779,182,927,17/3/2024,3
2780,753,927,10/3/2024,3
2781,1681,927,21/3/2024,5
2782,1116,928,20/2/2024,5
2783,765,928,19/1/2024,3
2784,1488,928,11/2/2024,4
2785,1108,929,4/2/2024,5
2786,657,929,15/2/2024,5
2787,834,929,26/1/2024,5
2788,1189,930,9/3/2024,3
2789,763,930,4/3/2024,5
2790,712,930,6/2/2024,3
2791,303,931,24/3/2024,3
2792,1384,931,18/2/2024,4
2793,836,931,21/1/2024,4
2794,1969,932,14/3/2024,4
2795,178,932,4/3/2024,5
2796,519,932,5/1/2024,3
2797,682,933,10/3/2024,5
2798,1322,933,30/3/2024,3
2799,924,933,4/1/2024,5
2800,1765,934,8/2/2024,3
2801,1823,934,4/2/2024,4
2802,704,934,1/1/2024,4
2803,1881,935,24/1/2024,5
2804,1227,935,26/2/2024,3
2805,1107,935,10/3/2024,4
2806,1744,936,10/2/2024,3
2807,286,936,23/2/2024,5
2808,1689,936,15/2/2024,4
2809,168,937,29/2/2024,5
2810,1804,937,29/2/2024,5
2811,1027,937,26/2/2024,3
2812,86,938,31/1/2024,5
2813,213,938,24/3/2024,5
2814,9,938,24/1/2024,3
2815,1914,939,29/3/2024,3
2816,1362,939,5/2/2024,5
2817,1515,939,25/3/2024,4
2818,1401,940,30/1/2024,4
2819,1002,940,24/1/2024,3
2820,667,940,30/1/2024,5
2821,1124,941,26/3/2024,4
2822,1072,941,7/1/2024,3
2823,449,941,4/2/2024,3
2824,720,942,24/2/2024,3
2825,1409,942,14/1/2024,5
2826,463,942,10/1/2024,3
2827,319,943,20/3/2024,4
2828,1467,943,16/1/2024,5
2829,1830,943,23/2/2024,4
2830,1639,944,29/3/2024,4
2831,1015,944,17/3/2024,4
2832,1876,944,10/3/2024,5
2833,1424,945,13/2/2024,4
2834,496,945,13/3/2024,3
2835,621,945,14/2/2024,3
2836,1110,946,25/2/2024,4
2837,1949,946,24/3/2024,3
2838,49,946,22/3/2024,5
2839,64,947,26/2/2024,5
2840,248,947,21/1/2024,3
2841,381,947,8/3/2024,3
2842,138,948,19/2/2024,5
2843,927,948,2/2/2024,4
2844,865,948,31/3/2024,5
2845,1355,949,7/1/2024,4
2846,22,949,10/3/2024,3
2847,615,949,15/1/2024,3
2848,795,950,22/3/2024,4
2849,427,950,1/2/2024,4
2850,878,950,15/3/2024,5
2851,1208,951,20/1/2024,4
2852,1301,951,28/3/2024,3
2853,1216,951,15/1/2024,3
2854,1391,952,17/2/2024,3
2855,65,952,11/3/2024,4
2856,655,952,21/1/2024,4
2857,64,953,11/2/2024,3
2858,1435,953,26/1/2024,4
2859,1764,953,14/1/2024,5
2860,1542,954,26/2/2024,5
2861,1577,954,6/2/2024,4
2862,866,954,27/2/2024,4
2863,1271,955,21/1/2024,3
2864,1944,955,22/3/2024,4
2865,56,955,9/3/2024,3
2866,80,956,3/1/2024,5
2867,1555,956,27/3/2024,4
2868,973,956,30/3/2024,5
2869,1114,957,6/2/2024,4
2870,170,957,28/3/2024,4
2871,1484,957,18/2/2024,3
2872,932,958,19/1/2024,3
2873,1535,958,29/3/2024,4
2874,495,958,25/3/2024,4
2875,962,959,12/1/2024,3
2876,662,959,1/3/2024,5
2877,1132,959,10/2/2024,4
2878,444,960,2/2/2024,3
2879,841,960,19/2/2024,4
2880,22,960,8/3/2024,3
2881,1216,961,11/3/2024,5
2882,1916,961,26/3/2024,4
2883,911,961,2/2/2024,4
2884,1029,962,21/3/2024,5
2885,949,962,24/1/2024,4
2886,1428,962,1/3/2024,4
2887,795,963,1/3/2024,4
2888,1339,963,28/1/2024,3
2889,519,963,27/2/2024,3
2890,241,964,12/2/2024,4
2891,1006,964,10/2/2024,5
2892,1848,964,8/2/2024,5
2893,601,965,26/3/2024,4
2894,82,965,18/2/2024,3
2895,1232,965,17/1/2024,3
2896,874,966,10/3/2024,4
2897,1407,966,10/3/2024,3
2898,1984,966,5/3/2024,3
2899,408,967,14/3/2024,5
2900,996,967,25/3/2024,4
2901,12,967,5/1/2024,3
2902,1589,968,2/1/2024,3
2903,1583,968,22/1/2024,3
2904,90,968,26/2/2024,4
2905,375,969,6/3/2024,4
2906,697,969,14/3/2024,3
2907,1732,969,16/1/2024,5
2908,469,970,20/2/2024,5
2909,1656,970,8/2/2024,4
2910,208,970,26/3/2024,5
2911,286,971,16/3/2024,3
2912,1517,971,28/3/2024,4
2913,1153,971,9/2/2024,4
2914,898,972,7/2/2024,5
2915,751,972,29/2/2024,4
2916,43,972,28/2/2024,5
2917,1839,973,10/1/2024,5
2918,1301,973,4/3/2024,3
2919,218,973,3/3/2024,5
2920,971,974,18/2/2024,5
2921,572,974,4/3/2024,4
2922,1142,974,1/2/2024,3
2923,138,975,7/1/2024,3
2924,179,975,21/1/2024,5
2925,1798,975,20/1/2024,4
2926,973,976,26/1/2024,4
2927,1039,976,8/3/2024,4
2928,1857,976,26/3/2024,3
2929,248,977,15/1/2024,3
2930,332,977,25/3/2024,5
2931,1169,977,19/3/2024,5
2932,1362,978,26/3/2024,4
2933,914,978,14/1/2024,5
2934,765,978,27/1/2024,4
2935,539,979,9/2/2024,3
2936,137,979,27/2/2024,5
2937,1193,979,28/1/2024,4
2938,238,980,26/1/2024,3
2939,82,980,3/3/2024,4
2940,415,980,6/3/2024,5
2941,616,981,25/1/2024,4
2942,1530,981,3/1/2024,3
2943,23,981,12/3/2024,5
2944,123,982,13/2/2024,3
2945,1615,982,11/2/2024,5
2946,231,982,6/1/2024,4
2947,1364,983,8/2/2024,3
2948,1200,983,21/2/2024,3
2949,19,983,23/1/2024,4
2950,1804,984,29/3/2024,3
2951,655,984,19/2/2024,3
2952,1763,984,12/2/2024,3
2953,1641,985,19/1/2024,3
2954,387,985,9/3/2024,4
2955,980,985,20/2/2024,3
2956,439,986,11/1/2024,3
2957,354,986,12/1/2024,3
2958,1133,986,14/3/2024,5
2959,1759,987,8/1/2024,5
2960,300,987,24/1/2024,4
2961,1757,987,10/2/2024,4
2962,298,988,5/2/2024,4
2963,979,988,25/3/2024,3
2964,149,988,12/3/2024,5
2965,338,989,24/2/2024,5
2966,1284,989,9/1/2024,4
2967,1720,989,16/2/2024,5
2968,1921,990,15/1/2024,4
2969,1696,990,17/2/2024,3
2970,833,990,22/3/2024,5
2971,1541,991,11/2/2024,3
2972,88,991,29/2/2024,3
2973,1599,991,24/3/2024,5
2974,57,992,10/3/2024,4
2975,1376,992,12/1/2024,5
2976,801,992,2/1/2024,3
2977,1242,993,7/1/2024,4
2978,1534,993,20/3/2024,3
2979,982,993,3/1/2024,4
2980,1945,994,3/1/2024,5
2981,1821,994,27/1/2024,3
2982,1324,994,9/2/2024,4
2983,495,995,2/2/2024,4
2984,1068,995,1/1/2024,5
2985,1019,995,8/1/2024,4
2986,887,996,1/2/2024,4
2987,64,996,17/2/2024,3
2988,136,996,4/1/2024,5
2989,174,997,10/3/2024,5
2990,1583,997,19/1/2024,3
2991,757,997,1/2/2024,3
2992,806,998,9/1/2024,3
2993,952,998,12/1/2024,4
2994,622,998,11/1/2024,5
2995,1240,999,15/2/2024,5
2996,1883,999,16/1/2024,5
2997,1752,999,1/1/2024,4
2998,1048,1000,3/3/2024,5
2999,791,1000,21/1/2024,5
3000,1424,1000,30/1/2024,5
3001,1892,1001,13/1/2024,5
3002,1228,1001,3/2/2024,3
3003,282,1001,4/1/2024,4
3004,691,1002,28/1/2024,5
3005,1417,1002,28/2/2024,5
3006,1998,1002,27/1/2024,5
3007,1092,1003,9/3/2024,5
3008,1263,1003,25/1/2024,5
3009,516,1003,3/1/2024,3
3010,1914,1004,8/3/2024,3
3011,1792,1004,25/1/2024,4
3012,1218,1004,20/1/2024,4
3013,467,1005,3/2/2024,5
3014,1899,1005,26/1/2024,5
3015,1858,1005,5/1/2024,3
3016,1160,1006,1/3/2024,4
3017,714,1006,9/1/2024,5
3018,393,1006,19/2/2024,5
3019,1061,1007,6/1/2024,5
3020,571,1007,23/3/2024,4
3021,1225,1007,29/2/2024,3
3022,1372,1008,13/2/2024,3
3023,1574,1008,11/1/2024,5
3024,1824,1008,6/3/2024,5
3025,1643,1009,16/2/2024,5
3026,390,1009,13/3/2024,5
3027,1460,1009,25/3/2024,5
3028,1133,1010,28/3/2024,4
3029,419,1010,26/3/2024,3
3030,1192,1010,3/1/2024,4
3031,356,1011,16/3/2024,4
3032,1484,1011,30/1/2024,5
3033,1308,1011,30/3/2024,4
3034,422,1012,21/1/2024,3
3035,1618,1012,28/1/2024,5
3036,375,1012,30/3/2024,3
3037,768,1013,2/3/2024,4
3038,803,1013,2/2/2024,5
3039,1469,1013,25/3/2024,3
3040,1910,1014,4/2/2024,3
3041,941,1014,21/2/2024,5
3042,700,1014,3/2/2024,3
3043,522,1015,10/2/2024,5
3044,148,1015,20/2/2024,5
3045,255,1015,16/2/2024,4
3046,1666,1016,22/3/2024,3
3047,806,1016,27/2/2024,5
3048,137,1016,15/3/2024,4
3049,1663,1017,26/2/2024,4
3050,1901,1017,23/1/2024,5
3051,932,1017,17/2/2024,5
3052,1196,1018,22/1/2024,3
3053,1047,1018,17/1/2024,3
3054,862,1018,9/3/2024,3
3055,545,1019,11/1/2024,5
3056,876,1019,15/1/2024,4
3057,1220,1019,31/3/2024,4
3058,976,1020,4/2/2024,5
3059,793,1020,2/2/2024,3
3060,245,1020,24/3/2024,4
3061,371,1021,16/1/2024,4
3062,741,1021,3/2/2024,3
3063,85,1021,6/3/2024,4
3064,569,1022,9/2/2024,3
3065,1124,1022,28/1/2024,4
3066,550,1022,16/2/2024,4
3067,1606,1023,8/2/2024,4
3068,1896,1023,10/3/2024,3
3069,420,1023,13/3/2024,4
3070,1826,1024,20/1/2024,4
3071,123,1024,1/1/2024,4
3072,229,1024,12/3/2024,5
3073,1279,1025,27/3/2024,4
3074,583,1025,3/3/2024,4
3075,493,1025,7/3/2024,3
3076,452,1026,4/1/2024,3
3077,1237,1026,27/2/2024,5
3078,1540,1026,25/1/2024,3
3079,1901,1027,16/2/2024,3
3080,725,1027,7/2/2024,3
3081,311,1027,15/1/2024,5
3082,1134,1028,3/3/2024,5
3083,649,1028,21/1/2024,4
3084,352,1028,26/2/2024,4
3085,417,1029,22/2/2024,3
3086,1263,1029,15/2/2024,4
3087,1955,1029,14/1/2024,4
3088,187,1030,16/3/2024,5
3089,1517,1030,17/1/2024,5
3090,1995,1030,8/2/2024,4
3091,1658,1031,9/1/2024,4
3092,256,1031,17/3/2024,4
3093,505,1031,19/3/2024,3
3094,453,1032,22/3/2024,5
3095,942,1032,6/1/2024,4
3096,340,1032,31/3/2024,4
3097,1880,1033,23/1/2024,3
3098,573,1033,28/2/2024,5
3099,7,1033,31/3/2024,3
3100,1375,1034,15/2/2024,3
3101,892,1034,7/2/2024,4
3102,1764,1034,14/1/2024,3
3103,1740,1035,12/3/2024,3
3104,914,1035,2/3/2024,4
3105,476,1035,4/2/2024,5
3106,1736,1036,19/1/2024,4
3107,837,1036,30/1/2024,5
3108,907,1036,18/3/2024,3
3109,1514,1037,24/3/2024,3
3110,1743,1037,25/1/2024,4
3111,1538,1037,9/2/2024,4
3112,48,1038,28/3/2024,4
3113,1567,1038,14/1/2024,3
3114,421,1038,26/1/2024,3
3115,895,1039,27/3/2024,5
3116,702,1039,22/1/2024,4
3117,43,1039,17/2/2024,3
3118,1040,1040,23/3/2024,5
3119,795,1040,20/2/2024,4
3120,1243,1040,3/1/2024,4
3121,764,1041,11/2/2024,5
3122,1441,1041,19/1/2024,5
3123,1231,1041,13/3/2024,5
3124,345,1042,28/1/2024,3
3125,425,1042,24/3/2024,4
3126,644,1042,14/2/2024,4
3127,830,1043,11/3/2024,5
3128,510,1043,18/3/2024,3
3129,1841,1043,3/3/2024,5
3130,778,1044,13/3/2024,3
3131,1798,1044,19/1/2024,4
3132,1968,1044,16/2/2024,4
3133,1406,1045,14/1/2024,3
3134,500,1045,7/2/2024,4
3135,927,1045,22/2/2024,4
3136,797,1046,1/3/2024,5
3137,707,1046,5/2/2024,3
3138,781,1046,9/2/2024,4
3139,1006,1047,21/3/2024,4
3140,1484,1047,30/1/2024,3
3141,1863,1047,9/1/2024,4
3142,184,1048,4/3/2024,3
3143,523,1048,2/2/2024,3
3144,469,1048,21/2/2024,5
3145,751,1049,29/3/2024,3
3146,981,1049,14/1/2024,5
3147,346,1049,15/3/2024,4
3148,1749,1050,22/2/2024,3
3149,1321,1050,28/2/2024,5
3150,1227,1050,18/3/2024,3
3151,1660,1051,10/2/2024,4
3152,1733,1051,8/3/2024,5
3153,782,1051,8/3/2024,5
3154,99,1052,8/1/2024,5
3155,185,1052,2/1/2024,4
3156,190,1052,26/3/2024,5
3157,1425,1053,10/2/2024,4
3158,103,1053,24/2/2024,4
3159,163,1053,16/1/2024,3
3160,1909,1054,2/3/2024,4
3161,928,1054,17/2/2024,5
3162,601,1054,30/1/2024,5
3163,1759,1055,12/1/2024,4
3164,571,1055,4/2/2024,4
3165,470,1055,11/1/2024,3
3166,639,1056,4/3/2024,3
3167,1067,1056,19/2/2024,5
3168,475,1056,25/3/2024,4
3169,1272,1057,21/1/2024,5
3170,1173,1057,9/3/2024,4
3171,591,1057,17/2/2024,5
3172,964,1058,20/1/2024,5
3173,1833,1058,7/3/2024,5
3174,484,1058,13/2/2024,4
3175,1655,1059,2/2/2024,3
3176,1235,1059,13/3/2024,3
3177,138,1059,1/3/2024,4
3178,552,1060,9/1/2024,3
3179,1094,1060,8/3/2024,5
3180,1596,1060,4/2/2024,4
3181,1134,1061,21/3/2024,4
3182,1482,1061,28/3/2024,3
3183,313,1061,5/3/2024,3
3184,1910,1062,8/1/2024,5
3185,504,1062,14/2/2024,4
3186,667,1062,27/3/2024,3
3187,1570,1063,16/2/2024,4
3188,1052,1063,9/2/2024,5
3189,1026,1063,16/3/2024,5
3190,1833,1064,23/2/2024,5
3191,807,1064,16/3/2024,4
3192,343,1064,15/2/2024,4
3193,961,1065,16/2/2024,4
3194,1734,1065,15/1/2024,4
3195,496,1065,19/1/2024,4
3196,1709,1066,26/1/2024,5
3197,1176,1066,21/2/2024,5
3198,948,1066,22/1/2024,5
3199,932,1067,21/1/2024,3
3200,1455,1067,20/2/2024,5
3201,1462,1067,7/2/2024,4
3202,332,1068,20/1/2024,5
3203,1546,1068,29/1/2024,3
3204,138,1068,20/2/2024,3
3205,279,1069,4/1/2024,3
3206,589,1069,24/2/2024,3
3207,1084,1069,11/3/2024,3
3208,1388,1070,28/1/2024,4
3209,1128,1070,4/1/2024,5
3210,1488,1070,22/1/2024,4
3211,1821,1071,16/3/2024,4
3212,956,1071,14/2/2024,3
3213,725,1071,7/3/2024,5
3214,1183,1072,26/3/2024,5
3215,1540,1072,6/3/2024,5
3216,1073,1072,28/3/2024,3
3217,342,1073,3/2/2024,4
3218,1758,1073,31/3/2024,5
3219,259,1073,24/2/2024,4
3220,424,1074,1/1/2024,5
3221,1229,1074,12/3/2024,5
3222,1725,1074,27/3/2024,5
3223,237,1075,7/2/2024,5
3224,1852,1075,6/1/2024,3
3225,784,1075,26/3/2024,3
3226,614,1076,25/1/2024,4
3227,49,1076,22/3/2024,3
3228,998,1076,17/1/2024,5
3229,1537,1077,1/3/2024,4
3230,442,1077,12/1/2024,4
3231,1588,1077,6/1/2024,4
3232,922,1078,30/3/2024,5
3233,1619,1078,27/1/2024,5
3234,1330,1078,8/1/2024,4
3235,812,1079,23/3/2024,3
3236,292,1079,5/3/2024,5
3237,1845,1079,26/2/2024,5
3238,1851,1080,9/2/2024,3
3239,518,1080,14/1/2024,4
3240,818,1080,4/2/2024,3
3241,1460,1081,17/2/2024,5
3242,761,1081,24/3/2024,4
3243,949,1081,25/2/2024,4
3244,852,1082,18/2/2024,3
3245,503,1082,13/1/2024,5
3246,1838,1082,1/3/2024,5
3247,606,1083,18/2/2024,4
3248,109,1083,15/2/2024,5
3249,953,1083,2/3/2024,4
3250,1817,1084,8/1/2024,4
3251,160,1084,12/2/2024,4
3252,603,1084,20/1/2024,5
3253,1682,1085,30/3/2024,3
3254,1130,1085,8/2/2024,4
3255,83,1085,25/3/2024,3
3256,139,1086,18/2/2024,3
3257,679,1086,4/3/2024,3
3258,636,1086,2/3/2024,3
3259,340,1087,23/2/2024,3
3260,208,1087,9/1/2024,4
3261,1525,1087,28/3/2024,5
3262,553,1088,6/2/2024,3
3263,51,1088,18/2/2024,5
3264,448,1088,10/2/2024,5
3265,761,1089,17/1/2024,4
3266,919,1089,28/3/2024,3
3267,685,1089,21/1/2024,5
3268,943,1090,20/2/2024,5
3269,1274,1090,28/2/2024,3
3270,584,1090,8/2/2024,4
3271,105,1091,24/2/2024,4
3272,1200,1091,10/2/2024,3
3273,1810,1091,8/2/2024,5
3274,1554,1092,13/1/2024,4
3275,888,1092,4/3/2024,4
3276,75,1092,11/1/2024,5
3277,1493,1093,19/1/2024,5
3278,1037,1093,11/1/2024,5
3279,1983,1093,17/3/2024,5
3280,1911,1094,15/2/2024,3
3281,677,1094,14/2/2024,5
3282,1499,1094,1/1/2024,4
3283,295,1095,9/2/2024,5
3284,1561,1095,19/1/2024,5
3285,191,1095,16/3/2024,3
3286,787,1096,12/3/2024,3
3287,808,1096,12/3/2024,5
3288,86,1096,1/3/2024,3
3289,621,1097,12/1/2024,3
3290,1953,1097,1/3/2024,3
3291,399,1097,2/2/2024,3
3292,1166,1098,14/2/2024,5
3293,856,1098,30/3/2024,3
3294,875,1098,9/3/2024,3
3295,1164,1099,8/1/2024,4
3296,1877,1099,25/1/2024,5
3297,2,1099,31/3/2024,3
3298,335,1100,15/2/2024,4
3299,544,1100,27/3/2024,3
3300,1612,1100,30/1/2024,5
3301,449,1101,16/2/2024,4
3302,1875,1101,27/3/2024,4
3303,1895,1101,18/2/2024,5
3304,234,1102,16/2/2024,4
3305,1371,1102,24/3/2024,4
3306,1663,1102,22/3/2024,3
3307,1264,1103,18/1/2024,4
3308,1743,1103,6/3/2024,5
3309,1958,1103,8/3/2024,3
3310,1182,1104,2/2/2024,4
3311,1123,1104,5/2/2024,3
3312,1294,1104,22/3/2024,5
3313,1079,1105,19/1/2024,4
3314,1368,1105,28/1/2024,5
3315,1066,1105,9/2/2024,5
3316,1652,1106,24/3/2024,4
3317,1594,1106,16/3/2024,4
3318,464,1106,15/1/2024,3
3319,889,1107,10/2/2024,5
3320,558,1107,8/2/2024,4
3321,1925,1107,2/1/2024,5
3322,616,1108,3/3/2024,4
3323,1993,1108,29/1/2024,5
3324,106,1108,14/3/2024,3
3325,616,1109,6/3/2024,5
3326,219,1109,20/2/2024,4
3327,1137,1109,15/3/2024,3
3328,1730,1110,17/3/2024,3
3329,1804,1110,10/1/2024,4
3330,951,1110,14/1/2024,3
3331,1897,1111,22/3/2024,5
3332,1429,1111,20/2/2024,5
3333,1036,1111,13/3/2024,4
3334,846,1112,8/2/2024,5
3335,859,1112,28/1/2024,4
3336,679,1112,3/1/2024,3
3337,167,1113,24/3/2024,5
3338,333,1113,10/3/2024,4
3339,986,1113,27/1/2024,5
3340,1588,1114,2/1/2024,3
3341,1897,1114,7/2/2024,3
3342,893,1114,3/1/2024,5
3343,1670,1115,16/1/2024,3
3344,316,1115,9/2/2024,4
3345,970,1115,2/1/2024,5
3346,684,1116,21/3/2024,5
3347,243,1116,10/2/2024,3
3348,483,1116,12/1/2024,4
3349,1801,1117,4/2/2024,5
3350,1901,1117,5/3/2024,5
3351,1206,1117,24/2/2024,3
3352,831,1118,14/2/2024,3
3353,1740,1118,19/3/2024,4
3354,587,1118,30/3/2024,4
3355,1251,1119,25/3/2024,3
3356,689,1119,2/3/2024,4
3357,1225,1119,18/2/2024,3
3358,1216,1120,25/1/2024,5
3359,1748,1120,23/1/2024,3
3360,207,1120,24/1/2024,3
3361,169,1121,7/2/2024,3
3362,308,1121,28/1/2024,5
3363,878,1121,21/1/2024,4
3364,1837,1122,23/2/2024,4
3365,1914,1122,18/1/2024,4
3366,106,1122,5/2/2024,3
3367,966,1123,14/2/2024,3
3368,67,1123,13/3/2024,4
3369,597,1123,22/2/2024,5
3370,1391,1124,30/1/2024,5
3371,1365,1124,29/2/2024,5
3372,180,1124,1/2/2024,5
3373,339,1125,7/3/2024,3
3374,677,1125,7/3/2024,4
3375,80,1125,28/1/2024,5
3376,169,1126,13/2/2024,3
3377,1259,1126,19/3/2024,3
3378,1683,1126,10/2/2024,3
3379,1617,1127,3/3/2024,4
3380,1838,1127,23/1/2024,3
3381,1688,1127,15/3/2024,4
3382,221,1128,17/2/2024,4
3383,1216,1128,1/2/2024,4
3384,1261,1128,26/2/2024,4
3385,147,1129,2/2/2024,3
3386,583,1129,24/1/2024,3
3387,134,1129,8/2/2024,3
3388,1242,1130,3/2/2024,5
3389,323,1130,25/2/2024,5
3390,197,1130,28/1/2024,4
3391,1243,1131,6/2/2024,4
3392,1412,1131,7/1/2024,4
3393,66,1131,8/3/2024,4
3394,1746,1132,6/2/2024,4
3395,1362,1132,25/2/2024,5
3396,1424,1132,5/3/2024,4
3397,1660,1133,5/3/2024,3
3398,735,1133,16/2/2024,4
3399,628,1133,20/1/2024,3
3400,1339,1134,19/1/2024,3
3401,857,1134,29/1/2024,3
3402,1627,1134,14/3/2024,3
3403,1365,1135,29/2/2024,4
3404,432,1135,18/1/2024,4
3405,945,1135,4/2/2024,4
3406,1441,1136,12/2/2024,4
3407,76,1136,31/3/2024,4
3408,121,1136,11/1/2024,5
3409,1793,1137,18/2/2024,3
3410,303,1137,7/2/2024,3
3411,920,1137,4/3/2024,5
3412,306,1138,9/3/2024,5
3413,579,1138,8/1/2024,4
3414,1409,1138,3/2/2024,4
3415,1187,1139,17/2/2024,3
3416,1472,1139,25/2/2024,4
3417,892,1139,16/3/2024,3
3418,252,1140,5/3/2024,4
3419,1494,1140,31/1/2024,4
3420,620,1140,4/1/2024,3
3421,1835,1141,19/2/2024,5
3422,1344,1141,9/3/2024,5
3423,746,1141,30/1/2024,4
3424,801,1142,28/3/2024,5
3425,707,1142,28/2/2024,4
3426,101,1142,7/3/2024,5
3427,1723,1143,15/3/2024,5
3428,798,1143,14/2/2024,3
3429,1665,1143,4/1/2024,5
3430,950,1144,26/1/2024,4
3431,1606,1144,27/1/2024,3
3432,921,1144,15/2/2024,5
3433,1671,1145,4/3/2024,3
3434,1527,1145,31/3/2024,5
3435,1349,1145,20/2/2024,4
3436,1963,1146,19/2/2024,4
3437,1778,1146,6/1/2024,3
3438,16,1146,28/2/2024,5
3439,1955,1147,15/1/2024,5
3440,852,1147,30/1/2024,3
3441,998,1147,11/2/2024,3
3442,304,1148,6/2/2024,4
3443,1811,1148,11/2/2024,3
3444,492,1148,4/2/2024,5
3445,1237,1149,27/3/2024,3
3446,1961,1149,6/1/2024,4
3447,1859,1149,8/3/2024,3
3448,1477,1150,18/1/2024,5
3449,856,1150,13/3/2024,3
3450,1579,1150,29/1/2024,3
3451,1294,1151,17/3/2024,3
3452,1457,1151,28/2/2024,4
3453,1639,1151,16/2/2024,4
3454,764,1152,17/1/2024,4
3455,6,1152,22/1/2024,4
3456,989,1152,8/3/2024,5
3457,414,1153,9/3/2024,5
3458,303,1153,6/2/2024,4
3459,1394,1153,18/2/2024,4
3460,561,1154,13/1/2024,4
3461,801,1154,3/2/2024,3
3462,1210,1154,26/3/2024,5
3463,1898,1155,22/2/2024,3
3464,403,1155,27/3/2024,4
3465,1577,1155,20/2/2024,5
3466,932,1156,3/1/2024,4
3467,1121,1156,11/2/2024,3
3468,1104,1156,1/2/2024,5
3469,92,1157,20/2/2024,3
3470,682,1157,25/3/2024,5
3471,835,1157,15/2/2024,4
3472,1285,1158,21/1/2024,5
3473,972,1158,13/2/2024,3
3474,1903,1158,11/1/2024,3
3475,1873,1159,8/3/2024,3
3476,1172,1159,1/1/2024,3
3477,1891,1159,3/3/2024,4
3478,1710,1160,24/1/2024,3
3479,457,1160,13/1/2024,4
3480,543,1160,11/1/2024,5
3481,1826,1161,20/2/2024,3
3482,1673,1161,17/1/2024,5
3483,1369,1161,22/3/2024,5
3484,521,1162,26/3/2024,4
3485,544,1162,24/1/2024,3
3486,1087,1162,19/1/2024,4
3487,84,1163,6/2/2024,3
3488,1950,1163,25/3/2024,5
3489,490,1163,8/1/2024,4
3490,5,1164,28/1/2024,3
3491,98,1164,5/1/2024,5
3492,1644,1164,17/1/2024,4
3493,1097,1165,5/2/2024,4
3494,1925,1165,19/1/2024,4
3495,34,1165,4/3/2024,4
3496,1779,1166,31/3/2024,5
3497,1575,1166,11/1/2024,5
3498,1359,1166,23/2/2024,5
3499,1018,1167,14/2/2024,5
3500,438,1167,16/2/2024,3
3501,1355,1167,12/1/2024,5
3502,589,1168,21/1/2024,4
3503,1752,1168,11/1/2024,4
3504,1896,1168,5/1/2024,4
3505,1149,1169,21/3/2024,4
3506,363,1169,25/2/2024,3
3507,1344,1169,20/1/2024,4
3508,30,1170,10/2/2024,4
3509,164,1170,15/2/2024,4
3510,1325,1170,12/1/2024,5
3511,1939,1171,10/3/2024,5
3512,43,1171,17/1/2024,3
3513,266,1171,19/1/2024,3
3514,347,1172,26/1/2024,3
3515,1376,1172,17/2/2024,4
3516,852,1172,21/2/2024,3
3517,1856,1173,10/3/2024,5
3518,418,1173,24/2/2024,5
3519,741,1173,15/3/2024,5
3520,1567,1174,2/2/2024,4
3521,634,1174,2/3/2024,4
3522,1417,1174,28/3/2024,3
3523,1309,1175,23/1/2024,3
3524,157,1175,15/1/2024,3
3525,1789,1175,27/1/2024,3
3526,1748,1176,15/3/2024,4
3527,1953,1176,4/3/2024,5
3528,136,1176,21/3/2024,4
3529,1977,1177,20/2/2024,3
3530,233,1177,22/2/2024,4
3531,692,1177,18/3/2024,5
3532,1025,1178,31/3/2024,4
3533,953,1178,22/3/2024,5
3534,251,1178,20/2/2024,3
3535,1369,1179,16/2/2024,4
3536,570,1179,4/1/2024,3
3537,730,1179,7/1/2024,3
3538,724,1180,4/2/2024,5
3539,795,1180,17/2/2024,5
3540,1117,1180,13/3/2024,3
3541,1486,1181,12/3/2024,5
3542,1866,1181,14/2/2024,5
3543,1648,1181,21/3/2024,3
3544,130,1182,21/3/2024,3
3545,299,1182,12/3/2024,5
3546,329,1182,19/1/2024,3
3547,1670,1183,3/3/2024,3
3548,398,1183,7/2/2024,5
3549,1894,1183,7/3/2024,4
3550,62,1184,28/2/2024,4
3551,1748,1184,9/3/2024,3
3552,1624,1184,13/1/2024,5
3553,213,1185,16/2/2024,3
3554,1589,1185,1/3/2024,5
3555,435,1185,31/1/2024,3
3556,390,1186,20/3/2024,3
3557,1306,1186,22/1/2024,5
3558,1585,1186,26/3/2024,3
3559,1532,1187,12/2/2024,4
3560,2000,1187,7/3/2024,4
3561,1710,1187,23/2/2024,5
3562,1142,1188,10/1/2024,3
3563,794,1188,11/2/2024,4
3564,1316,1188,4/3/2024,5
3565,408,1189,21/1/2024,5
3566,75,1189,20/3/2024,5
3567,386,1189,16/3/2024,4
3568,1170,1190,6/3/2024,4
3569,36,1190,10/2/2024,4
3570,1329,1190,24/1/2024,4
3571,852,1191,4/2/2024,3
3572,1986,1191,25/2/2024,4
3573,1766,1191,30/1/2024,5
3574,175,1192,26/2/2024,3
3575,1727,1192,16/2/2024,4
3576,1218,1192,4/2/2024,3
3577,1150,1193,19/1/2024,5
3578,1215,1193,8/1/2024,4
3579,970,1193,26/1/2024,3
3580,1134,1194,11/3/2024,4
3581,1487,1194,30/1/2024,3
3582,246,1194,7/1/2024,3
3583,1661,1195,7/3/2024,5
3584,1611,1195,5/3/2024,5
3585,504,1195,5/2/2024,4
3586,1100,1196,25/1/2024,4
3587,601,1196,6/2/2024,3
3588,1759,1196,1/1/2024,5
3589,113,1197,15/1/2024,5
3590,1362,1197,6/2/2024,3
3591,1426,1197,13/1/2024,5
3592,1671,1198,8/1/2024,5
3593,314,1198,5/1/2024,3
3594,697,1198,29/2/2024,4
3595,153,1199,13/3/2024,4
3596,746,1199,1/1/2024,4
3597,1021,1199,5/2/2024,3
3598,1513,1200,4/2/2024,4
3599,834,1200,6/3/2024,3
3600,54,1200,3/3/2024,3
3601,672,1201,23/1/2024,5
3602,1458,1201,9/1/2024,5
3603,1781,1201,3/2/2024,4
3604,1908,1202,15/2/2024,3
3605,1235,1202,18/3/2024,4
3606,1745,1202,4/1/2024,4
3607,743,1203,30/1/2024,5
3608,195,1203,15/3/2024,4
3609,1573,1203,12/3/2024,4
3610,652,1204,3/1/2024,5
3611,375,1204,14/1/2024,4
3612,435,1204,29/2/2024,4
3613,1640,1205,17/3/2024,3
3614,475,1205,14/2/2024,4
3615,567,1205,3/2/2024,5
3616,1724,1206,14/2/2024,5
3617,1546,1206,1/3/2024,3
3618,1870,1206,23/3/2024,5
3619,1663,1207,16/1/2024,5
3620,1916,1207,6/3/2024,5
3621,1783,1207,9/2/2024,4
3622,609,1208,17/1/2024,3
3623,1348,1208,3/2/2024,3
3624,206,1208,16/1/2024,3
3625,1541,1209,29/2/2024,3
3626,639,1209,6/3/2024,5
3627,191,1209,6/3/2024,4
3628,552,1210,30/3/2024,5
3629,281,1210,13/1/2024,5
3630,194,1210,25/2/2024,5
3631,9,1211,31/1/2024,5
3632,1826,1211,3/2/2024,3
3633,88,1211,8/2/2024,3
3634,1658,1212,7/3/2024,4
3635,832,1212,8/1/2024,5
3636,219,1212,27/3/2024,3
3637,326,1213,18/3/2024,4
3638,1925,1213,24/2/2024,5
3639,1834,1213,27/1/2024,5
3640,168,1214,22/2/2024,3
3641,345,1214,8/2/2024,5
3642,1329,1214,5/3/2024,5
3643,1436,1215,17/1/2024,3
3644,1292,1215,30/1/2024,4
3645,964,1215,22/2/2024,4
3646,1493,1216,13/1/2024,3
3647,347,1216,21/1/2024,3
3648,489,1216,19/1/2024,4
3649,11,1217,22/2/2024,4
3650,1793,1217,19/1/2024,3
3651,1182,1217,26/2/2024,3
3652,1009,1218,25/1/2024,3
3653,488,1218,26/3/2024,5
3654,881,1218,31/1/2024,3
3655,1256,1219,21/3/2024,5
3656,395,1219,24/2/2024,4
3657,600,1219,23/1/2024,4
3658,279,1220,1/2/2024,3
3659,1995,1220,2/3/2024,3
3660,843,1220,14/3/2024,4
3661,590,1221,10/1/2024,4
3662,511,1221,12/3/2024,4
3663,1754,1221,23/2/2024,4
3664,1448,1222,21/2/2024,3
3665,523,1222,20/1/2024,5
3666,1020,1222,1/2/2024,4
3667,235,1223,14/1/2024,4
3668,1210,1223,19/2/2024,5
3669,1530,1223,28/1/2024,3
3670,1416,1224,22/2/2024,5
3671,1181,1224,24/1/2024,3
3672,1668,1224,19/3/2024,3
3673,246,1225,22/1/2024,3
3674,272,1225,30/1/2024,3
3675,473,1225,3/3/2024,3
3676,1526,1226,4/1/2024,4
3677,1498,1226,17/3/2024,3
3678,1401,1226,28/2/2024,4
3679,273,1227,27/3/2024,3
3680,567,1227,8/1/2024,4
3681,1177,1227,22/3/2024,5
3682,1335,1228,12/1/2024,5
3683,1469,1228,31/1/2024,4
3684,1700,1228,18/3/2024,3
3685,847,1229,3/2/2024,4
3686,700,1229,22/3/2024,4
3687,916,1229,15/3/2024,3
3688,302,1230,16/3/2024,5
3689,1780,1230,18/2/2024,4
3690,666,1230,19/3/2024,5
3691,776,1231,26/2/2024,5
3692,1394,1231,26/1/2024,5
3693,909,1231,18/1/2024,4
3694,1757,1232,26/3/2024,4
3695,424,1232,7/2/2024,3
3696,724,1232,21/3/2024,3
3697,1782,1233,27/3/2024,4
3698,1004,1233,28/3/2024,3
3699,1944,1233,19/2/2024,5
3700,896,1234,8/1/2024,5
3701,517,1234,10/2/2024,4
3702,888,1234,6/1/2024,5
3703,325,1235,9/3/2024,4
3704,1601,1235,13/2/2024,4
3705,1533,1235,4/3/2024,4
3706,1074,1236,29/1/2024,5
3707,418,1236,28/1/2024,4
3708,227,1236,11/1/2024,4
3709,289,1237,5/3/2024,3
3710,573,1237,19/1/2024,5
3711,873,1237,9/1/2024,4
3712,970,1238,27/1/2024,3
3713,134,1238,3/2/2024,4
3714,931,1238,13/2/2024,5
3715,621,1239,8/3/2024,3
3716,921,1239,22/3/2024,3
3717,1410,1239,15/1/2024,4
3718,1720,1240,20/2/2024,4
3719,1974,1240,13/1/2024,5
3720,553,1240,23/3/2024,5
3721,984,1241,18/2/2024,4
3722,898,1241,10/3/2024,3
3723,36,1241,25/2/2024,5
3724,1322,1242,16/3/2024,5
3725,788,1242,20/2/2024,3
3726,1943,1242,6/2/2024,4
3727,1044,1243,17/1/2024,5
3728,225,1243,27/2/2024,3
3729,1478,1243,27/3/2024,5
3730,1070,1244,30/3/2024,3
3731,1413,1244,29/1/2024,5
3732,557,1244,2/2/2024,4
3733,1638,1245,29/2/2024,3
3734,1529,1245,31/3/2024,5
3735,42,1245,29/3/2024,5
3736,1162,1246,24/2/2024,3
3737,495,1246,10/1/2024,3
3738,517,1246,16/2/2024,4
3739,1552,1247,23/1/2024,3
3740,1753,1247,25/3/2024,5
3741,1177,1247,21/1/2024,4
3742,1888,1248,13/1/2024,3
3743,1286,1248,2/2/2024,5
3744,1083,1248,24/1/2024,3
3745,306,1249,11/1/2024,5
3746,671,1249,17/1/2024,5
3747,860,1249,8/3/2024,4
3748,699,1250,16/2/2024,4
3749,986,1250,25/1/2024,3
3750,384,1250,13/3/2024,4
3751,1501,1251,21/1/2024,3
3752,1477,1251,24/3/2024,4
3753,515,1251,23/3/2024,4
3754,1201,1252,23/3/2024,3
3755,1288,1252,12/1/2024,4
3756,1372,1252,6/2/2024,4
3757,1158,1253,11/2/2024,4
3758,731,1253,17/1/2024,4
3759,779,1253,17/2/2024,3
3760,1280,1254,28/1/2024,5
3761,1824,1254,10/2/2024,3
3762,666,1254,16/2/2024,3
3763,1757,1255,18/1/2024,3
3764,731,1255,18/3/2024,4
3765,1555,1255,11/3/2024,4
3766,1091,1256,13/1/2024,5
3767,1010,1256,22/3/2024,4
3768,883,1256,13/1/2024,5
3769,34,1257,31/1/2024,5
3770,212,1257,2/1/2024,4
3771,1835,1257,16/1/2024,5
3772,474,1258,9/1/2024,3
3773,1775,1258,13/3/2024,3
3774,420,1258,7/2/2024,3
3775,845,1259,15/3/2024,5
3776,1513,1259,23/2/2024,5
3777,211,1259,25/2/2024,3
3778,904,1260,26/3/2024,4
3779,453,1260,27/3/2024,3
3780,448,1260,14/2/2024,4
3781,199,1261,3/2/2024,4
3782,526,1261,9/1/2024,5
3783,1881,1261,28/3/2024,5
3784,838,1262,8/1/2024,4
3785,575,1262,7/1/2024,4
3786,1823,1262,5/2/2024,4
3787,1830,1263,18/1/2024,5
3788,192,1263,3/1/2024,3
3789,1892,1263,28/1/2024,4
3790,1253,1264,10/3/2024,5
3791,192,1264,13/2/2024,3
3792,1621,1264,21/1/2024,5
3793,1100,1265,28/1/2024,3
3794,91,1265,23/2/2024,5
3795,1412,1265,23/2/2024,3
3796,1109,1266,5/3/2024,4
3797,1347,1266,21/1/2024,5
3798,1897,1266,13/1/2024,3
3799,1674,1267,26/2/2024,3
3800,1630,1267,18/2/2024,3
3801,1818,1267,23/2/2024,4
3802,205,1268,10/1/2024,5
3803,1032,1268,22/2/2024,3
3804,470,1268,13/2/2024,4
3805,569,1269,16/2/2024,4
3806,875,1269,22/2/2024,4
3807,1915,1269,14/3/2024,4
3808,1543,1270,15/2/2024,4
3809,1140,1270,13/1/2024,4
3810,56,1270,6/2/2024,4
3811,1285,1271,24/1/2024,5
3812,44,1271,2/1/2024,5
3813,395,1271,26/3/2024,4
3814,1685,1272,21/3/2024,3
3815,480,1272,14/1/2024,3
3816,1501,1272,10/1/2024,3
3817,402,1273,4/2/2024,4
3818,405,1273,25/1/2024,3
3819,605,1273,3/1/2024,5
3820,126,1274,17/1/2024,5
3821,463,1274,12/1/2024,5
3822,276,1274,23/2/2024,5
3823,242,1275,24/1/2024,4
3824,751,1275,29/1/2024,5
3825,1710,1275,12/2/2024,3
3826,316,1276,25/1/2024,3
3827,1708,1276,29/2/2024,5
3828,971,1276,30/3/2024,5
3829,16,1277,5/3/2024,5
3830,768,1277,24/3/2024,3
3831,1092,1277,28/1/2024,3
3832,1402,1278,16/1/2024,5
3833,223,1278,16/2/2024,3
3834,1566,1278,21/3/2024,3
3835,434,1279,27/2/2024,4
3836,315,1279,16/3/2024,5
3837,223,1279,27/1/2024,5
3838,470,1280,22/2/2024,4
3839,546,1280,11/2/2024,4
3840,1462,1280,28/2/2024,3
3841,1811,1281,16/2/2024,4
3842,1946,1281,3/2/2024,5
3843,1842,1281,6/2/2024,5
3844,676,1282,6/1/2024,5
3845,323,1282,7/1/2024,3
3846,1092,1282,25/1/2024,3
3847,442,1283,2/2/2024,5
3848,871,1283,24/2/2024,5
3849,1252,1283,27/2/2024,3
3850,572,1284,7/1/2024,3
3851,533,1284,26/2/2024,4
3852,439,1284,12/1/2024,3
3853,402,1285,16/1/2024,3
3854,606,1285,20/3/2024,5
3855,1583,1285,12/2/2024,5
3856,953,1286,17/3/2024,5
3857,1792,1286,7/1/2024,4
3858,237,1286,20/2/2024,3
3859,1845,1287,13/3/2024,4
3860,471,1287,1/2/2024,3
3861,1945,1287,15/3/2024,3
3862,1148,1288,8/1/2024,5
3863,809,1288,27/3/2024,3
3864,1460,1288,29/3/2024,4
3865,109,1289,12/3/2024,5
3866,369,1289,14/2/2024,4
3867,1794,1289,26/3/2024,4
3868,1637,1290,28/2/2024,5
3869,493,1290,4/1/2024,3
3870,1042,1290,7/3/2024,4
3871,1114,1291,29/1/2024,3
3872,495,1291,29/1/2024,5
3873,1132,1291,28/1/2024,3
3874,695,1292,17/3/2024,3
3875,1101,1292,19/3/2024,5
3876,532,1292,27/3/2024,3
3877,681,1293,13/2/2024,4
3878,279,1293,30/3/2024,4
3879,91,1293,4/1/2024,4
3880,1005,1294,30/3/2024,3
3881,287,1294,9/1/2024,4
3882,1432,1294,5/1/2024,3
3883,1061,1295,25/2/2024,3
3884,1280,1295,24/3/2024,3
3885,147,1295,19/2/2024,3
3886,1477,1296,15/3/2024,5
3887,165,1296,15/1/2024,4
3888,944,1296,1/2/2024,4
3889,1396,1297,28/1/2024,3
3890,1736,1297,22/1/2024,5
3891,62,1297,17/1/2024,3
3892,1568,1298,28/2/2024,4
3893,1598,1298,30/3/2024,4
3894,1588,1298,11/3/2024,5
3895,1768,1299,26/2/2024,3
3896,172,1299,26/1/2024,5
3897,338,1299,25/1/2024,3
3898,167,1300,10/1/2024,5
3899,1409,1300,14/2/2024,4
3900,985,1300,23/3/2024,5
3901,900,1301,11/1/2024,4
3902,1327,1301,17/3/2024,4
3903,118,1301,22/2/2024,3
3904,53,1302,12/3/2024,5
3905,724,1302,8/3/2024,5
3906,777,1302,28/1/2024,5
3907,1628,1303,15/3/2024,5
3908,1323,1303,5/3/2024,3
3909,1542,1303,18/2/2024,3
3910,535,1304,16/2/2024,3
3911,175,1304,21/2/2024,4
3912,1665,1304,28/3/2024,4
3913,1230,1305,23/2/2024,4
3914,1106,1305,29/2/2024,3
3915,589,1305,26/2/2024,4
3916,1070,1306,16/2/2024,5
3917,309,1306,31/1/2024,4
3918,1689,1306,15/2/2024,3
3919,1027,1307,26/1/2024,3
3920,1615,1307,5/1/2024,3
3921,644,1307,24/3/2024,3
3922,961,1308,21/2/2024,5
3923,1039,1308,15/3/2024,4
3924,958,1308,23/2/2024,4
3925,91,1309,2/2/2024,3
3926,101,1309,19/2/2024,4
3927,1356,1309,7/2/2024,5
3928,1815,1310,27/1/2024,3
3929,774,1310,15/1/2024,4
3930,1304,1310,1/3/2024,4
3931,182,1311,21/1/2024,4
3932,1483,1311,15/2/2024,4
3933,564,1311,9/3/2024,3
3934,308,1312,6/1/2024,3
3935,774,1312,7/2/2024,5
3936,252,1312,2/3/2024,3
3937,846,1313,26/3/2024,4
3938,1634,1313,2/3/2024,4
3939,1048,1313,22/3/2024,4
3940,659,1314,18/3/2024,5
3941,1355,1314,14/3/2024,3
3942,750,1314,15/2/2024,3
3943,1683,1315,13/1/2024,3
3944,1608,1315,3/1/2024,4
3945,769,1315,6/1/2024,4
3946,1132,1316,8/1/2024,4
3947,1281,1316,13/2/2024,5
3948,109,1316,2/2/2024,5
3949,426,1317,21/3/2024,4
3950,841,1317,15/3/2024,5
3951,1754,1317,17/3/2024,5
3952,1144,1318,19/2/2024,5
3953,1266,1318,11/1/2024,3
3954,1611,1318,28/1/2024,5
3955,1582,1319,10/3/2024,4
3956,1595,1319,10/2/2024,3
3957,379,1319,16/1/2024,5
3958,133,1320,8/3/2024,4
3959,549,1320,17/2/2024,5
3960,1901,1320,25/2/2024,4
3961,1773,1321,4/3/2024,4
3962,518,1321,28/2/2024,5
3963,255,1321,30/3/2024,5
3964,1875,1322,2/3/2024,3
3965,1513,1322,16/3/2024,5
3966,536,1322,11/1/2024,4
3967,1971,1323,29/3/2024,3
3968,1122,1323,18/1/2024,4
3969,1021,1323,19/1/2024,4
3970,1057,1324,27/3/2024,5
3971,775,1324,24/2/2024,4
3972,1083,1324,22/3/2024,5
3973,819,1325,26/1/2024,4
3974,497,1325,6/1/2024,3
3975,1379,1325,4/1/2024,5
3976,290,1326,29/1/2024,3
3977,1268,1326,28/2/2024,5
3978,1487,1326,17/1/2024,3
3979,1069,1327,12/2/2024,5
3980,1322,1327,20/3/2024,3
3981,835,1327,6/3/2024,3
3982,325,1328,3/2/2024,5
3983,498,1328,8/1/2024,5
3984,1550,1328,13/1/2024,4
3985,755,1329,8/1/2024,4
3986,883,1329,5/3/2024,5
3987,214,1329,12/2/2024,5
3988,1968,1330,8/2/2024,3
3989,169,1330,21/3/2024,3
3990,1789,1330,28/2/2024,4
3991,1684,1331,24/3/2024,4
3992,598,1331,28/3/2024,4
3993,321,1331,26/3/2024,3
3994,1938,1332,26/3/2024,3
3995,1552,1332,13/2/2024,3
3996,1775,1332,9/1/2024,4
3997,383,1333,6/2/2024,5
3998,1616,1333,14/3/2024,4
3999,1477,1333,5/2/2024,3
4000,697,1334,28/1/2024,4
4001,1400,1334,11/2/2024,4
4002,602,1334,12/2/2024,4
4003,1965,1335,25/3/2024,4
4004,1370,1335,28/3/2024,3
4005,963,1335,11/2/2024,4
4006,631,1336,6/3/2024,3
4007,1623,1336,24/2/2024,4
4008,1768,1336,12/3/2024,3
4009,1051,1337,17/2/2024,5
4010,1967,1337,31/3/2024,3
4011,1035,1337,22/1/2024,3
4012,1582,1338,27/1/2024,5
4013,1497,1338,7/3/2024,5
4014,755,1338,13/1/2024,5
4015,1139,1339,14/2/2024,5
4016,1063,1339,10/1/2024,5
4017,1701,1339,9/1/2024,5
4018,680,1340,23/2/2024,4
4019,954,1340,27/1/2024,4
4020,1704,1340,3/2/2024,5
4021,1380,1341,1/1/2024,3
4022,77,1341,1/2/2024,3
4023,1407,1341,29/3/2024,5
4024,1747,1342,11/3/2024,4
4025,490,1342,7/3/2024,4
4026,1877,1342,24/3/2024,3
4027,428,1343,20/1/2024,5
4028,398,1343,4/2/2024,4
4029,528,1343,31/3/2024,5
4030,646,1344,30/3/2024,5
4031,809,1344,18/3/2024,3
4032,1653,1344,17/1/2024,5
4033,1651,1345,18/1/2024,5
4034,185,1345,14/2/2024,3
4035,1457,1345,24/3/2024,4
4036,932,1346,22/2/2024,5
4037,956,1346,31/3/2024,3
4038,1115,1346,22/3/2024,4
4039,1243,1347,8/3/2024,5
4040,494,1347,5/3/2024,4
4041,188,1347,1/1/2024,3
4042,1009,1348,27/2/2024,5
4043,276,1348,26/1/2024,3
4044,1319,1348,20/1/2024,3
4045,463,1349,27/3/2024,5
4046,1808,1349,10/1/2024,3
4047,1751,1349,28/2/2024,4
4048,1482,1350,15/3/2024,3
4049,1959,1350,10/2/2024,5
4050,1881,1350,5/1/2024,5
4051,1560,1351,5/3/2024,4
4052,1018,1351,17/1/2024,5
4053,798,1351,22/1/2024,3
4054,946,1352,10/2/2024,3
4055,1758,1352,8/3/2024,5
4056,1596,1352,9/3/2024,4
4057,1476,1353,11/1/2024,4
4058,1827,1353,25/2/2024,5
4059,22,1353,20/2/2024,3
4060,428,1354,21/1/2024,5
4061,1661,1354,16/3/2024,5
4062,1201,1354,26/1/2024,4
4063,686,1355,19/1/2024,3
4064,230,1355,29/2/2024,4
4065,262,1355,11/3/2024,4
4066,1073,1356,16/2/2024,3
4067,501,1356,11/3/2024,3
4068,684,1356,26/1/2024,3
4069,1305,1357,9/2/2024,5
4070,541,1357,5/1/2024,3
4071,1686,1357,21/1/2024,5
4072,246,1358,18/3/2024,4
4073,1878,1358,4/1/2024,3
4074,1807,1358,23/1/2024,5
4075,1393,1359,24/3/2024,5
4076,803,1359,15/1/2024,5
4077,1249,1359,8/1/2024,5
4078,275,1360,10/2/2024,4
4079,157,1360,19/1/2024,3
4080,1237,1360,15/2/2024,3
4081,1656,1361,28/1/2024,3
4082,1784,1361,31/3/2024,3
4083,1310,1361,8/3/2024,3
4084,588,1362,15/1/2024,3
4085,1105,1362,6/2/2024,5
4086,463,1362,1/1/2024,3
4087,814,1363,7/3/2024,5
4088,978,1363,24/1/2024,4
4089,1717,1363,27/1/2024,5
4090,1202,1364,9/2/2024,4
4091,1550,1364,3/3/2024,3
4092,399,1364,1/3/2024,4
4093,1670,1365,5/2/2024,4
4094,1929,1365,24/1/2024,5
4095,1243,1365,24/1/2024,5
4096,1036,1366,4/1/2024,4
4097,151,1366,7/3/2024,4
4098,925,1366,3/2/2024,3
4099,687,1367,26/2/2024,5
4100,857,1367,18/2/2024,4
4101,189,1367,27/3/2024,5
4102,1913,1368,22/2/2024,3
4103,1425,1368,23/1/2024,3
4104,267,1368,9/3/2024,4
4105,1098,1369,22/2/2024,3
4106,1927,1369,2/3/2024,4
4107,1699,1369,10/2/2024,5
4108,1292,1370,26/2/2024,5
4109,1594,1370,29/2/2024,4
4110,487,1370,23/2/2024,4
4111,1917,1371,10/3/2024,4
4112,878,1371,26/2/2024,5
4113,1979,1371,10/1/2024,5
4114,1064,1372,9/2/2024,3
4115,239,1372,7/1/2024,3
4116,874,1372,7/2/2024,5
4117,1923,1373,25/3/2024,5
4118,1934,1373,1/3/2024,4
4119,1792,1373,24/3/2024,5
4120,1066,1374,3/1/2024,5
4121,740,1374,20/2/2024,3
4122,815,1374,26/3/2024,3
4123,182,1375,16/2/2024,4
4124,792,1375,8/3/2024,3
4125,1403,1375,16/3/2024,4
4126,149,1376,7/2/2024,5
4127,1926,1376,5/2/2024,5
4128,205,1376,10/2/2024,4
4129,1573,1377,9/3/2024,3
4130,521,1377,13/1/2024,3
4131,729,1377,27/3/2024,5
4132,1675,1378,27/2/2024,3
4133,1043,1378,19/2/2024,4
4134,376,1378,30/1/2024,5
4135,1172,1379,2/3/2024,3
4136,995,1379,25/1/2024,5
4137,870,1379,27/1/2024,5
4138,1320,1380,20/2/2024,3
4139,1273,1380,18/3/2024,4
4140,1075,1380,26/2/2024,3
4141,595,1381,16/2/2024,3
4142,238,1381,8/2/2024,3
4143,623,1381,16/1/2024,3
4144,11,1382,22/1/2024,3
4145,917,1382,25/3/2024,3
4146,702,1382,23/2/2024,4
4147,487,1383,21/1/2024,5
4148,1768,1383,12/3/2024,4
4149,1509,1383,16/1/2024,3
4150,280,1384,28/2/2024,4
4151,95,1384,31/1/2024,5
4152,479,1384,11/2/2024,4
4153,1259,1385,14/3/2024,3
4154,110,1385,1/2/2024,5
4155,1367,1385,28/2/2024,3
4156,925,1386,3/2/2024,3
4157,1241,1386,9/1/2024,5
4158,1040,1386,21/3/2024,5
4159,1157,1387,11/1/2024,3
4160,1450,1387,10/1/2024,4
4161,1646,1387,26/3/2024,5
4162,586,1388,17/1/2024,4
4163,373,1388,8/3/2024,4
4164,1464,1388,17/2/2024,5
4165,523,1389,21/2/2024,4
4166,1654,1389,25/1/2024,5
4167,826,1389,21/1/2024,5
4168,1447,1390,5/3/2024,5
4169,1278,1390,3/3/2024,5
4170,1571,1390,29/3/2024,4
4171,1173,1391,20/2/2024,4
4172,1781,1391,5/2/2024,5
4173,1701,1391,21/3/2024,5
4174,1315,1392,28/3/2024,5
4175,1556,1392,6/3/2024,5
4176,1528,1392,15/1/2024,3
4177,184,1393,8/2/2024,4
4178,606,1393,10/3/2024,4
4179,1097,1393,1/1/2024,5
4180,1187,1394,23/1/2024,3
4181,1305,1394,8/2/2024,3
4182,509,1394,26/2/2024,3
4183,677,1395,21/3/2024,5
4184,211,1395,3/2/2024,3
4185,44,1395,10/2/2024,5
4186,1818,1396,13/3/2024,3
4187,1167,1396,13/1/2024,5
4188,1623,1396,10/3/2024,5
4189,1953,1397,6/1/2024,4
4190,1824,1397,24/3/2024,5
4191,222,1397,21/2/2024,3
4192,1719,1398,3/1/2024,4
4193,603,1398,21/3/2024,3
4194,1590,1398,3/3/2024,5
4195,828,1399,18/2/2024,4
4196,1147,1399,16/3/2024,5
4197,836,1399,16/2/2024,5
4198,1433,1400,24/2/2024,3
4199,1143,1400,4/3/2024,3
4200,318,1400,5/3/2024,3
4201,1312,1401,21/3/2024,4
4202,937,1401,7/3/2024,3
4203,1992,1401,30/3/2024,5
4204,1315,1402,15/1/2024,4
4205,357,1402,1/2/2024,3
4206,634,1402,8/3/2024,3
4207,1932,1403,18/1/2024,3
4208,1065,1403,23/3/2024,5
4209,452,1403,12/2/2024,3
4210,1373,1404,4/2/2024,5
4211,1860,1404,18/3/2024,4
4212,1332,1404,27/2/2024,3
4213,1841,1405,2/2/2024,5
4214,284,1405,14/1/2024,3
4215,1551,1405,3/2/2024,3
4216,1713,1406,1/3/2024,4
4217,1696,1406,4/1/2024,4
4218,1838,1406,28/3/2024,5
4219,1967,1407,28/2/2024,5
4220,1818,1407,29/1/2024,5
4221,292,1407,23/3/2024,4
4222,1250,1408,6/1/2024,5
4223,700,1408,18/2/2024,4
4224,1125,1408,9/2/2024,4
4225,832,1409,23/3/2024,3
4226,1563,1409,5/3/2024,3
4227,1116,1409,9/3/2024,5
4228,890,1410,27/1/2024,4
4229,192,1410,20/3/2024,4
4230,784,1410,6/1/2024,4
4231,775,1411,13/1/2024,3
4232,834,1411,4/3/2024,4
4233,1892,1411,2/3/2024,5
4234,31,1412,19/1/2024,5
4235,987,1412,16/3/2024,3
4236,202,1412,20/3/2024,5
4237,1570,1413,12/2/2024,4
4238,1654,1413,14/3/2024,4
4239,643,1413,29/3/2024,5
4240,690,1414,20/1/2024,3
4241,516,1414,8/3/2024,4
4242,1592,1414,13/2/2024,4
4243,817,1415,23/1/2024,3
4244,306,1415,2/1/2024,4
4245,1204,1415,22/1/2024,5
4246,1741,1416,26/2/2024,5
4247,557,1416,12/3/2024,3
4248,1751,1416,7/1/2024,3
4249,1706,1417,18/3/2024,5
4250,980,1417,25/2/2024,3
4251,3,1417,7/3/2024,5
4252,1368,1418,16/1/2024,3
4253,890,1418,23/3/2024,5
4254,801,1418,20/2/2024,4
4255,129,1419,22/3/2024,4
4256,240,1419,20/3/2024,5
4257,1032,1419,12/3/2024,4
4258,154,1420,12/1/2024,5
4259,1369,1420,22/2/2024,3
4260,1668,1420,15/3/2024,4
4261,686,1421,5/1/2024,4
4262,99,1421,27/1/2024,4
4263,769,1421,12/1/2024,5
4264,115,1422,17/1/2024,4
4265,1328,1422,6/1/2024,3
4266,165,1422,5/1/2024,4
4267,1290,1423,26/2/2024,3
4268,150,1423,28/1/2024,4
4269,112,1423,18/3/2024,4
4270,836,1424,9/3/2024,3
4271,1768,1424,28/2/2024,4
4272,402,1424,2/2/2024,3
4273,1945,1425,2/3/2024,3
4274,1315,1425,19/2/2024,3
4275,1285,1425,19/1/2024,4
4276,104,1426,26/3/2024,4
4277,452,1426,9/3/2024,3
4278,554,1426,6/3/2024,4
4279,1835,1427,16/2/2024,5
4280,903,1427,8/2/2024,3
4281,1227,1427,8/3/2024,3
4282,801,1428,2/2/2024,5
4283,120,1428,13/1/2024,5
4284,1814,1428,24/3/2024,3
4285,1487,1429,23/2/2024,5
4286,1563,1429,7/1/2024,3
4287,1376,1429,19/3/2024,4
4288,1222,1430,27/3/2024,5
4289,706,1430,14/1/2024,3
4290,1138,1430,27/3/2024,3
4291,1528,1431,19/1/2024,3
4292,1485,1431,23/2/2024,5
4293,1890,1431,20/1/2024,4
4294,1891,1432,29/1/2024,4
4295,330,1432,24/1/2024,5
4296,1433,1432,22/3/2024,3
4297,137,1433,3/3/2024,3
4298,47,1433,14/3/2024,3
4299,1919,1433,26/2/2024,5
4300,1382,1434,8/1/2024,5
4301,539,1434,30/3/2024,3
4302,1988,1434,2/3/2024,3
4303,407,1435,29/1/2024,3
4304,930,1435,14/3/2024,5
4305,183,1435,17/1/2024,5
4306,1955,1436,6/3/2024,4
4307,733,1436,6/1/2024,3
4308,415,1436,27/2/2024,3
4309,1876,1437,9/3/2024,4
4310,223,1437,28/1/2024,3
4311,1116,1437,2/3/2024,4
4312,951,1438,10/2/2024,5
4313,420,1438,9/3/2024,4
4314,1389,1438,22/3/2024,4
4315,161,1439,30/3/2024,5
4316,335,1439,24/3/2024,3
4317,778,1439,10/2/2024,4
4318,449,1440,18/2/2024,4
4319,488,1440,31/3/2024,3
4320,1372,1440,18/2/2024,4
4321,272,1441,16/3/2024,5
4322,1016,1441,11/3/2024,4
4323,1175,1441,3/1/2024,3
4324,771,1442,10/1/2024,3
4325,390,1442,29/3/2024,4
4326,917,1442,4/2/2024,3
4327,1826,1443,20/3/2024,3
4328,608,1443,2/1/2024,4
4329,542,1443,24/1/2024,4
4330,101,1444,14/3/2024,3
4331,1771,1444,7/2/2024,4
4332,662,1444,22/1/2024,5
4333,289,1445,26/1/2024,4
4334,603,1445,12/2/2024,3
4335,89,1445,24/2/2024,5
4336,884,1446,8/2/2024,3
4337,584,1446,31/3/2024,3
4338,485,1446,29/1/2024,5
4339,420,1447,20/1/2024,4
4340,1704,1447,31/3/2024,3
4341,816,1447,10/2/2024,4
4342,1095,1448,23/2/2024,4
4343,1900,1448,20/1/2024,5
4344,1854,1448,19/1/2024,3
4345,1518,1449,24/3/2024,5
4346,1367,1449,6/3/2024,5
4347,349,1449,30/1/2024,3
4348,154,1450,22/2/2024,3
4349,1708,1450,3/2/2024,5
4350,1309,1450,22/1/2024,5
4351,1799,1451,7/3/2024,5
4352,1832,1451,6/1/2024,3
4353,1099,1451,19/3/2024,3
4354,210,1452,27/1/2024,5
4355,535,1452,10/1/2024,3
4356,1906,1452,13/3/2024,3
4357,352,1453,17/2/2024,3
4358,1119,1453,10/3/2024,4
4359,1505,1453,28/2/2024,4
4360,1607,1454,28/2/2024,5
4361,897,1454,2/1/2024,4
4362,1553,1454,29/1/2024,5
4363,1775,1455,8/3/2024,5
4364,1792,1455,5/3/2024,3
4365,498,1455,23/3/2024,5
4366,1737,1456,26/1/2024,5
4367,363,1456,29/3/2024,5
4368,1396,1456,10/1/2024,5
4369,837,1457,22/2/2024,3
4370,694,1457,19/3/2024,3
4371,1173,1457,28/2/2024,5
4372,1966,1458,22/1/2024,4
4373,1010,1458,20/2/2024,4
4374,1116,1458,17/2/2024,5
4375,825,1459,21/1/2024,3
4376,929,1459,22/1/2024,5
4377,1434,1459,30/1/2024,5
4378,825,1460,25/1/2024,3
4379,484,1460,28/1/2024,4
4380,1062,1460,5/3/2024,5
4381,1762,1461,14/2/2024,3
4382,748,1461,8/3/2024,3
4383,771,1461,7/1/2024,5
4384,295,1462,18/2/2024,3
4385,1350,1462,9/1/2024,5
4386,370,1462,5/2/2024,4
4387,1289,1463,23/3/2024,5
4388,672,1463,1/1/2024,4
4389,177,1463,10/1/2024,3
4390,1391,1464,5/2/2024,5
4391,31,1464,13/3/2024,3
4392,1105,1464,15/2/2024,5
4393,1920,1465,1/2/2024,3
4394,1407,1465,1/2/2024,4
4395,830,1465,6/1/2024,5
4396,308,1466,17/2/2024,3
4397,1071,1466,7/2/2024,5
4398,149,1466,17/1/2024,5
4399,285,1467,14/3/2024,4
4400,1163,1467,27/1/2024,3
4401,1985,1467,23/2/2024,5
4402,1547,1468,19/2/2024,5
4403,1956,1468,4/2/2024,5
4404,1142,1468,25/3/2024,5
4405,1095,1469,25/1/2024,5
4406,482,1469,28/1/2024,3
4407,1277,1469,15/1/2024,5
4408,1110,1470,4/1/2024,5
4409,1605,1470,13/3/2024,5
4410,1778,1470,27/1/2024,3
4411,1952,1471,26/1/2024,5
4412,260,1471,19/1/2024,5
4413,1743,1471,17/1/2024,4
4414,1636,1472,12/2/2024,4
4415,1949,1472,10/2/2024,5
4416,1417,1472,11/2/2024,5
4417,1357,1473,19/2/2024,4
4418,888,1473,24/3/2024,3
4419,1468,1473,9/2/2024,3
4420,1040,1474,8/2/2024,4
4421,1328,1474,23/1/2024,5
4422,611,1474,21/2/2024,4
4423,692,1475,16/2/2024,3
4424,1049,1475,3/3/2024,4
4425,1290,1475,9/3/2024,3
4426,1326,1476,12/2/2024,5
4427,581,1476,17/2/2024,5
4428,926,1476,3/2/2024,5
4429,1040,1477,9/2/2024,3
4430,1972,1477,15/3/2024,4
4431,1424,1477,1/3/2024,5
4432,188,1478,19/2/2024,3
4433,1892,1478,7/3/2024,5
4434,482,1478,2/3/2024,4
4435,823,1479,27/2/2024,5
4436,800,1479,2/2/2024,3
4437,402,1479,15/3/2024,3
4438,1576,1480,16/1/2024,5
4439,54,1480,22/3/2024,5
4440,926,1480,17/2/2024,3
4441,780,1481,10/1/2024,5
4442,1974,1481,22/3/2024,5
4443,131,1481,7/2/2024,5
4444,1014,1482,19/1/2024,4
4445,1090,1482,5/2/2024,4
4446,788,1482,28/2/2024,4
4447,308,1483,3/3/2024,5
4448,1177,1483,17/3/2024,3
4449,1036,1483,15/2/2024,5
4450,1472,1484,3/1/2024,5
4451,1715,1484,14/3/2024,4
4452,656,1484,5/3/2024,3
4453,1182,1485,31/3/2024,4
4454,1012,1485,8/1/2024,3
4455,1620,1485,20/2/2024,5
4456,652,1486,21/3/2024,5
4457,2,1486,13/3/2024,5
4458,1318,1486,6/1/2024,3
4459,1398,1487,29/3/2024,4
4460,756,1487,8/2/2024,4
4461,1425,1487,29/2/2024,4
4462,1809,1488,28/1/2024,3
4463,1359,1488,23/2/2024,3
4464,1548,1488,6/2/2024,5
4465,781,1489,9/1/2024,4
4466,680,1489,22/3/2024,3
4467,1166,1489,25/2/2024,4
4468,63,1490,28/2/2024,4
4469,344,1490,25/3/2024,3
4470,1843,1490,2/1/2024,3
4471,361,1491,1/3/2024,5
4472,1746,1491,27/2/2024,5
4473,550,1491,29/2/2024,5
4474,374,1492,9/2/2024,4
4475,806,1492,5/2/2024,4
4476,1216,1492,6/2/2024,5
4477,402,1493,19/3/2024,4
4478,723,1493,18/1/2024,4
4479,603,1493,3/3/2024,4
4480,1308,1494,22/1/2024,4
4481,1299,1494,11/1/2024,3
4482,1400,1494,27/2/2024,3
4483,1515,1495,26/2/2024,5
4484,1735,1495,17/3/2024,5
4485,1617,1495,4/1/2024,4
4486,1701,1496,26/3/2024,4
4487,1775,1496,7/1/2024,3
4488,1119,1496,1/3/2024,4
4489,1914,1497,23/2/2024,4
4490,697,1497,28/3/2024,5
4491,337,1497,8/3/2024,4
4492,164,1498,19/3/2024,3
4493,383,1498,1/1/2024,4
4494,1560,1498,24/2/2024,4
4495,1480,1499,3/1/2024,4
4496,365,1499,18/3/2024,4
4497,797,1499,7/2/2024,4
4498,1984,1500,1/1/2024,3
4499,352,1500,7/2/2024,5
4500,1938,1500,25/3/2024,4
4501,454,1501,29/1/2024,5
4502,704,1501,5/1/2024,5
4503,1246,1501,14/3/2024,3
4504,210,1502,21/1/2024,5
4505,1763,1502,11/3/2024,4
4506,218,1502,7/3/2024,4
4507,1456,1503,16/2/2024,4
4508,757,1503,24/3/2024,4
4509,53,1503,23/3/2024,3
4510,1063,1504,4/2/2024,5
4511,1959,1504,8/3/2024,3
4512,1945,1504,9/3/2024,5
4513,665,1505,1/1/2024,3
4514,1250,1505,8/3/2024,3
4515,1549,1505,12/1/2024,3
4516,1584,1506,29/2/2024,4
4517,1690,1506,27/1/2024,4
4518,460,1506,25/2/2024,3
4519,398,1507,23/1/2024,5
4520,1287,1507,25/1/2024,5
4521,246,1507,21/1/2024,4
4522,1689,1508,1/3/2024,3
4523,153,1508,3/3/2024,4
4524,1872,1508,21/2/2024,4
4525,1227,1509,28/3/2024,4
4526,338,1509,25/1/2024,3
4527,408,1509,24/2/2024,3
4528,1707,1510,15/2/2024,4
4529,1192,1510,1/2/2024,3
4530,552,1510,24/2/2024,5
4531,177,1511,5/1/2024,5
4532,431,1511,5/2/2024,4
4533,630,1511,18/2/2024,5
4534,667,1512,27/2/2024,4
4535,930,1512,8/2/2024,4
4536,670,1512,20/3/2024,4
4537,415,1513,25/3/2024,3
4538,444,1513,1/3/2024,3
4539,750,1513,9/1/2024,3
4540,1815,1514,6/1/2024,3
4541,1675,1514,4/2/2024,4
4542,975,1514,8/2/2024,3
4543,200,1515,22/1/2024,5
4544,1636,1515,10/2/2024,5
4545,917,1515,5/1/2024,3
4546,94,1516,11/2/2024,5
4547,1966,1516,27/3/2024,5
4548,545,1516,21/3/2024,3
4549,1428,1517,16/3/2024,4
4550,581,1517,27/3/2024,4
4551,73,1517,20/3/2024,4
4552,364,1518,7/3/2024,3
4553,785,1518,30/1/2024,4
4554,1084,1518,26/2/2024,4
4555,1426,1519,26/3/2024,5
4556,1073,1519,13/3/2024,4
4557,1150,1519,29/1/2024,3
4558,1240,1520,6/2/2024,4
4559,1552,1520,27/3/2024,5
4560,14,1520,13/1/2024,5
4561,740,1521,1/2/2024,5
4562,482,1521,15/2/2024,5
4563,1079,1521,23/1/2024,4
4564,1755,1522,14/2/2024,5
4565,824,1522,17/1/2024,5
4566,1824,1522,25/3/2024,5
4567,1916,1523,6/3/2024,4
4568,1142,1523,6/1/2024,3
4569,853,1523,18/1/2024,5
4570,1957,1524,22/1/2024,5
4571,1770,1524,2/2/2024,5
4572,1038,1524,30/1/2024,4
4573,1623,1525,21/3/2024,4
4574,1104,1525,1/2/2024,5
4575,573,1525,11/2/2024,3
4576,1767,1526,18/3/2024,5
4577,284,1526,10/1/2024,3
4578,1447,1526,5/2/2024,3
4579,1045,1527,3/2/2024,4
4580,1518,1527,13/3/2024,4
4581,1109,1527,28/1/2024,4
4582,1501,1528,11/1/2024,3
4583,865,1528,18/3/2024,3
4584,1632,1528,8/2/2024,3
4585,1614,1529,16/2/2024,4
4586,590,1529,19/1/2024,4
4587,1029,1529,15/1/2024,4
4588,624,1530,28/1/2024,5
4589,1865,1530,24/1/2024,3
4590,1982,1530,12/3/2024,3
4591,1664,1531,9/1/2024,5
4592,681,1531,16/2/2024,3
4593,279,1531,2/2/2024,3
4594,1808,1532,2/3/2024,5
4595,88,1532,19/1/2024,3
4596,1642,1532,7/3/2024,4
4597,763,1533,14/3/2024,5
4598,1201,1533,9/2/2024,3
4599,149,1533,16/2/2024,4
4600,269,1534,5/3/2024,3
4601,1637,1534,29/1/2024,5
4602,1779,1534,19/2/2024,4
4603,142,1535,13/1/2024,3
4604,12,1535,1/1/2024,5
4605,697,1535,3/2/2024,3
4606,70,1536,17/2/2024,3
4607,418,1536,17/3/2024,4
4608,1138,1536,17/2/2024,3
4609,1397,1537,18/2/2024,5
4610,582,1537,4/3/2024,5
4611,583,1537,1/3/2024,4
4612,1075,1538,29/1/2024,4
4613,785,1538,8/2/2024,3
4614,1202,1538,28/3/2024,5
4615,1468,1539,26/1/2024,4
4616,296,1539,17/1/2024,3
4617,1973,1539,11/3/2024,3
4618,867,1540,13/1/2024,5
4619,1841,1540,9/3/2024,5
4620,1474,1540,26/1/2024,3
4621,1318,1541,18/2/2024,5
4622,307,1541,7/3/2024,3
4623,266,1541,7/1/2024,3
4624,1733,1542,27/2/2024,5
4625,1513,1542,18/2/2024,4
4626,1883,1542,22/2/2024,3
4627,590,1543,5/3/2024,5
4628,1945,1543,2/3/2024,3
4629,1077,1543,17/1/2024,3
4630,1650,1544,12/2/2024,3
4631,1450,1544,25/1/2024,5
4632,1655,1544,3/1/2024,5
4633,1510,1545,19/3/2024,5
4634,390,1545,29/1/2024,4
4635,259,1545,1/2/2024,3
4636,1243,1546,26/1/2024,4
4637,1800,1546,16/1/2024,3
4638,1284,1546,25/1/2024,5
4639,1279,1547,23/2/2024,3
4640,121,1547,28/1/2024,3
4641,1513,1547,13/3/2024,3
4642,1814,1548,25/2/2024,4
4643,1065,1548,5/3/2024,5
4644,851,1548,26/3/2024,5
4645,1003,1549,20/3/2024,3
4646,418,1549,10/2/2024,5
4647,949,1549,20/2/2024,4
4648,50,1550,11/3/2024,4
4649,339,1550,18/3/2024,5
4650,828,1550,29/1/2024,4
4651,1447,1551,23/3/2024,4
4652,1363,1551,19/1/2024,5
4653,363,1551,6/3/2024,5
4654,1843,1552,10/2/2024,3
4655,984,1552,14/2/2024,3
4656,658,1552,15/1/2024,4
4657,1530,1553,3/1/2024,5
4658,1152,1553,11/1/2024,4
4659,991,1553,22/2/2024,5
4660,777,1554,15/2/2024,4
4661,1767,1554,30/1/2024,4
4662,1930,1554,26/2/2024,4
4663,667,1555,18/1/2024,3
4664,1267,1555,20/2/2024,5
4665,1047,1555,17/2/2024,4
4666,784,1556,6/3/2024,3
4667,494,1556,8/1/2024,4
4668,804,1556,22/1/2024,4
4669,1126,1557,6/1/2024,5
4670,1472,1557,16/3/2024,4
4671,1967,1557,26/2/2024,5
4672,1322,1558,5/2/2024,3
4673,360,1558,19/3/2024,3
4674,937,1558,26/2/2024,4
4675,407,1559,18/2/2024,3
4676,1613,1559,14/2/2024,5
4677,1897,1559,22/3/2024,5
4678,1343,1560,6/3/2024,3
4679,1980,1560,17/3/2024,5
4680,1960,1560,14/2/2024,5
4681,668,1561,19/3/2024,4
4682,354,1561,20/1/2024,4
4683,1181,1561,4/3/2024,5
4684,1863,1562,7/3/2024,3
4685,439,1562,23/3/2024,5
4686,1806,1562,3/1/2024,4
4687,1957,1563,23/2/2024,3
4688,1501,1563,18/3/2024,5
4689,1638,1563,4/3/2024,3
4690,1347,1564,9/2/2024,3
4691,155,1564,28/2/2024,3
4692,484,1564,24/2/2024,5
4693,1128,1565,2/3/2024,4
4694,485,1565,4/1/2024,3
4695,666,1565,29/2/2024,3
4696,1439,1566,15/3/2024,5
4697,1617,1566,31/3/2024,4
4698,1753,1566,30/1/2024,4
4699,417,1567,2/1/2024,5
4700,1139,1567,2/3/2024,3
4701,547,1567,18/2/2024,5
4702,251,1568,9/1/2024,4
4703,1485,1568,31/1/2024,3
4704,1510,1568,1/3/2024,3
4705,449,1569,19/3/2024,4
4706,1656,1569,17/2/2024,3
4707,594,1569,25/1/2024,5
4708,1930,1570,5/2/2024,4
4709,1170,1570,8/1/2024,4
4710,535,1570,13/3/2024,3
4711,1183,1571,27/2/2024,4
4712,1252,1571,14/2/2024,5
4713,370,1571,2/3/2024,4
4714,1237,1572,8/2/2024,3
4715,899,1572,27/2/2024,4
4716,383,1572,21/3/2024,3
4717,358,1573,23/3/2024,3
4718,144,1573,4/3/2024,5
4719,114,1573,13/2/2024,4
4720,505,1574,29/1/2024,5
4721,960,1574,28/2/2024,5
4722,1866,1574,11/3/2024,4
4723,1473,1575,9/1/2024,5
4724,439,1575,6/1/2024,5
4725,1450,1575,29/1/2024,3
4726,284,1576,27/2/2024,5
4727,1949,1576,17/1/2024,4
4728,1938,1576,16/1/2024,3
4729,498,1577,27/3/2024,5
4730,306,1577,3/1/2024,5
4731,1664,1577,21/1/2024,4
4732,276,1578,4/3/2024,5
4733,814,1578,30/3/2024,4
4734,1123,1578,5/2/2024,5
4735,355,1579,26/3/2024,5
4736,1810,1579,2/3/2024,4
4737,544,1579,11/2/2024,3
4738,1002,1580,16/3/2024,4
4739,1661,1580,11/2/2024,3
4740,1063,1580,1/3/2024,3
4741,1037,1581,13/1/2024,4
4742,898,1581,11/1/2024,4
4743,1401,1581,23/2/2024,5
4744,1420,1582,16/1/2024,5
4745,1367,1582,8/1/2024,3
4746,732,1582,28/2/2024,5
4747,485,1583,26/2/2024,4
4748,808,1583,9/2/2024,3
4749,1636,1583,28/2/2024,5
4750,414,1584,2/1/2024,5
4751,570,1584,16/3/2024,4
4752,484,1584,10/1/2024,4
4753,1322,1585,13/2/2024,5
4754,1669,1585,11/1/2024,3
4755,1752,1585,19/3/2024,3
4756,657,1586,20/3/2024,4
4757,943,1586,21/3/2024,4
4758,711,1586,30/3/2024,4
4759,1954,1587,2/1/2024,5
4760,1786,1587,19/2/2024,5
4761,1841,1587,12/1/2024,4
4762,47,1588,30/3/2024,3
4763,1317,1588,23/1/2024,4
4764,343,1588,18/1/2024,4
4765,1535,1589,2/3/2024,3
4766,1360,1589,2/3/2024,3
4767,190,1589,7/2/2024,3
4768,408,1590,7/3/2024,3
4769,568,1590,7/2/2024,5
4770,395,1590,7/3/2024,5
4771,1254,1591,1/3/2024,4
4772,1868,1591,1/1/2024,5
4773,1181,1591,14/2/2024,4
4774,963,1592,28/1/2024,4
4775,431,1592,21/1/2024,3
4776,1024,1592,13/1/2024,3
4777,1247,1593,27/1/2024,5
4778,298,1593,7/1/2024,5
4779,100,1593,22/1/2024,5
4780,1499,1594,14/3/2024,5
4781,237,1594,22/2/2024,3
4782,323,1594,19/3/2024,3
4783,1776,1595,19/3/2024,5
4784,840,1595,4/1/2024,4
4785,1542,1595,23/1/2024,3
4786,110,1596,10/3/2024,3
4787,1241,1596,28/3/2024,3
4788,238,1596,24/3/2024,3
4789,784,1597,24/3/2024,5
4790,215,1597,16/3/2024,5
4791,1871,1597,2/2/2024,4
4792,86,1598,28/1/2024,3
4793,1265,1598,8/1/2024,5
4794,915,1598,1/1/2024,5
4795,1481,1599,6/2/2024,3
4796,1356,1599,3/3/2024,5
4797,1557,1599,22/1/2024,5
4798,1910,1600,10/3/2024,5
4799,406,1600,21/1/2024,4
4800,1530,1600,4/2/2024,5
4801,76,1601,19/3/2024,3
4802,1172,1601,5/1/2024,3
4803,884,1601,29/2/2024,3
4804,691,1602,15/2/2024,5
4805,1099,1602,19/2/2024,4
4806,1353,1602,17/2/2024,5
4807,933,1603,6/1/2024,3
4808,1591,1603,29/3/2024,4
4809,213,1603,25/2/2024,4
4810,1566,1604,28/2/2024,5
4811,361,1604,29/1/2024,3
4812,185,1604,11/3/2024,5
4813,47,1605,17/3/2024,3
4814,1399,1605,18/1/2024,4
4815,1281,1605,2/1/2024,5
4816,288,1606,8/1/2024,4
4817,1761,1606,15/3/2024,3
4818,1181,1606,23/2/2024,4
4819,276,1607,7/2/2024,4
4820,1222,1607,17/2/2024,4
4821,770,1607,27/1/2024,5
4822,36,1608,20/1/2024,3
4823,397,1608,12/1/2024,4
4824,1982,1608,12/2/2024,4
4825,1478,1609,1/3/2024,4
4826,1720,1609,31/1/2024,4
4827,1660,1609,31/3/2024,3
4828,1650,1610,1/3/2024,3
4829,1466,1610,14/3/2024,5
4830,1222,1610,7/3/2024,3
4831,263,1611,31/3/2024,3
4832,1017,1611,4/2/2024,4
4833,1590,1611,15/1/2024,5
4834,469,1612,16/1/2024,5
4835,243,1612,13/1/2024,4
4836,565,1612,4/2/2024,5
4837,869,1613,15/3/2024,3
4838,1126,1613,28/2/2024,5
4839,1106,1613,21/1/2024,4
4840,794,1614,23/2/2024,5
4841,1562,1614,15/3/2024,5
4842,435,1614,30/1/2024,5
4843,532,1615,17/2/2024,4
4844,1819,1615,4/2/2024,3
4845,53,1615,26/3/2024,5
4846,987,1616,7/2/2024,3
4847,866,1616,31/1/2024,3
4848,742,1616,18/3/2024,3
4849,332,1617,24/1/2024,5
4850,473,1617,18/2/2024,3
4851,1014,1617,1/2/2024,5
4852,124,1618,24/2/2024,5
4853,1227,1618,19/3/2024,5
4854,126,1618,27/2/2024,3
4855,1473,1619,3/1/2024,5
4856,884,1619,20/3/2024,4
4857,1766,1619,9/3/2024,4
4858,46,1620,25/3/2024,4
4859,468,1620,10/1/2024,5
4860,260,1620,23/3/2024,4
4861,1088,1621,25/1/2024,5
4862,702,1621,8/3/2024,5
4863,535,1621,1/3/2024,5
4864,1696,1622,29/1/2024,3
4865,455,1622,19/1/2024,4
4866,67,1622,12/2/2024,5
4867,121,1623,6/3/2024,4
4868,35,1623,14/3/2024,4
4869,744,1623,1/3/2024,3
4870,1960,1624,12/2/2024,4
4871,1156,1624,25/1/2024,5
4872,755,1624,20/1/2024,5
4873,1829,1625,17/2/2024,4
4874,1276,1625,23/3/2024,4
4875,760,1625,27/3/2024,3
4876,1209,1626,24/1/2024,5
4877,762,1626,11/1/2024,4
4878,871,1626,24/2/2024,4
4879,1937,1627,28/1/2024,5
4880,515,1627,9/3/2024,4
4881,1724,1627,3/3/2024,3
4882,281,1628,28/2/2024,4
4883,946,1628,5/1/2024,4
4884,6,1628,20/2/2024,3
4885,91,1629,21/1/2024,3
4886,122,1629,12/1/2024,3
4887,1633,1629,19/2/2024,5
4888,252,1630,4/1/2024,4
4889,425,1630,11/2/2024,4
4890,1651,1630,24/3/2024,3
4891,1135,1631,7/2/2024,5
4892,206,1631,25/1/2024,3
4893,817,1631,14/1/2024,4
4894,1564,1632,15/3/2024,5
4895,1002,1632,1/2/2024,5
4896,868,1632,11/1/2024,4
4897,88,1633,1/3/2024,5
4898,27,1633,18/1/2024,5
4899,200,1633,27/1/2024,3
4900,918,1634,24/2/2024,5
4901,304,1634,23/2/2024,3
4902,63,1634,22/3/2024,5
4903,1996,1635,27/3/2024,3
4904,1443,1635,15/3/2024,3
4905,950,1635,21/1/2024,5
4906,401,1636,13/2/2024,3
4907,87,1636,5/1/2024,4
4908,928,1636,27/3/2024,4
4909,505,1637,10/2/2024,5
4910,947,1637,28/2/2024,5
4911,681,1637,29/3/2024,5
4912,1985,1638,23/2/2024,4
4913,1666,1638,14/3/2024,5
4914,740,1638,22/1/2024,5
4915,1954,1639,23/3/2024,3
4916,1008,1639,5/3/2024,5
4917,409,1639,4/3/2024,4
4918,359,1640,11/3/2024,4
4919,1442,1640,4/1/2024,5
4920,51,1640,5/3/2024,4
4921,1158,1641,15/1/2024,3
4922,373,1641,16/3/2024,3
4923,1089,1641,22/1/2024,5
4924,1386,1642,26/3/2024,5
4925,916,1642,16/2/2024,3
4926,1441,1642,21/3/2024,3
4927,1221,1643,15/2/2024,5
4928,1017,1643,14/1/2024,4
4929,419,1643,19/2/2024,5
4930,1150,1644,20/1/2024,5
4931,684,1644,19/2/2024,5
4932,1375,1644,2/2/2024,5
4933,1244,1645,28/2/2024,5
4934,321,1645,12/2/2024,5
4935,1889,1645,19/3/2024,5
4936,1717,1646,12/1/2024,4
4937,1822,1646,9/2/2024,5
4938,895,1646,20/1/2024,3
4939,162,1647,7/2/2024,5
4940,1199,1647,3/1/2024,4
4941,1075,1647,28/1/2024,3
4942,1702,1648,25/2/2024,5
4943,1433,1648,30/3/2024,5
4944,39,1648,13/1/2024,3
4945,118,1649,17/3/2024,5
4946,826,1649,6/3/2024,4
4947,872,1649,6/2/2024,5
4948,637,1650,18/2/2024,4
4949,1284,1650,6/3/2024,5
4950,52,1650,5/2/2024,3
4951,1629,1651,23/2/2024,4
4952,104,1651,26/1/2024,5
4953,1206,1651,15/3/2024,5
4954,1366,1652,12/3/2024,3
4955,255,1652,9/2/2024,3
4956,77,1652,12/2/2024,4
4957,1534,1653,22/1/2024,4
4958,1200,1653,20/1/2024,4
4959,1114,1653,8/1/2024,5
4960,140,1654,29/1/2024,5
4961,1551,1654,9/2/2024,4
4962,1176,1654,30/3/2024,5
4963,646,1655,30/1/2024,3
4964,1368,1655,21/3/2024,5
4965,649,1655,24/3/2024,4
4966,87,1656,24/2/2024,5
4967,1251,1656,16/1/2024,3
4968,1028,1656,15/2/2024,4
4969,1655,1657,2/3/2024,4
4970,610,1657,7/1/2024,4
4971,1683,1657,20/3/2024,4
4972,1904,1658,14/2/2024,5
4973,1605,1658,28/2/2024,3
4974,1084,1658,25/2/2024,5
4975,1309,1659,17/2/2024,5
4976,1328,1659,27/1/2024,4
4977,407,1659,22/2/2024,3
4978,1209,1660,27/3/2024,5
4979,1404,1660,28/3/2024,3
4980,1667,1660,13/3/2024,3
4981,783,1661,4/2/2024,3
4982,1140,1661,20/2/2024,3
4983,210,1661,24/3/2024,5
4984,1860,1662,6/2/2024,3
4985,1957,1662,21/3/2024,5
4986,305,1662,26/2/2024,3
4987,994,1663,8/1/2024,3
4988,1951,1663,19/3/2024,5
4989,994,1663,20/1/2024,4
4990,1170,1664,22/2/2024,5
4991,509,1664,12/1/2024,3
4992,1702,1664,18/2/2024,5
4993,1561,1665,17/1/2024,3
4994,895,1665,4/3/2024,5
4995,432,1665,11/2/2024,5
4996,1372,1666,29/1/2024,5
4997,1219,1666,19/1/2024,4
4998,1194,1666,11/1/2024,5
4999,1868,1667,19/2/2024,5
5000,1251,1667,11/3/2024,4
5001,1653,1667,27/2/2024,4
5002,138,1668,3/2/2024,3
5003,339,1668,20/1/2024,3
5004,1737,1668,19/2/2024,5
5005,54,1669,28/3/2024,3
5006,957,1669,10/1/2024,5
5007,1056,1669,1/2/2024,4
5008,1679,1670,21/2/2024,4
5009,1730,1670,15/1/2024,5
5010,217,1670,24/3/2024,3
5011,842,1671,3/1/2024,3
5012,1723,1671,6/2/2024,3
5013,1354,1671,9/2/2024,5
5014,1292,1672,12/3/2024,3
5015,195,1672,9/2/2024,4
5016,1933,1672,25/2/2024,4
5017,482,1673,23/1/2024,4
5018,1402,1673,11/1/2024,4
5019,1171,1673,4/3/2024,4
5020,1220,1674,8/1/2024,4
5021,1813,1674,25/2/2024,4
5022,919,1674,29/2/2024,4
5023,1838,1675,10/1/2024,4
5024,172,1675,8/2/2024,5
5025,1972,1675,28/1/2024,5
5026,1497,1676,18/2/2024,4
5027,1032,1676,5/2/2024,4
5028,1976,1676,13/1/2024,4
5029,1901,1677,5/2/2024,3
5030,63,1677,26/1/2024,5
5031,1988,1677,26/3/2024,4
5032,1901,1678,4/1/2024,5
5033,1832,1678,22/3/2024,4
5034,623,1678,4/3/2024,3
5035,284,1679,7/2/2024,4
5036,1553,1679,28/3/2024,5
5037,925,1679,27/3/2024,5
5038,1069,1680,22/1/2024,5
5039,1511,1680,2/1/2024,5
5040,1170,1680,31/1/2024,4
5041,1992,1681,11/1/2024,3
5042,766,1681,15/2/2024,3
5043,1910,1681,2/3/2024,4
5044,1105,1682,9/3/2024,4
5045,127,1682,4/3/2024,5
5046,532,1682,10/1/2024,4
5047,96,1683,9/2/2024,3
5048,972,1683,24/1/2024,4
5049,970,1683,13/2/2024,4
5050,1698,1684,29/2/2024,3
5051,1725,1684,2/3/2024,3
5052,779,1684,27/3/2024,4
5053,175,1685,17/1/2024,5
5054,1220,1685,5/3/2024,5
5055,188,1685,26/2/2024,5
5056,1914,1686,24/2/2024,3
5057,1047,1686,22/2/2024,3
5058,1382,1686,25/2/2024,5
5059,554,1687,9/1/2024,4
5060,1229,1687,22/1/2024,4
5061,1147,1687,13/1/2024,4
5062,309,1688,29/3/2024,3
5063,1488,1688,17/2/2024,3
5064,1185,1688,18/1/2024,5
5065,1362,1689,16/3/2024,4
5066,548,1689,9/2/2024,3
5067,1206,1689,17/1/2024,3
5068,470,1690,15/1/2024,5
5069,530,1690,15/1/2024,4
5070,1619,1690,19/3/2024,3
5071,868,1691,3/3/2024,3
5072,727,1691,8/2/2024,3
5073,91,1691,13/1/2024,3
5074,1843,1692,21/3/2024,4
5075,1316,1692,1/2/2024,5
5076,363,1692,9/1/2024,4
5077,582,1693,9/2/2024,5
5078,1144,1693,20/1/2024,3
5079,683,1693,30/3/2024,4
5080,726,1694,31/3/2024,5
5081,1596,1694,25/3/2024,5
5082,1190,1694,22/3/2024,3
5083,373,1695,17/3/2024,5
5084,1311,1695,20/3/2024,5
5085,1813,1695,13/3/2024,5
5086,1897,1696,3/3/2024,3
5087,1438,1696,16/3/2024,4
5088,1711,1696,13/2/2024,3
5089,771,1697,7/2/2024,5
5090,1120,1697,23/3/2024,5
5091,1476,1697,29/2/2024,4
5092,1917,1698,11/3/2024,5
5093,880,1698,17/2/2024,4
5094,545,1698,18/1/2024,5
5095,1048,1699,16/1/2024,5
5096,311,1699,24/2/2024,3
5097,910,1699,8/2/2024,3
5098,314,1700,8/3/2024,4
5099,693,1700,28/2/2024,3
5100,791,1700,29/3/2024,4
5101,328,1701,2/3/2024,3
5102,1188,1701,13/1/2024,4
5103,1691,1701,21/3/2024,5
5104,564,1702,6/1/2024,4
5105,1120,1702,23/3/2024,3
5106,1,1702,17/3/2024,4
5107,1982,1703,29/2/2024,3
5108,1967,1703,30/3/2024,5
5109,545,1703,14/1/2024,3
5110,820,1704,23/2/2024,5
5111,1427,1704,4/1/2024,5
5112,467,1704,8/2/2024,3
5113,85,1705,12/3/2024,5
5114,282,1705,25/1/2024,3
5115,810,1705,17/3/2024,4
5116,310,1706,1/2/2024,5
5117,912,1706,28/2/2024,4
5118,1180,1706,3/3/2024,4
5119,871,1707,7/2/2024,3
5120,1277,1707,22/2/2024,3
5121,183,1707,7/3/2024,5
5122,152,1708,28/1/2024,3
5123,1700,1708,3/1/2024,4
5124,1202,1708,20/3/2024,4
5125,733,1709,22/1/2024,4
5126,1311,1709,7/2/2024,5
5127,1681,1709,12/3/2024,3
5128,1464,1710,12/3/2024,4
5129,222,1710,2/3/2024,5
5130,437,1710,26/2/2024,3
5131,1474,1711,6/1/2024,3
5132,1832,1711,18/3/2024,4
5133,700,1711,1/2/2024,5
5134,510,1712,10/1/2024,4
5135,1881,1712,3/1/2024,4
5136,658,1712,28/2/2024,5
5137,1047,1713,16/3/2024,4
5138,821,1713,18/2/2024,5
5139,1597,1713,28/2/2024,5
5140,1864,1714,31/1/2024,4
5141,738,1714,9/3/2024,4
5142,1537,1714,2/3/2024,3
5143,1015,1715,21/2/2024,3
5144,537,1715,29/3/2024,5
5145,1263,1715,10/2/2024,5
5146,879,1716,31/1/2024,5
5147,1332,1716,25/3/2024,3
5148,1788,1716,24/3/2024,4
5149,1428,1717,22/1/2024,4
5150,561,1717,4/1/2024,3
5151,1614,1717,13/1/2024,4
5152,853,1718,14/2/2024,4
5153,1731,1718,11/2/2024,4
5154,963,1718,18/2/2024,3
5155,1837,1719,20/1/2024,5
5156,1582,1719,17/3/2024,4
5157,260,1719,21/3/2024,4
5158,1218,1720,23/2/2024,5
5159,1174,1720,5/2/2024,4
5160,1292,1720,1/1/2024,4
5161,1120,1721,15/1/2024,5
5162,1959,1721,17/3/2024,3
5163,1775,1721,17/1/2024,3
5164,946,1722,24/1/2024,4
5165,298,1722,27/2/2024,4
5166,557,1722,12/3/2024,5
5167,907,1723,31/3/2024,5
5168,848,1723,23/1/2024,4
5169,1737,1723,15/2/2024,4
5170,1613,1724,12/3/2024,3
5171,1720,1724,8/1/2024,3
5172,1275,1724,28/2/2024,3
5173,1883,1725,30/3/2024,3
5174,1284,1725,28/2/2024,5
5175,1940,1725,13/1/2024,3
5176,1119,1726,8/2/2024,3
5177,1263,1726,28/1/2024,4
5178,1265,1726,29/3/2024,3
5179,1432,1727,1/3/2024,4
5180,811,1727,16/1/2024,4
5181,1126,1727,2/1/2024,3
5182,639,1728,22/3/2024,3
5183,781,1728,17/1/2024,4
5184,640,1728,30/1/2024,5
5185,671,1729,13/1/2024,4
5186,1205,1729,22/3/2024,5
5187,643,1729,13/1/2024,5
5188,227,1730,12/2/2024,3
5189,1257,1730,25/3/2024,3
5190,1480,1730,21/1/2024,3
5191,1392,1731,24/2/2024,3
5192,120,1731,21/3/2024,4
5193,740,1731,9/2/2024,5
5194,1428,1732,23/3/2024,4
5195,1821,1732,15/1/2024,5
5196,720,1732,13/3/2024,4
5197,145,1733,21/2/2024,5
5198,161,1733,14/3/2024,3
5199,1399,1733,22/2/2024,5
5200,466,1734,27/3/2024,3
5201,1102,1734,21/2/2024,5
5202,1654,1734,30/1/2024,4
5203,425,1735,2/2/2024,5
5204,644,1735,26/2/2024,4
5205,842,1735,21/2/2024,4
5206,205,1736,9/1/2024,3
5207,1187,1736,23/2/2024,5
5208,672,1736,1/1/2024,4
5209,1228,1737,13/2/2024,5
5210,777,1737,15/3/2024,3
5211,16,1737,20/3/2024,3
5212,51,1738,9/1/2024,5
5213,1344,1738,1/2/2024,4
5214,617,1738,15/1/2024,4
5215,612,1739,12/1/2024,4
5216,1990,1739,18/3/2024,5
5217,513,1739,26/2/2024,4
5218,97,1740,8/1/2024,4
5219,1886,1740,12/3/2024,4
5220,769,1740,27/1/2024,3
5221,1609,1741,2/3/2024,4
5222,1257,1741,12/1/2024,5
5223,884,1741,5/3/2024,5
5224,841,1742,11/2/2024,4
5225,670,1742,2/3/2024,5
5226,537,1742,11/1/2024,5
5227,30,1743,12/2/2024,4
5228,645,1743,17/1/2024,3
5229,1772,1743,1/2/2024,4
5230,1004,1744,25/3/2024,5
5231,697,1744,25/3/2024,5
5232,1828,1744,9/2/2024,4
5233,1170,1745,23/1/2024,5
5234,1603,1745,25/2/2024,3
5235,1573,1745,6/1/2024,4
5236,1976,1746,26/3/2024,5
5237,394,1746,19/2/2024,3
5238,1650,1746,6/2/2024,5
5239,60,1747,4/3/2024,3
5240,268,1747,23/2/2024,5
5241,1756,1747,12/3/2024,4
5242,529,1748,18/2/2024,5
5243,1794,1748,11/1/2024,4
5244,1605,1748,28/3/2024,3
5245,1750,1749,18/2/2024,3
5246,1578,1749,21/1/2024,5
5247,690,1749,6/3/2024,4
5248,111,1750,3/3/2024,4
5249,813,1750,23/3/2024,3
5250,1237,1750,28/1/2024,3
5251,711,1751,17/1/2024,5
5252,1896,1751,6/1/2024,3
5253,19,1751,19/1/2024,3
5254,329,1752,25/2/2024,4
5255,243,1752,28/1/2024,4
5256,312,1752,6/3/2024,4
5257,371,1753,7/2/2024,3
5258,877,1753,6/2/2024,5
5259,1422,1753,8/3/2024,5
5260,637,1754,26/3/2024,3
5261,276,1754,30/3/2024,5
5262,1256,1754,18/2/2024,3
5263,800,1755,12/2/2024,5
5264,213,1755,5/2/2024,3
5265,363,1755,27/2/2024,4
5266,1453,1756,13/1/2024,5
5267,190,1756,21/2/2024,4
5268,1866,1756,27/2/2024,4
5269,1670,1757,1/2/2024,5
5270,1093,1757,21/3/2024,3
5271,1310,1757,29/2/2024,4
5272,123,1758,23/3/2024,4
5273,1558,1758,27/2/2024,3
5274,31,1758,25/2/2024,3
5275,972,1759,28/1/2024,5
5276,1058,1759,1/1/2024,5
5277,986,1759,11/2/2024,3
5278,1145,1760,22/3/2024,4
5279,402,1760,17/2/2024,3
5280,355,1760,9/2/2024,5
5281,1220,1761,3/3/2024,4
5282,910,1761,16/3/2024,4
5283,1907,1761,12/3/2024,5
5284,914,1762,28/3/2024,4
5285,1472,1762,20/3/2024,3
5286,1624,1762,4/1/2024,5
5287,1747,1763,7/2/2024,4
5288,1308,1763,27/1/2024,5
5289,156,1763,9/1/2024,4
5290,1496,1764,16/1/2024,3
5291,1884,1764,25/2/2024,5
5292,110,1764,16/3/2024,4
5293,1083,1765,31/1/2024,3
5294,469,1765,28/3/2024,3
5295,701,1765,14/1/2024,3
5296,881,1766,25/1/2024,4
5297,1427,1766,3/2/2024,4
5298,1495,1766,7/3/2024,3
5299,1775,1767,24/1/2024,3
5300,99,1767,13/3/2024,3
5301,1135,1767,26/1/2024,3
5302,1995,1768,20/1/2024,3
5303,755,1768,4/3/2024,4
5304,1942,1768,10/1/2024,5
5305,359,1769,23/3/2024,5
5306,262,1769,7/3/2024,5
5307,1376,1769,24/1/2024,4
5308,1423,1770,5/1/2024,5
5309,1032,1770,7/3/2024,5
5310,1800,1770,27/2/2024,5
5311,742,1771,27/1/2024,5
5312,97,1771,20/3/2024,3
5313,1385,1771,15/1/2024,4
5314,522,1772,4/2/2024,5
5315,1337,1772,16/3/2024,3
5316,585,1772,22/2/2024,5
5317,694,1773,13/2/2024,5
5318,1782,1773,26/1/2024,5
5319,1732,1773,16/2/2024,5
5320,229,1774,3/2/2024,5
5321,1935,1774,27/3/2024,3
5322,316,1774,19/2/2024,5
5323,585,1775,24/3/2024,3
5324,1260,1775,12/1/2024,5
5325,1398,1775,27/3/2024,4
5326,1503,1776,4/1/2024,3
5327,924,1776,27/3/2024,5
5328,1846,1776,17/2/2024,3
5329,1565,1777,24/2/2024,5
5330,498,1777,1/1/2024,5
5331,1322,1777,29/3/2024,3
5332,1003,1778,6/3/2024,5
5333,63,1778,30/1/2024,5
5334,1777,1778,3/1/2024,5
5335,1104,1779,21/1/2024,5
5336,1404,1779,29/3/2024,5
5337,1679,1779,24/3/2024,5
5338,1839,1780,18/2/2024,3
5339,725,1780,26/3/2024,4
5340,1342,1780,25/3/2024,5
5341,125,1781,2/3/2024,3
5342,1243,1781,7/2/2024,4
5343,1971,1781,15/1/2024,3
5344,1694,1782,21/2/2024,4
5345,523,1782,19/3/2024,4
5346,1464,1782,15/2/2024,4
5347,68,1783,25/1/2024,3
5348,1247,1783,21/1/2024,4
5349,666,1783,28/3/2024,5
5350,1031,1784,5/1/2024,5
5351,547,1784,10/3/2024,4
5352,1831,1784,16/2/2024,4
5353,678,1785,27/3/2024,5
5354,1805,1785,8/3/2024,3
5355,25,1785,31/3/2024,3
5356,1757,1786,18/1/2024,5
5357,1055,1786,21/1/2024,3
5358,1465,1786,26/3/2024,3
5359,903,1787,23/1/2024,4
5360,1035,1787,4/3/2024,3
5361,1054,1787,7/3/2024,5
5362,1726,1788,9/2/2024,3
5363,708,1788,10/1/2024,4
5364,572,1788,29/3/2024,5
5365,521,1789,21/2/2024,5
5366,536,1789,12/3/2024,5
5367,876,1789,15/3/2024,4
5368,1692,1790,1/3/2024,5
5369,431,1790,4/3/2024,4
5370,1801,1790,5/1/2024,4
5371,1410,1791,22/2/2024,3
5372,974,1791,24/2/2024,5
5373,1269,1791,6/2/2024,3
5374,923,1792,25/2/2024,3
5375,220,1792,28/2/2024,4
5376,1315,1792,9/3/2024,3
5377,494,1793,13/3/2024,3
5378,253,1793,28/2/2024,3
5379,1100,1793,2/1/2024,5
5380,1967,1794,5/3/2024,3
5381,1050,1794,29/2/2024,4
5382,1791,1794,20/2/2024,5
5383,1506,1795,30/1/2024,4
5384,1647,1795,11/1/2024,5
5385,1164,1795,16/3/2024,5
5386,872,1796,8/2/2024,5
5387,1081,1796,30/3/2024,4
5388,1591,1796,17/3/2024,3
5389,1813,1797,12/3/2024,5
5390,125,1797,3/3/2024,4
5391,645,1797,4/3/2024,5
5392,1186,1798,1/3/2024,3
5393,1716,1798,23/2/2024,5
5394,215,1798,13/3/2024,4
5395,1720,1799,27/2/2024,5
5396,1395,1799,25/3/2024,4
5397,520,1799,25/2/2024,3
5398,477,1800,3/2/2024,3
5399,1660,1800,31/1/2024,5
5400,1766,1800,21/2/2024,3
5401,1107,1801,29/3/2024,4
5402,1456,1801,16/3/2024,5
5403,359,1801,1/1/2024,4
5404,271,1802,24/2/2024,5
5405,1704,1802,22/1/2024,4
5406,1329,1802,9/2/2024,5
5407,1214,1803,1/1/2024,4
5408,334,1803,5/3/2024,4
5409,483,1803,3/3/2024,5
5410,1164,1804,23/2/2024,4
5411,310,1804,11/2/2024,3
5412,1324,1804,21/1/2024,4
5413,1024,1805,19/3/2024,5
5414,803,1805,21/3/2024,3
5415,1933,1805,22/1/2024,3
5416,431,1806,7/2/2024,4
5417,1059,1806,20/3/2024,4
5418,1893,1806,8/1/2024,4
5419,1458,1807,2/3/2024,3
5420,1141,1807,16/2/2024,3
5421,344,1807,17/1/2024,3
5422,249,1808,17/1/2024,5
5423,1672,1808,30/3/2024,5
5424,31,1808,13/1/2024,4
5425,472,1809,17/1/2024,5
5426,1821,1809,7/2/2024,5
5427,34,1809,21/3/2024,4
5428,1417,1810,18/3/2024,4
5429,791,1810,14/2/2024,3
5430,889,1810,6/1/2024,3
5431,235,1811,4/2/2024,4
5432,1864,1811,14/1/2024,4
5433,1041,1811,12/3/2024,5
5434,1376,1812,1/3/2024,5
5435,1884,1812,15/1/2024,5
5436,1465,1812,23/2/2024,4
5437,250,1813,27/1/2024,4
5438,1122,1813,13/1/2024,3
5439,1675,1813,31/1/2024,5
5440,388,1814,4/2/2024,3
5441,786,1814,29/2/2024,4
5442,592,1814,6/1/2024,5
5443,1879,1815,9/3/2024,3
5444,1839,1815,26/3/2024,4
5445,593,1815,27/2/2024,3
5446,1331,1816,18/2/2024,5
5447,1314,1816,23/1/2024,3
5448,1208,1816,29/3/2024,3
5449,1547,1817,3/2/2024,4
5450,1611,1817,26/1/2024,5
5451,566,1817,16/2/2024,3
5452,1604,1818,5/1/2024,4
5453,1314,1818,30/3/2024,5
5454,400,1818,20/1/2024,4
5455,634,1819,6/1/2024,5
5456,1775,1819,10/3/2024,4
5457,648,1819,28/2/2024,4
5458,72,1820,4/3/2024,4
5459,407,1820,18/1/2024,3
5460,937,1820,4/1/2024,3
5461,1876,1821,17/1/2024,4
5462,8,1821,14/1/2024,5
5463,1674,1821,18/3/2024,4
5464,1933,1822,13/1/2024,3
5465,1951,1822,7/1/2024,5
5466,777,1822,13/2/2024,3
5467,1709,1823,15/1/2024,4
5468,679,1823,19/1/2024,3
5469,1850,1823,3/3/2024,3
5470,893,1824,4/2/2024,3
5471,1992,1824,21/3/2024,4
5472,865,1824,4/2/2024,3
5473,189,1825,19/1/2024,4
5474,27,1825,20/1/2024,4
5475,1877,1825,4/2/2024,3
5476,613,1826,1/2/2024,5
5477,1452,1826,17/2/2024,3
5478,1442,1826,13/2/2024,3
5479,578,1827,24/1/2024,3
5480,1655,1827,1/3/2024,5
5481,1110,1827,17/1/2024,5
5482,206,1828,11/3/2024,4
5483,1258,1828,19/2/2024,5
5484,551,1828,5/3/2024,5
5485,962,1829,1/2/2024,3
5486,1071,1829,5/2/2024,4
5487,31,1829,13/1/2024,4
5488,1584,1830,10/3/2024,5
5489,1557,1830,27/2/2024,5
5490,881,1830,14/1/2024,3
5491,1123,1831,6/2/2024,5
5492,603,1831,19/3/2024,5
5493,289,1831,8/3/2024,4
5494,1095,1832,9/2/2024,5
5495,1157,1832,28/2/2024,3
5496,830,1832,20/3/2024,4
5497,796,1833,16/1/2024,4
5498,941,1833,2/3/2024,5
5499,1082,1833,4/1/2024,3
5500,1106,1834,14/2/2024,4
5501,1143,1834,30/3/2024,3
5502,1066,1834,28/1/2024,3
5503,243,1835,6/3/2024,5
5504,1084,1835,31/1/2024,3
5505,1601,1835,3/1/2024,4
5506,149,1836,8/1/2024,5
5507,63,1836,24/1/2024,4
5508,1645,1836,15/1/2024,3
5509,879,1837,12/2/2024,3
5510,744,1837,31/1/2024,5
5511,1729,1837,13/3/2024,5
5512,1167,1838,14/2/2024,4
5513,1837,1838,6/3/2024,4
5514,48,1838,8/1/2024,3
5515,485,1839,11/3/2024,5
5516,46,1839,26/2/2024,3
5517,272,1839,20/3/2024,3
5518,1805,1840,30/1/2024,4
5519,931,1840,14/3/2024,4
5520,1183,1840,18/1/2024,4
5521,1702,1841,9/3/2024,5
5522,779,1841,8/2/2024,4
5523,620,1841,29/2/2024,5
5524,1134,1842,12/2/2024,3
5525,1559,1842,14/2/2024,5
5526,755,1842,23/1/2024,4
5527,1927,1843,9/3/2024,5
5528,1606,1843,6/1/2024,5
5529,740,1843,25/2/2024,4
5530,1046,1844,4/1/2024,4
5531,1990,1844,23/1/2024,3
5532,944,1844,6/1/2024,5
5533,936,1845,1/2/2024,3
5534,1447,1845,18/1/2024,3
5535,1375,1845,15/1/2024,5
5536,1000,1846,9/2/2024,3
5537,789,1846,13/3/2024,5
5538,379,1846,14/3/2024,3
5539,198,1847,24/3/2024,3
5540,1379,1847,6/1/2024,5
5541,297,1847,3/3/2024,4
5542,189,1848,7/3/2024,5
5543,1460,1848,11/1/2024,4
5544,825,1848,12/2/2024,5
5545,893,1849,17/1/2024,5
5546,363,1849,4/1/2024,4
5547,289,1849,3/3/2024,4
5548,1932,1850,8/3/2024,5
5549,685,1850,21/3/2024,5
5550,1204,1850,10/2/2024,5
5551,921,1851,23/3/2024,4
5552,1662,1851,5/1/2024,5
5553,1477,1851,1/2/2024,4
5554,546,1852,26/3/2024,3
5555,216,1852,10/3/2024,4
5556,710,1852,4/2/2024,3
5557,764,1853,22/1/2024,5
5558,1707,1853,5/3/2024,5
5559,654,1853,24/3/2024,4
5560,1597,1854,22/1/2024,3
5561,259,1854,11/1/2024,5
5562,1731,1854,17/3/2024,5
5563,290,1855,3/1/2024,3
5564,1730,1855,9/1/2024,5
5565,1018,1855,29/2/2024,5
5566,1455,1856,16/3/2024,4
5567,37,1856,27/3/2024,5
5568,130,1856,14/1/2024,3
5569,450,1857,18/1/2024,5
5570,840,1857,13/3/2024,4
5571,1947,1857,23/1/2024,5
5572,941,1858,14/3/2024,3
5573,433,1858,23/3/2024,5
5574,571,1858,16/2/2024,3
5575,364,1859,9/3/2024,4
5576,334,1859,16/2/2024,5
5577,1252,1859,27/3/2024,5
5578,1818,1860,30/1/2024,4
5579,11,1860,25/1/2024,3
5580,183,1860,28/1/2024,3
5581,1066,1861,25/1/2024,5
5582,375,1861,14/3/2024,3
5583,1411,1861,18/3/2024,3
5584,1469,1862,27/2/2024,5
5585,493,1862,10/2/2024,3
5586,280,1862,25/1/2024,3
5587,149,1863,18/3/2024,5
5588,1929,1863,17/2/2024,5
5589,1893,1863,10/1/2024,3
5590,13,1864,15/3/2024,5
5591,135,1864,11/1/2024,3
5592,1611,1864,25/3/2024,3
5593,1932,1865,21/1/2024,3
5594,1314,1865,26/3/2024,3
5595,188,1865,14/2/2024,5
5596,1177,1866,7/1/2024,5
5597,1997,1866,21/3/2024,4
5598,1251,1866,4/3/2024,5
5599,1729,1867,4/3/2024,4
5600,1815,1867,2/1/2024,3
5601,1672,1867,16/3/2024,5
5602,646,1868,11/2/2024,3
5603,876,1868,22/3/2024,4
5604,1531,1868,23/2/2024,5
5605,1524,1869,15/3/2024,5
5606,466,1869,16/1/2024,5
5607,110,1869,18/1/2024,5
5608,279,1870,28/2/2024,3
5609,90,1870,30/3/2024,5
5610,947,1870,16/1/2024,4
5611,1659,1871,6/1/2024,5
5612,1216,1871,26/2/2024,4
5613,1394,1871,16/2/2024,4
5614,10,1872,17/2/2024,3
5615,526,1872,11/2/2024,5
5616,1797,1872,16/3/2024,4
5617,1176,1873,29/2/2024,5
5618,1151,1873,17/3/2024,3
5619,1432,1873,4/1/2024,3
5620,465,1874,2/1/2024,5
5621,1634,1874,30/3/2024,4
5622,1069,1874,28/2/2024,3
5623,847,1875,27/1/2024,4
5624,1138,1875,27/1/2024,4
5625,437,1875,19/3/2024,5
5626,706,1876,12/3/2024,3
5627,1219,1876,7/1/2024,5
5628,572,1876,3/3/2024,5
5629,1569,1877,15/2/2024,5
5630,847,1877,3/3/2024,4
5631,1965,1877,12/1/2024,5
5632,1625,1878,13/1/2024,3
5633,1896,1878,12/2/2024,4
5634,972,1878,17/1/2024,5
5635,1649,1879,3/3/2024,3
5636,1661,1879,21/3/2024,5
5637,170,1879,5/2/2024,5
5638,1847,1880,25/3/2024,5
5639,73,1880,8/1/2024,4
5640,681,1880,9/3/2024,5
5641,315,1881,30/3/2024,3
5642,1587,1881,20/3/2024,5
5643,1360,1881,5/2/2024,5
5644,826,1882,28/1/2024,4
5645,1403,1882,16/2/2024,5
5646,141,1882,16/3/2024,3
5647,1828,1883,30/1/2024,3
5648,437,1883,23/1/2024,5
5649,897,1883,16/1/2024,3
5650,1074,1884,14/1/2024,3
5651,691,1884,14/3/2024,5
5652,862,1884,11/3/2024,3
5653,124,1885,21/2/2024,3
5654,1766,1885,6/2/2024,5
5655,1118,1885,29/1/2024,4
5656,80,1886,7/3/2024,4
5657,918,1886,15/1/2024,5
5658,1205,1886,16/2/2024,4
5659,449,1887,15/2/2024,4
5660,1825,1887,21/2/2024,4
5661,1907,1887,19/1/2024,4
5662,1031,1888,17/3/2024,5
5663,1121,1888,21/1/2024,4
5664,1982,1888,4/3/2024,4
5665,652,1889,6/2/2024,5
5666,784,1889,27/1/2024,5
5667,832,1889,24/2/2024,4
5668,1107,1890,29/1/2024,3
5669,678,1890,20/1/2024,5
5670,109,1890,25/1/2024,5
5671,1672,1891,10/3/2024,4
5672,1899,1891,3/3/2024,3
5673,1444,1891,5/2/2024,5
5674,806,1892,2/1/2024,5
5675,920,1892,22/1/2024,5
5676,688,1892,16/1/2024,3
5677,164,1893,18/1/2024,5
5678,1968,1893,9/3/2024,5
5679,327,1893,23/2/2024,3
5680,1157,1894,30/1/2024,5
5681,1494,1894,14/2/2024,3
5682,1217,1894,19/1/2024,3
5683,1108,1895,27/3/2024,3
5684,1848,1895,3/2/2024,4
5685,220,1895,13/1/2024,5
5686,1011,1896,12/2/2024,5
5687,1497,1896,2/3/2024,5
5688,1365,1896,22/1/2024,3
5689,209,1897,21/2/2024,4
5690,205,1897,21/2/2024,3
5691,206,1897,5/2/2024,5
5692,1596,1898,13/3/2024,3
5693,1928,1898,19/1/2024,4
5694,195,1898,7/2/2024,5
5695,1407,1899,10/3/2024,3
5696,292,1899,19/3/2024,4
5697,1650,1899,26/2/2024,3
5698,1443,1900,20/1/2024,3
5699,1397,1900,9/1/2024,5
5700,111,1900,1/2/2024,4
5701,345,1901,4/1/2024,3
5702,832,1901,19/2/2024,4
5703,760,1901,22/3/2024,5
5704,646,1902,5/1/2024,5
5705,1431,1902,20/1/2024,5
5706,1398,1902,27/3/2024,4
5707,2,1903,15/3/2024,4
5708,1366,1903,6/2/2024,3
5709,374,1903,22/1/2024,4
5710,1846,1904,27/2/2024,5
5711,1608,1904,8/3/2024,3
5712,732,1904,13/2/2024,4
5713,22,1905,3/2/2024,5
5714,1762,1905,17/3/2024,5
5715,1556,1905,11/2/2024,3
5716,162,1906,9/1/2024,5
5717,228,1906,7/1/2024,4
5718,440,1906,8/3/2024,5
5719,1857,1907,19/1/2024,3
5720,1980,1907,31/1/2024,5
5721,532,1907,4/2/2024,5
5722,1298,1908,26/2/2024,4
5723,696,1908,25/3/2024,4
5724,898,1908,1/3/2024,4
5725,90,1909,31/1/2024,4
5726,205,1909,23/3/2024,5
5727,1443,1909,22/2/2024,4
5728,1730,1910,1/2/2024,5
5729,950,1910,6/3/2024,4
5730,1128,1910,28/2/2024,4
5731,1907,1911,10/1/2024,4
5732,1451,1911,2/1/2024,5
5733,1381,1911,6/3/2024,4
5734,1319,1912,29/2/2024,5
5735,1871,1912,28/3/2024,4
5736,1365,1912,17/1/2024,4
5737,99,1913,16/1/2024,3
5738,805,1913,16/1/2024,4
5739,1961,1913,15/2/2024,5
5740,443,1914,8/2/2024,3
5741,1583,1914,31/1/2024,5
5742,417,1914,28/3/2024,5
5743,243,1915,1/1/2024,3
5744,569,1915,11/1/2024,4
5745,259,1915,25/3/2024,3
5746,1799,1916,4/1/2024,5
5747,878,1916,11/3/2024,4
5748,1038,1916,26/1/2024,3
5749,1431,1917,19/2/2024,5
5750,132,1917,12/1/2024,4
5751,1112,1917,21/3/2024,5
5752,1284,1918,15/3/2024,4
5753,1864,1918,5/3/2024,4
5754,1957,1918,16/2/2024,3
5755,1340,1919,22/2/2024,4
5756,1804,1919,11/3/2024,5
5757,1263,1919,2/1/2024,4
5758,1966,1920,24/1/2024,5
5759,736,1920,4/1/2024,4
5760,1557,1920,19/1/2024,4
5761,1863,1921,26/1/2024,3
5762,1405,1921,15/3/2024,4
5763,698,1921,9/2/2024,4
5764,94,1922,19/2/2024,5
5765,795,1922,12/2/2024,5
5766,69,1922,15/3/2024,5
5767,835,1923,7/3/2024,4
5768,1167,1923,12/1/2024,5
5769,27,1923,7/3/2024,5
5770,815,1924,27/1/2024,4
5771,878,1924,23/2/2024,5
5772,121,1924,6/3/2024,3
5773,1120,1925,18/2/2024,3
5774,1469,1925,16/1/2024,5
5775,978,1925,2/1/2024,5
5776,91,1926,29/2/2024,5
5777,981,1926,23/2/2024,4
5778,547,1926,30/1/2024,3
5779,1468,1927,24/3/2024,3
5780,1357,1927,7/2/2024,5
5781,1168,1927,28/1/2024,5
5782,629,1928,25/1/2024,4
5783,1432,1928,10/1/2024,4
5784,1766,1928,29/2/2024,3
5785,43,1929,11/2/2024,4
5786,805,1929,9/2/2024,3
5787,939,1929,17/3/2024,5
5788,1554,1930,11/2/2024,5
5789,685,1930,16/2/2024,3
5790,17,1930,6/2/2024,5
5791,330,1931,20/3/2024,4
5792,1697,1931,22/1/2024,5
5793,150,1931,26/2/2024,5
5794,436,1932,24/3/2024,3
5795,642,1932,27/1/2024,4
5796,267,1932,10/2/2024,4
5797,377,1933,20/3/2024,5
5798,217,1933,3/2/2024,5
5799,1101,1933,1/2/2024,4
5800,377,1934,30/3/2024,4
5801,126,1934,29/3/2024,3
5802,1355,1934,6/3/2024,5
5803,1439,1935,12/1/2024,5
5804,449,1935,9/2/2024,4
5805,631,1935,13/3/2024,3
5806,1754,1936,16/3/2024,4
5807,143,1936,30/3/2024,5
5808,1510,1936,13/3/2024,5
5809,1171,1937,10/1/2024,5
5810,1318,1937,17/2/2024,5
5811,1719,1937,20/1/2024,3
5812,730,1938,8/2/2024,5
5813,12,1938,29/2/2024,4
5814,1139,1938,6/3/2024,3
5815,1046,1939,5/3/2024,3
5816,498,1939,20/2/2024,5
5817,311,1939,5/2/2024,3
5818,182,1940,24/1/2024,5
5819,805,1940,27/1/2024,3
5820,451,1940,2/1/2024,3
5821,1263,1941,31/1/2024,4
5822,577,1941,26/2/2024,4
5823,1962,1941,18/3/2024,4
5824,685,1942,6/3/2024,3
5825,1140,1942,29/1/2024,4
5826,924,1942,15/1/2024,4
5827,1756,1943,12/1/2024,4
5828,1763,1943,28/1/2024,3
5829,180,1943,24/3/2024,5
5830,1216,1944,24/1/2024,4
5831,1580,1944,21/1/2024,3
5832,639,1944,10/1/2024,3
5833,810,1945,18/3/2024,5
5834,473,1945,18/1/2024,4
5835,859,1945,28/3/2024,3
5836,1633,1946,14/1/2024,3
5837,1812,1946,3/2/2024,3
5838,938,1946,27/2/2024,5
5839,725,1947,16/3/2024,4
5840,383,1947,22/1/2024,3
5841,524,1947,10/3/2024,3
5842,949,1948,5/2/2024,3
5843,1424,1948,14/2/2024,3
5844,259,1948,5/2/2024,4
5845,1859,1949,22/1/2024,4
5846,235,1949,18/3/2024,3
5847,1641,1949,20/3/2024,3
5848,1725,1950,1/3/2024,3
5849,463,1950,25/2/2024,5
5850,13,1950,29/3/2024,5
5851,388,1951,2/2/2024,5
5852,1435,1951,14/2/2024,3
5853,203,1951,5/2/2024,5
5854,1486,1952,20/1/2024,4
5855,139,1952,18/1/2024,5
5856,1858,1952,7/2/2024,3
5857,1610,1953,7/3/2024,4
5858,1070,1953,23/1/2024,3
5859,1864,1953,16/1/2024,4
5860,1481,1954,28/2/2024,5
5861,1406,1954,9/3/2024,5
5862,1159,1954,8/3/2024,4
5863,889,1955,21/1/2024,4
5864,1583,1955,18/3/2024,3
5865,1031,1955,18/3/2024,4
5866,434,1956,10/3/2024,3
5867,761,1956,12/1/2024,4
5868,1127,1956,16/1/2024,4
5869,168,1957,21/3/2024,5
5870,1804,1957,27/3/2024,5
5871,1166,1957,14/1/2024,3
5872,1414,1958,1/3/2024,3
5873,343,1958,11/3/2024,3
5874,782,1958,15/2/2024,4
5875,1059,1959,1/2/2024,4
5876,1452,1959,15/1/2024,3
5877,1537,1959,13/2/2024,4
5878,1879,1960,17/1/2024,5
5879,981,1960,10/2/2024,4
5880,1568,1960,23/2/2024,5
5881,1758,1961,13/2/2024,3
5882,138,1961,5/1/2024,4
5883,769,1961,27/1/2024,3
5884,1931,1962,27/3/2024,5
5885,1042,1962,18/3/2024,3
5886,983,1962,19/3/2024,5
5887,1646,1963,12/2/2024,5
5888,566,1963,31/1/2024,3
5889,1970,1963,17/1/2024,5
5890,1775,1964,23/3/2024,3
5891,1347,1964,23/2/2024,3
5892,1053,1964,2/3/2024,3
5893,345,1965,27/3/2024,5
5894,333,1965,1/2/2024,5
5895,111,1965,9/2/2024,4
5896,1129,1966,13/1/2024,3
5897,1260,1966,24/3/2024,3
5898,1100,1966,4/2/2024,3
5899,1281,1967,5/1/2024,3
5900,278,1967,13/3/2024,3
5901,122,1967,29/1/2024,3
5902,182,1968,10/3/2024,3
5903,571,1968,25/1/2024,4
5904,571,1968,22/1/2024,4
5905,1498,1969,6/3/2024,3
5906,1894,1969,14/2/2024,3
5907,1532,1969,9/3/2024,4
5908,136,1970,31/3/2024,4
5909,1995,1970,29/3/2024,3
5910,1183,1970,12/3/2024,3
5911,1456,1971,1/1/2024,4
5912,1436,1971,24/3/2024,4
5913,1379,1971,13/2/2024,3
5914,1507,1972,27/3/2024,4
5915,262,1972,15/3/2024,3
5916,1299,1972,8/2/2024,5
5917,104,1973,23/2/2024,3
5918,1920,1973,28/3/2024,3
5919,449,1973,15/3/2024,3
5920,268,1974,29/1/2024,4
5921,1020,1974,23/2/2024,3
5922,1742,1974,30/3/2024,3
5923,1425,1975,16/1/2024,4
5924,500,1975,20/1/2024,5
5925,1471,1975,15/2/2024,5
5926,85,1976,7/3/2024,4
5927,1031,1976,5/3/2024,3
5928,856,1976,27/2/2024,5
5929,1816,1977,22/2/2024,5
5930,834,1977,1/1/2024,4
5931,811,1977,21/3/2024,5
5932,6,1978,6/3/2024,5
5933,706,1978,29/1/2024,4
5934,473,1978,24/3/2024,5
5935,936,1979,10/3/2024,3
5936,729,1979,8/1/2024,4
5937,1850,1979,29/1/2024,3
5938,197,1980,20/2/2024,3
5939,1101,1980,2/2/2024,4
5940,271,1980,3/1/2024,5
5941,1401,1981,29/2/2024,4
5942,1335,1981,4/2/2024,5
5943,1226,1981,9/3/2024,3
5944,852,1982,31/3/2024,5
5945,962,1982,16/3/2024,3
5946,775,1982,24/3/2024,3
5947,84,1983,20/1/2024,3
5948,1193,1983,13/3/2024,4
5949,447,1983,8/2/2024,5
5950,1934,1984,4/1/2024,5
5951,540,1984,19/1/2024,5
5952,1725,1984,31/3/2024,3
5953,1682,1985,14/2/2024,4
5954,137,1985,12/2/2024,5
5955,793,1985,13/1/2024,5
5956,333,1986,13/1/2024,4
5957,1163,1986,29/2/2024,5
5958,1642,1986,26/2/2024,4
5959,1923,1987,26/3/2024,4
5960,860,1987,21/2/2024,5
5961,29,1987,22/2/2024,4
5962,115,1988,26/3/2024,4
5963,832,1988,12/2/2024,5
5964,1813,1988,23/3/2024,3
5965,1985,1989,12/3/2024,5
5966,1724,1989,12/3/2024,5
5967,944,1989,11/2/2024,3
5968,785,1990,30/3/2024,4
5969,1435,1990,26/1/2024,5
5970,1905,1990,23/1/2024,3
5971,173,1991,12/2/2024,3
5972,1049,1991,17/3/2024,5
5973,742,1991,28/1/2024,5
5974,124,1992,9/1/2024,3
5975,1191,1992,20/1/2024,5
5976,1595,1992,25/2/2024,3
5977,616,1993,23/3/2024,5
5978,904,1993,8/2/2024,3
5979,802,1993,20/2/2024,5
5980,1403,1994,12/1/2024,5
5981,1239,1994,19/3/2024,5
5982,1469,1994,24/2/2024,4
5983,1163,1995,18/3/2024,5
5984,705,1995,11/1/2024,3
5985,620,1995,26/1/2024,3
5986,772,1996,11/2/2024,4
5987,930,1996,27/1/2024,4
5988,266,1996,11/1/2024,4
5989,790,1997,7/2/2024,5
5990,889,1997,12/2/2024,5
5991,182,1997,19/1/2024,3
5992,1984,1998,4/3/2024,3
5993,524,1998,6/1/2024,5
5994,1610,1998,15/2/2024,3
5995,1363,1999,11/2/2024,5
5996,1884,1999,5/3/2024,4
5997,1927,1999,12/3/2024,5
5998,1425,2000,28/2/2024,5
5999,546,2000,21/2/2024,5
6000,208,2000,16/2/2024,3
