DestinationID,Name,State,Type,Popularity,BestTimeToVisit
1,Taj Mahal,Uttar Pradesh,Historical,7.6179,Oct-Mar
2,Red Fort,Delhi,Historical,9.3525,Oct-Mar
3,Golden Temple,Punjab,Religious,8.694,Oct-Mar
4,Amer Fort,Rajasthan,Historical,8.2926,Oct-Mar
5,Hawa Mahal,Rajasthan,Historical,6.96,Oct-Mar
6,Humayun's Tomb,Delhi,Historical,6.9599,Oct-Mar
7,Qutub Minar,Delhi,Historical,6.6652,Oct-Mar
8,Mysore Palace,Karnataka,Historical,9.098,Oct-Mar
9,India Gate,Delhi,Historical,8.3,Oct-Mar
10,Gateway of India,Maharashtra,Historical,8.622,Oct-Mar
11,Ajanta Caves,Maharashtra,Historical,6.5523,Oct-Mar
12,Ellora Caves,Maharashtra,Historical,9.4103,Oct-Mar
13,Meenakshi Amman Temple,Tamil Nadu,Religious,8.9964,Oct-Mar
14,Konark Sun Temple,Odisha,Historical,7.1296,Oct-Mar
15,Jagannath Temple,Odisha,Religious,7.0377,Oct-Mar
16,Statue of Unity,Gujarat,Historical,7.0425,Oct-Mar
17,Hampi Monuments,Karnataka,Historical,7.4062,Oct-Mar
18,Brihadeeswara Temple,Tamil Nadu,Religious,8.0701,Oct-Mar
19,Charminar,Telangana,Historical,7.7907,Oct-Mar
20,Golconda Fort,Telangana,Historical,7.3671,Oct-Mar
21,Dal Lake,Jammu & Kashmir,Nature,8.3323,Jul-Sep
22,Pangong Lake,Ladakh,Nature,6.9103,Jul-Sep
23,Alleppey Backwaters,Kerala,Nature,7.3698,Jul-Sep
24,Munnar Tea Gardens,Kerala,Nature,7.5933,Jul-Sep
25,Kaziranga National Park,Assam,Nature,7.8633,Jul-Sep
26,Jim Corbett National Park,Uttarakhand,Nature,8.8541,Jul-Sep
27,Ranthambore National Park,Rajasthan,Nature,7.0914,Jul-Sep
28,Valley of Flowers,Uttarakhand,Nature,8.0384,Jul-Sep
29,Rohtang Pass,Himachal Pradesh,Adventure,8.2738,Apr-Jun
30,Badrinath Temple,Uttarakhand,Religious,6.6302,Oct-Mar
31,Kedarnath Temple,Uttarakhand,Religious,8.3193,Oct-Mar
32,Somnath Temple,Gujarat,Religious,7.0037,Oct-Mar
33,Dwarkadhish Temple,Gujarat,Religious,6.6862,Oct-Mar
34,Rani Ki Vav,Gujarat,Historical,9.347,Oct-Mar
35,Sanchi Stupa,Madhya Pradesh,Historical,9.3974,Oct-Mar
36,Khajuraho Temples,Madhya Pradesh,Historical,8.924,Oct-Mar
37,Victoria Memorial,West Bengal,Historical,7.4074,Oct-Mar
38,Cellular Jail,Andaman & Nicobar,Historical,6.7844,Oct-Mar
39,Mahabodhi Temple,Bihar,Religious,8.5502,Oct-Mar
40,Nalanda University Ruins,Bihar,Historical,7.8154,Oct-Mar
41,Sarnath Buddhist Site,Uttar Pradesh,Religious,6.8577,Oct-Mar
42,Kashi Vishwanath Temple,Uttar Pradesh,Religious,7.9811,Oct-Mar
43,Marina Beach,Tamil Nadu,Beach,6.5938,Mar-Jun
44,Ooty Lake,Tamil Nadu,Nature,9.2279,Jul-Sep
45,Kodaikanal Lake,Tamil Nadu,Nature,7.2694,Jul-Sep
46,Coorg Coffee Estates,Karnataka,Nature,8.4849,Jul-Sep
47,Jog Falls,Karnataka,Nature,7.4287,Jul-Sep
48,Shirdi Sai Baba Temple,Maharashtra,Religious,8.056,Oct-Mar
49,Elephanta Caves,Maharashtra,Historical,8.1362,Oct-Mar
50,Sabarmati Ashram,Gujarat,Historical,7.0468,Oct-Mar
51,Rann of Kutch,Gujarat,Nature,9.4093,Jul-Sep
52,Gir National Park,Gujarat,Nature,8.8239,Jul-Sep
53,Basilica of Bom Jesus,Goa,Religious,9.3187,Oct-Mar
54,Dudhsagar Falls,Goa,Nature,9.1842,Jul-Sep
55,Palolem Beach,Goa,Beach,8.2903,Mar-Jun
56,Tirumala Venkateswara,Andhra Pradesh,Religious,9.2656,Oct-Mar
57,Araku Valley,Andhra Pradesh,Nature,6.7567,Jul-Sep
58,Borra Caves,Andhra Pradesh,Nature,7.0803,Jul-Sep
59,Sundarbans National Park,West Bengal,Nature,6.6265,Jul-Sep
60,Darjeeling Railway,West Bengal,Historical,7.4697,Oct-Mar
61,Tawang Monastery,Arunachal Pradesh,Religious,7.6604,Oct-Mar
62,Living Root Bridges,Meghalaya,Nature,7.3072,Jul-Sep
63,Har Ki Pauri,Uttarakhand,Religious,8.9853,Oct-Mar
64,Lakshman Jhula,Uttarakhand,Historical,7.5643,Oct-Mar
65,Naini Lake,Uttarakhand,Nature,7.3361,Jul-Sep
66,Wagah Border,Punjab,Historical,8.1241,Oct-Mar
67,Jallianwala Bagh,Punjab,Historical,6.9146,Oct-Mar
68,Rock Garden,Chandigarh,Nature,8.9054,Jul-Sep
69,Fort Kochi,Kerala,Historical,6.7147,Oct-Mar
70,Varkala Cliff,Kerala,Beach,9.4614,Mar-Jun
71,Clive's House,Tamil Nadu,Historical,8.8152,Oct-Mar
72,King's Barracks,Tamil Nadu,Historical,7.0886,Oct-Mar
73,St. Mary's Church,Tamil Nadu,Religious,6.5069,Oct-Mar
74,Gingee Fort,Tamil Nadu,Historical,8.9453,Oct-Mar
75,Rajagiri Hill,Tamil Nadu,Historical,8.6183,Oct-Mar
76,Krishnagiri Fort,Tamil Nadu,Historical,8.685,Oct-Mar
77,Venkataramana Temple,Tamil Nadu,Religious,8.8123,Oct-Mar
78,Dutch Cemetery,Tamil Nadu,Historical,6.7132,Oct-Mar
79,Kailasanatha Temple,Tamil Nadu,Religious,7.5695,Oct-Mar
80,Vaikuntaperumal Temple,Tamil Nadu,Religious,6.8391,Oct-Mar
81,Tipu Sultan Palace,Karnataka,Historical,9.0887,Oct-Mar
82,Devanahalli Fort,Karnataka,Historical,8.3668,Oct-Mar
83,Gol Gumbaz,Karnataka,Historical,7.4865,Oct-Mar
84,Srirangapatna Fort,Karnataka,Historical,6.6817,Oct-Mar
85,Daria Daulat Bagh,Karnataka,Historical,7.4265,Oct-Mar
86,Halebidu Temple,Karnataka,Religious,7.4693,Oct-Mar
87,Belur Temple,Karnataka,Religious,8.6868,Oct-Mar
88,Badami Caves,Karnataka,Historical,8.4097,Oct-Mar
89,Pattadakal Group,Karnataka,Historical,9.1613,Oct-Mar
90,Aihole Temples,Karnataka,Historical,7.9119,Oct-Mar
91,Daulatabad Fort,Maharashtra,Historical,6.8504,Oct-Mar
92,Lonar Lake,Maharashtra,Nature,8.6376,Jul-Sep
93,Shivneri Fort,Maharashtra,Historical,8.7807,Oct-Mar
94,Bassein Fort,Maharashtra,Historical,8.1801,Oct-Mar
95,Bibi Ka Maqbara,Maharashtra,Historical,8.8113,Oct-Mar
96,Sun Temple,Gujarat,Historical,7.9769,Oct-Mar
97,Manjarabad Fort,Karnataka,Historical,8.064,Oct-Mar
98,Sarkhej Roja,Gujarat,Religious,7.7774,Oct-Mar
99,Champaner Fort,Gujarat,Historical,6.5668,Oct-Mar
100,Surya Pahar,Assam,Religious,6.8151,Oct-Mar
101,Bhangarh Fort,Rajasthan,Historical,6.5849,Oct-Mar
102,Fatehsagar Lake,Rajasthan,Nature,8.4062,Jul-Sep
103,City Palace Udaipur,Rajasthan,Historical,7.4367,Oct-Mar
104,Saheliyon Ki Bari,Rajasthan,Nature,8.0214,Jul-Sep
105,Eklingji Temple,Rajasthan,Religious,9.2226,Oct-Mar
106,Dilwara Temples,Rajasthan,Religious,7.2408,Oct-Mar
107,Nakki Lake,Rajasthan,Nature,7.7258,Jul-Sep
108,Guru Shikhar,Rajasthan,Nature,8.7649,Jul-Sep
109,Junagarh Fort,Rajasthan,Historical,7.1791,Oct-Mar
110,Karni Mata Temple,Rajasthan,Religious,6.7221,Oct-Mar
111,Pushkar Lake,Rajasthan,Religious,7.3626,Oct-Mar
112,Brahma Temple,Rajasthan,Religious,6.9757,Oct-Mar
113,Chittorgarh Fort,Rajasthan,Historical,9.2892,Oct-Mar
114,Ranthambore Fort,Rajasthan,Historical,8.9232,Oct-Mar
115,Bharatpur Bird Sanctuary,Rajasthan,Nature,8.3972,Jul-Sep
116,Deeg Palace,Rajasthan,Historical,9.1139,Oct-Mar
117,Taragarh Fort,Rajasthan,Historical,8.9098,Oct-Mar
118,Raniji Ki Baori,Rajasthan,Historical,7.052,Oct-Mar
119,Jaisalmer War Museum,Rajasthan,Historical,9.1774,Oct-Mar
120,Sam Sand Dunes,Rajasthan,Adventure,8.114,Apr-Jun
121,Patwon Ki Haveli,Rajasthan,Historical,8.9211,Oct-Mar
122,Gadisar Lake,Rajasthan,Nature,9.188,Jul-Sep
123,Kuldhara Village,Rajasthan,Historical,7.4477,Oct-Mar
124,Jaswant Thada,Rajasthan,Historical,6.8216,Oct-Mar
125,Umaid Bhawan Palace,Rajasthan,Historical,7.1765,Oct-Mar
126,Mandore Gardens,Rajasthan,Nature,7.7761,Jul-Sep
127,Kaylana Lake,Rajasthan,Nature,8.953,Jul-Sep
128,Chand Baori Stepwell,Rajasthan,Historical,9.0816,Oct-Mar
129,Jaigarh Fort,Rajasthan,Historical,6.5112,Oct-Mar
130,Nahargarh Fort,Rajasthan,Historical,8.0279,Oct-Mar
131,Jantar Mantar,Rajasthan,Historical,7.7469,Oct-Mar
132,Albert Hall Museum,Rajasthan,Historical,7.159,Oct-Mar
133,Galta Ji Temple,Rajasthan,Religious,6.8512,Oct-Mar
134,Birla Mandir,Rajasthan,Religious,7.5067,Oct-Mar
135,Chokhi Dhani,Rajasthan,Culture,9.329,Oct-Mar
136,Laxmi Vilas Palace,Gujarat,Historical,7.4633,Oct-Mar
137,Sayaji Baug,Gujarat,Nature,8.0522,Jul-Sep
138,Champaner-Pavagadh Park,Gujarat,Historical,8.6068,Oct-Mar
139,Sun Temple Modhera,Gujarat,Historical,7.585,Oct-Mar
140,Adalaj Stepwell,Gujarat,Historical,9.4159,Oct-Mar
141,Akshardham Temple,Gujarat,Religious,9.3878,Oct-Mar
142,Science City,Gujarat,Education,7.2483,Oct-Mar
143,Kankaria Lake,Gujarat,Nature,7.9873,Jul-Sep
144,Sidi Saiyyed Mosque,Gujarat,Historical,7.3961,Oct-Mar
145,Calico Museum of Textiles,Gujarat,Culture,7.3478,Oct-Mar
146,Lothal Ruins,Gujarat,Historical,6.6014,Oct-Mar
147,Dholavira,Gujarat,Historical,8.3254,Oct-Mar
148,Vijay Vilas Palace,Gujarat,Historical,8.0036,Oct-Mar
149,Mandvi Beach,Gujarat,Beach,6.6453,Mar-Jun
150,Blackbuck National Park,Gujarat,Nature,7.3292,Jul-Sep
151,Marine National Park,Gujarat,Nature,9.2247,Jul-Sep
152,Uparkot Fort,Gujarat,Historical,7.2115,Oct-Mar
153,Mahabat Maqbara,Gujarat,Historical,6.9265,Oct-Mar
154,Girnar Hill,Gujarat,Religious,7.9638,Oct-Mar
155,Nagoa Beach,Daman & Diu,Beach,9.4577,Mar-Jun
156,Diu Fort,Daman & Diu,Historical,7.219,Oct-Mar
157,Gangeshwar Mahadev Temple,Daman & Diu,Religious,8.5138,Oct-Mar
158,Jampore Beach,Daman & Diu,Beach,8.7832,Mar-Jun
159,Devka Beach,Daman & Diu,Beach,7.2057,Mar-Jun
160,Moti Daman Fort,Daman & Diu,Historical,8.6826,Oct-Mar
161,Shaniwar Wada,Maharashtra,Historical,7.5975,Oct-Mar
162,Aga Khan Palace,Maharashtra,Historical,8.3939,Oct-Mar
163,Sinhagad Fort,Maharashtra,Historical,8.3976,Oct-Mar
164,Dagdusheth Ganpati Temple,Maharashtra,Religious,8.1033,Oct-Mar
165,Raja Dinkar Kelkar Museum,Maharashtra,Culture,6.7621,Oct-Mar
166,Mulshi Dam,Maharashtra,Nature,9.005,Jul-Sep
167,Lonavala Lake,Maharashtra,Nature,7.456,Jul-Sep
168,Tiger Point,Maharashtra,Nature,7.0518,Jul-Sep
169,Bhaja Caves,Maharashtra,Historical,6.6131,Oct-Mar
170,Karla Caves,Maharashtra,Historical,8.2692,Oct-Mar
171,Lohagad Fort,Maharashtra,Historical,8.5301,Oct-Mar
172,Pratapgad Fort,Maharashtra,Historical,6.5402,Oct-Mar
173,Venna Lake,Maharashtra,Nature,8.032,Jul-Sep
174,Arthur's Seat,Maharashtra,Nature,7.1722,Jul-Sep
175,Mapro Garden,Maharashtra,Food,8.4326,Oct-Mar
176,Table Land,Maharashtra,Nature,7.0152,Jul-Sep
177,Parsi Point,Maharashtra,Nature,8.5704,Jul-Sep
178,Murud Janjira Fort,Maharashtra,Historical,7.6546,Oct-Mar
179,Alibaug Beach,Maharashtra,Beach,9.3104,Mar-Jun
180,Kashid Beach,Maharashtra,Beach,6.9043,Mar-Jun
181,Raigad Fort,Maharashtra,Historical,7.5171,Oct-Mar
182,Trimbakeshwar Temple,Maharashtra,Religious,6.8319,Oct-Mar
183,Panchavati,Maharashtra,Religious,9.2741,Oct-Mar
184,Sula Vineyards,Maharashtra,Leisure,9.1316,Oct-Mar
185,Pandavleni Caves,Maharashtra,Historical,7.2669,Oct-Mar
186,Harihareshwar Temple,Maharashtra,Religious,8.4772,Oct-Mar
187,Tadoba National Park,Maharashtra,Nature,8.9506,Jul-Sep
188,Pench National Park,Maharashtra,Nature,8.1618,Jul-Sep
189,Deekshabhoomi,Maharashtra,Religious,8.0848,Oct-Mar
190,Ambazari Lake,Maharashtra,Nature,7.2184,Jul-Sep
191,Khandoba Temple,Maharashtra,Religious,6.7706,Oct-Mar
192,Grishneshwar Temple,Maharashtra,Religious,9.1914,Oct-Mar
193,Malshej Ghat,Maharashtra,Nature,9.2011,Jul-Sep
194,Kanheri Caves,Maharashtra,Historical,8.3963,Oct-Mar
195,Sanjay Gandhi National Park,Maharashtra,Nature,7.511,Jul-Sep
196,Global Vipassana Pagoda,Maharashtra,Religious,7.5416,Oct-Mar
197,Mount Mary Church,Maharashtra,Religious,8.6758,Oct-Mar
198,Haji Ali Dargah,Maharashtra,Religious,9.1911,Oct-Mar
199,Juhu Beach,Maharashtra,Beach,9.1609,Mar-Jun
200,Chhatrapati Shivaji Museum,Maharashtra,Culture,8.8382,Oct-Mar
201,Lalbagh Botanical Garden,Karnataka,Nature,8.4232,Jul-Sep
202,Cubbon Park,Karnataka,Nature,6.7436,Jul-Sep
203,Bannerghatta Biological Park,Karnataka,Nature,6.9769,Jul-Sep
204,ISKCON Temple,Karnataka,Religious,9.1954,Oct-Mar
205,Visvesvaraya Museum,Karnataka,Education,8.316,Oct-Mar
206,Wonderla,Karnataka,Adventure,6.518,Apr-Jun
207,Nandi Hills,Karnataka,Nature,6.7958,Jul-Sep
208,Skandagiri Hills,Karnataka,Adventure,8.4878,Apr-Jun
209,Shivanasamudra Falls,Karnataka,Nature,6.5055,Jul-Sep
210,Talakadu,Karnataka,Historical,6.9744,Oct-Mar
211,Chamundi Hills,Karnataka,Religious,8.1423,Oct-Mar
212,Brindavan Gardens,Karnataka,Nature,8.5733,Jul-Sep
213,St. Philomena's Cathedral,Karnataka,Religious,8.4531,Oct-Mar
214,Karanji Lake,Karnataka,Nature,7.1655,Jul-Sep
215,Ranganathittu Bird Sanctuary,Karnataka,Nature,8.6344,Jul-Sep
216,Abbey Falls,Karnataka,Nature,7.2046,Jul-Sep
217,Raja's Seat,Karnataka,Nature,7.4699,Jul-Sep
218,Tala Kaveri,Karnataka,Religious,8.7377,Oct-Mar
219,Namdroling Monastery,Karnataka,Religious,8.4461,Oct-Mar
220,Dubare Elephant Camp,Karnataka,Adventure,9.0469,Apr-Jun
221,Iruppu Falls,Karnataka,Nature,8.4701,Jul-Sep
222,Murudeshwar Temple,Karnataka,Religious,8.2012,Oct-Mar
223,Netrani Island,Karnataka,Adventure,6.7723,Apr-Jun
224,Om Beach,Karnataka,Beach,7.5973,Mar-Jun
225,Kudle Beach,Karnataka,Beach,7.2887,Mar-Jun
226,Mahabaleshwar Temple,Karnataka,Religious,7.2249,Oct-Mar
227,Maravanthe Beach,Karnataka,Beach,9.4196,Mar-Jun
228,Udupi Krishna Temple,Karnataka,Religious,7.6737,Oct-Mar
229,Malpe Beach,Karnataka,Beach,9.1759,Mar-Jun
230,St. Mary's Island,Karnataka,Nature,8.3904,Jul-Sep
231,Chikmagalur Coffee Museum,Karnataka,Education,8.8831,Oct-Mar
232,Mullayanagiri Peak,Karnataka,Adventure,8.0035,Apr-Jun
233,Baba Budan Giri,Karnataka,Religious,8.2271,Oct-Mar
234,Hebbe Falls,Karnataka,Nature,7.9731,Jul-Sep
235,Bhadrachalam Temple,Telangana,Religious,7.0781,Oct-Mar
236,Ramappa Temple,Telangana,Historical,8.6653,Oct-Mar
237,Warangal Fort,Telangana,Historical,7.3356,Oct-Mar
238,Thousand Pillar Temple,Telangana,Religious,6.5635,Oct-Mar
239,Laknavaram Lake,Telangana,Nature,8.4335,Jul-Sep
240,Pakhal Lake,Telangana,Nature,7.0235,Jul-Sep
241,Kuntala Waterfall,Telangana,Nature,9.3216,Jul-Sep
242,Birla Mandir Hyderabad,Telangana,Religious,9.3622,Oct-Mar
243,Salur Jung Museum,Telangana,Culture,9.2445,Oct-Mar
244,Nehru Zoological Park,Telangana,Nature,7.6047,Jul-Sep
245,Ramoji Film City,Telangana,Leisure,6.5368,Oct-Mar
246,Hussain Sagar Lake,Telangana,Nature,9.2851,Jul-Sep
247,Chowmahalla Palace,Telangana,Historical,7.7794,Oct-Mar
248,Paigah Tombs,Telangana,Historical,9.4005,Oct-Mar
249,Qutb Shahi Tombs,Telangana,Historical,9.3913,Oct-Mar
250,KBR National Park,Telangana,Nature,9.0583,Jul-Sep
251,Kanaka Durga Temple,Andhra Pradesh,Religious,7.3768,Oct-Mar
252,Undavalli Caves,Andhra Pradesh,Historical,7.6497,Oct-Mar
253,Prakasam Barrage,Andhra Pradesh,Nature,9.0527,Jul-Sep
254,Bhavani Island,Andhra Pradesh,Adventure,7.4444,Apr-Jun
255,Kondapalli Fort,Andhra Pradesh,Historical,7.0006,Oct-Mar
256,Amaravati Stupa,Andhra Pradesh,Historical,8.1666,Oct-Mar
257,Srisailam Dam,Andhra Pradesh,Nature,9.3086,Jul-Sep
258,Mallikarjuna Jyotirlinga,Andhra Pradesh,Religious,8.5857,Oct-Mar
259,Akka Mahadevi Caves,Andhra Pradesh,Historical,8.2065,Oct-Mar
260,Ahobilam Temple,Andhra Pradesh,Religious,6.7829,Oct-Mar
261,Yaganti Temple,Andhra Pradesh,Religious,8.3418,Oct-Mar
262,Gandikota Fort,Andhra Pradesh,Historical,9.4709,Oct-Mar
263,Pennar River Gorge,Andhra Pradesh,Nature,6.912,Jul-Sep
264,Horsley Hills,Andhra Pradesh,Nature,8.0508,Jul-Sep
265,Talakona Waterfalls,Andhra Pradesh,Nature,9.1317,Jul-Sep
266,Chandragiri Fort,Andhra Pradesh,Historical,8.7204,Oct-Mar
267,Sri Kalahasti Temple,Andhra Pradesh,Religious,8.5887,Oct-Mar
268,Kailasagiri,Andhra Pradesh,Nature,8.6052,Jul-Sep
269,INS Kursura Museum,Andhra Pradesh,Education,7.5726,Oct-Mar
270,VUDA Park,Andhra Pradesh,Nature,7.3742,Jul-Sep
271,Yarada Beach,Andhra Pradesh,Beach,8.9269,Mar-Jun
272,Simhachalam Temple,Andhra Pradesh,Religious,8.9292,Oct-Mar
273,Bheemunipatnam Beach,Andhra Pradesh,Beach,9.1007,Mar-Jun
274,Kakinada Beach,Andhra Pradesh,Beach,9.2397,Mar-Jun
275,Hope Island,Andhra Pradesh,Nature,8.0297,Jul-Sep
276,Konaseema Backwaters,Andhra Pradesh,Nature,8.0001,Jul-Sep
277,Kolleru Lake,Andhra Pradesh,Nature,8.8936,Jul-Sep
278,Maredumilli Forests,Andhra Pradesh,Nature,8.4471,Jul-Sep
279,Padmapuram Gardens,Andhra Pradesh,Nature,8.6036,Jul-Sep
280,Tribal Museum Araku,Andhra Pradesh,Culture,8.8861,Oct-Mar
281,Bekal Fort,Kerala,Historical,9.1697,Oct-Mar
282,Kappil Beach,Kerala,Beach,7.5079,Mar-Jun
283,Anjengo Fort,Kerala,Historical,7.621,Oct-Mar
284,Jatayu Earth's Center,Kerala,Adventure,6.7732,Apr-Jun
285,Ashtamudi Lake,Kerala,Nature,8.2312,Jul-Sep
286,Munroe Island,Kerala,Nature,6.5985,Jul-Sep
287,Marari Beach,Kerala,Beach,7.892,Mar-Jun
288,Kumarakom Bird Sanctuary,Kerala,Nature,8.124,Jul-Sep
289,Vembanad Lake,Kerala,Nature,7.353,Jul-Sep
290,Vagamon Meadows,Kerala,Nature,8.269,Jul-Sep
291,Idukki Arch Dam,Kerala,Nature,6.5821,Jul-Sep
292,Eravikulam National Park,Kerala,Nature,6.6027,Jul-Sep
293,Mattupetty Dam,Kerala,Nature,8.9668,Jul-Sep
294,Anamudi Peak,Kerala,Nature,7.5747,Jul-Sep
295,Top Station,Kerala,Nature,6.8728,Jul-Sep
296,Athirappilly Falls,Kerala,Nature,8.0625,Jul-Sep
297,Vazhachal Falls,Kerala,Nature,8.8084,Jul-Sep
298,Guruvayur Temple,Kerala,Religious,7.14,Oct-Mar
299,Kerala Kalamandalam,Kerala,Culture,8.3655,Oct-Mar
300,Silent Valley National Park,Kerala,Nature,6.7473,Jul-Sep
301,Malampuzha Dam,Kerala,Nature,6.6459,Jul-Sep
302,Nelliyampathy Hills,Kerala,Nature,8.09,Jul-Sep
303,Kozhikode Beach,Kerala,Beach,8.1179,Mar-Jun
304,Kappad Beach,Kerala,Historical,8.4093,Oct-Mar
305,Thusharagiri Falls,Kerala,Nature,8.6762,Jul-Sep
306,Banasura Sagar Dam,Kerala,Nature,9.4282,Jul-Sep
307,Pookode Lake,Kerala,Nature,8.0447,Jul-Sep
308,Chembra Peak,Kerala,Adventure,7.4626,Apr-Jun
309,Kuruva Island,Kerala,Nature,8.8843,Jul-Sep
310,Muzhappilangad Drive-in Beach,Kerala,Beach,7.3057,Mar-Jun
311,St. Angelo Fort,Kerala,Historical,7.8119,Oct-Mar
312,Paithalmala,Kerala,Nature,6.7265,Jul-Sep
313,Padmanabhaswamy Temple,Kerala,Religious,6.5666,Oct-Mar
314,Napier Museum,Kerala,Culture,9.3884,Oct-Mar
315,Shangumugham Beach,Kerala,Beach,9.0071,Mar-Jun
316,Agasthyakoodam,Kerala,Adventure,8.5856,Apr-Jun
317,Poovar Island,Kerala,Nature,7.7215,Jul-Sep
318,Vivekananda Rock,Tamil Nadu,Historical,7.012,Oct-Mar
319,Thiruvalluvar Statue,Tamil Nadu,Historical,6.9613,Oct-Mar
320,Padmanabhapuram Palace,Tamil Nadu,Historical,7.2437,Oct-Mar
321,Vattakottai Fort,Tamil Nadu,Historical,8.1438,Oct-Mar
322,Thanumalayan Temple,Tamil Nadu,Religious,8.6416,Oct-Mar
323,Mathur Aqueduct,Tamil Nadu,Nature,8.4779,Jul-Sep
324,Arulmigu Ramanathaswamy Temple,Tamil Nadu,Religious,7.3331,Oct-Mar
325,Dhanushkodi Ghost Town,Tamil Nadu,Historical,9.365,Oct-Mar
326,Pamban Bridge,Tamil Nadu,Historical,8.7118,Oct-Mar
327,Kothandaramaswamy Temple,Tamil Nadu,Religious,8.1592,Oct-Mar
328,Thirumalai Nayakkar Mahal,Tamil Nadu,Historical,8.3319,Oct-Mar
329,Gandhi Memorial Museum,Tamil Nadu,Culture,7.7535,Oct-Mar
330,Alagar Koyil,Tamil Nadu,Religious,7.2361,Oct-Mar
331,Vandiyur Mariamman Teppakulam,Tamil Nadu,Historical,7.562,Oct-Mar
332,Chettinad Mansions,Tamil Nadu,Historical,8.7718,Oct-Mar
333,Ranganathaswamy Temple,Tamil Nadu,Religious,6.5336,Oct-Mar
334,Rockfort Temple,Tamil Nadu,Religious,6.8398,Oct-Mar
335,Jambukeswarar Temple,Tamil Nadu,Religious,6.6288,Oct-Mar
336,Kallanai Dam,Tamil Nadu,Historical,6.6129,Oct-Mar
337,Puliancholai Falls,Tamil Nadu,Nature,9.0657,Jul-Sep
338,Pichavaram Mangrove Forest,Tamil Nadu,Nature,8.6087,Jul-Sep
339,Nataraja Temple,Tamil Nadu,Religious,7.9178,Oct-Mar
340,Velankanni Church,Tamil Nadu,Religious,6.7848,Oct-Mar
341,Point Calimere Sanctuary,Tamil Nadu,Nature,7.9703,Jul-Sep
342,Thanjavur Maratha Palace,Tamil Nadu,Historical,7.9157,Oct-Mar
343,Saraswathi Mahal Library,Tamil Nadu,Culture,7.0117,Oct-Mar
344,Airavatesvara Temple,Tamil Nadu,Historical,7.7964,Oct-Mar
345,Gangaikonda Cholapuram,Tamil Nadu,Historical,7.69,Oct-Mar
346,Kumbakonam Temples,Tamil Nadu,Religious,8.3444,Oct-Mar
347,Doddabetta Peak,Tamil Nadu,Nature,8.4023,Jul-Sep
348,Pykara Falls,Tamil Nadu,Nature,6.6267,Jul-Sep
349,Mudumalai National Park,Tamil Nadu,Nature,7.6181,Jul-Sep
350,Emerald Lake,Tamil Nadu,Nature,8.3745,Jul-Sep
351,Coonoor Tea Estates,Tamil Nadu,Nature,8.005,Jul-Sep
352,Sim's Park,Tamil Nadu,Nature,9.0688,Jul-Sep
353,Dolphin's Nose,Tamil Nadu,Nature,8.4733,Jul-Sep
354,Silver Cascade Falls,Tamil Nadu,Nature,6.9808,Jul-Sep
355,Coakers Walk,Tamil Nadu,Nature,6.7028,Jul-Sep
356,Pillar Rocks,Tamil Nadu,Nature,8.4243,Jul-Sep
357,Bryant Park,Tamil Nadu,Nature,6.5701,Jul-Sep
358,Berijam Lake,Tamil Nadu,Nature,8.2538,Jul-Sep
359,Yercaud Lake,Tamil Nadu,Nature,9.3209,Jul-Sep
360,Pagoda Point,Tamil Nadu,Nature,8.2228,Jul-Sep
361,Hogenakkal Falls,Tamil Nadu,Nature,7.6589,Jul-Sep
362,Vellore Fort,Tamil Nadu,Historical,8.427,Oct-Mar
363,Golden Temple Vellore,Tamil Nadu,Religious,7.8699,Oct-Mar
364,Yelagiri Hills,Tamil Nadu,Nature,8.1329,Jul-Sep
365,Arignar Anna Zoological Park,Tamil Nadu,Nature,9.3246,Jul-Sep
366,Kapaleeshwarar Temple,Tamil Nadu,Religious,7.6527,Oct-Mar
367,Santhome Cathedral,Tamil Nadu,Religious,9.384,Oct-Mar
368,Guindy National Park,Tamil Nadu,Nature,9.2159,Jul-Sep
369,DakshinaChitra,Tamil Nadu,Culture,7.0797,Oct-Mar
370,Muttukadu Boat House,Tamil Nadu,Adventure,6.6991,Apr-Jun
371,Covelong Beach,Tamil Nadu,Beach,6.7937,Mar-Jun
372,Mahabalipuram Lighthouse,Tamil Nadu,Historical,6.5452,Oct-Mar
373,Five Rathas,Tamil Nadu,Historical,6.7746,Oct-Mar
374,Arjuna's Penance,Tamil Nadu,Historical,8.5465,Oct-Mar
375,Krishna's Butter Ball,Tamil Nadu,Nature,6.7046,Jul-Sep
376,Tiger Cave,Tamil Nadu,Historical,7.4506,Oct-Mar
377,Vedanthangal Bird Sanctuary,Tamil Nadu,Nature,9.0338,Jul-Sep
378,Auroville Matrimandir,Puducherry,Religious,6.5604,Oct-Mar
379,Promenade Beach,Puducherry,Beach,8.9423,Mar-Jun
380,Paradise Beach,Puducherry,Beach,7.3388,Mar-Jun
381,Sri Aurobindo Ashram,Puducherry,Religious,6.8461,Oct-Mar
382,French Quarter,Puducherry,Culture,8.5879,Oct-Mar
383,Basilica of the Sacred Heart,Puducherry,Religious,8.3838,Oct-Mar
384,Chunnambar Boat House,Puducherry,Adventure,9.132,Apr-Jun
385,Fort St. George,Tamil Nadu,Historical,8.7033,Oct-Mar
386,Government Museum,Tamil Nadu,Education,8.9092,Oct-Mar
387,Semmozhi Poonga,Tamil Nadu,Nature,7.3394,Jul-Sep
388,Elliot's Beach,Tamil Nadu,Beach,7.0245,Mar-Jun
389,Pulicat Lake Bird Sanctuary,Andhra Pradesh,Nature,8.7501,Jul-Sep
390,Sriharikota ISRO Centre,Andhra Pradesh,Education,8.9193,Oct-Mar
391,Nellapattu Bird Sanctuary,Andhra Pradesh,Nature,9.4723,Jul-Sep
392,Udayagiri Fort,Andhra Pradesh,Historical,7.7325,Oct-Mar
393,Venkiri Hills,Andhra Pradesh,Nature,7.6103,Jul-Sep
394,Mylavaram Dam,Andhra Pradesh,Nature,8.8277,Jul-Sep
395,Vontimitta Kodandarama Temple,Andhra Pradesh,Religious,7.5163,Oct-Mar
396,Brahmamgari Matham,Andhra Pradesh,Religious,9.2924,Oct-Mar
397,Siddavatam Fort,Andhra Pradesh,Historical,9.0746,Oct-Mar
398,Belum Caves Entrance,Andhra Pradesh,Adventure,7.7818,Apr-Jun
399,Rollapadu Wildlife Sanctuary,Andhra Pradesh,Nature,8.7508,Jul-Sep
400,Mantralayam Raghavendra Swamy,Andhra Pradesh,Religious,8.7619,Oct-Mar
401,Kurnool Konda Reddy Fort,Andhra Pradesh,Historical,6.8008,Oct-Mar
402,Orvakal Rock Garden,Andhra Pradesh,Nature,9.2075,Jul-Sep
403,Mahanandi Temple,Andhra Pradesh,Religious,8.0114,Oct-Mar
404,Adoni Fort,Andhra Pradesh,Historical,8.9784,Oct-Mar
405,Lepakshi Nandi,Andhra Pradesh,Historical,7.4538,Oct-Mar
406,Veerabhadra Temple Lepakshi,Andhra Pradesh,Historical,9.1863,Oct-Mar
407,Puttaparthi Prashanthi Nilayam,Andhra Pradesh,Religious,7.662,Oct-Mar
408,Penukonda Fort,Andhra Pradesh,Historical,6.5229,Oct-Mar
409,Gooty Fort,Andhra Pradesh,Historical,9.216,Oct-Mar
410,Hemavathi Temples,Andhra Pradesh,Religious,6.7651,Oct-Mar
411,Dharmavaram Silk Centre,Andhra Pradesh,Culture,7.4516,Oct-Mar
412,Rayadurgam Fort,Andhra Pradesh,Historical,9.3505,Oct-Mar
413,Thimmamma Marrimanu,Andhra Pradesh,Nature,9.3522,Jul-Sep
414,Ethipothala Falls,Andhra Pradesh,Nature,8.2167,Jul-Sep
415,Uppalapadu Bird Sanctuary,Andhra Pradesh,Nature,8.3925,Jul-Sep
416,Kondaveedu Fort,Andhra Pradesh,Historical,7.8404,Oct-Mar
417,Amaravati Museum,Andhra Pradesh,Education,7.373,Oct-Mar
418,Bapatla Beach,Andhra Pradesh,Beach,7.4798,Mar-Jun
419,Mangalagiri Panakala Swamy,Andhra Pradesh,Religious,8.515,Oct-Mar
420,Suryalanka Beach,Andhra Pradesh,Beach,8.7554,Mar-Jun
421,Chirala Beach,Andhra Pradesh,Beach,8.8734,Mar-Jun
422,Vodarevu Beach,Andhra Pradesh,Beach,8.8675,Mar-Jun
423,Nagarjuna Sagar Dam,Telangana,Nature,6.7649,Jul-Sep
424,Nagarjunakonda Island,Andhra Pradesh,Historical,7.9788,Oct-Mar
425,Kolleru Bird Sanctuary,Andhra Pradesh,Nature,6.6636,Jul-Sep
426,Dwaraka Tirumala,Andhra Pradesh,Religious,8.1447,Oct-Mar
427,Coringa Wildlife Sanctuary,Andhra Pradesh,Nature,7.8196,Jul-Sep
428,Uppada Beach,Andhra Pradesh,Beach,9.1628,Mar-Jun
429,Annavaram Satyanarayana Swamy,Andhra Pradesh,Religious,7.5468,Oct-Mar
430,Draksharamam Temple,Andhra Pradesh,Religious,6.8427,Oct-Mar
431,Papi Hills Boat Cruise,Andhra Pradesh,Adventure,6.9208,Apr-Jun
432,Godavari Arch Bridge,Andhra Pradesh,Historical,8.7829,Oct-Mar
433,ISKCON Rajahmundry,Andhra Pradesh,Religious,8.3515,Oct-Mar
434,Kotipalli Someswara Swamy,Andhra Pradesh,Religious,6.7947,Oct-Mar
435,Antarvedi Beach,Andhra Pradesh,Beach,6.7435,Mar-Jun
436,Dhavaleswaram Barrage,Andhra Pradesh,Nature,8.6006,Jul-Sep
437,Kadiyapulanka Nurseries,Andhra Pradesh,Nature,6.7094,Jul-Sep
438,Ryali Jaganmohini Temple,Andhra Pradesh,Religious,8.9646,Oct-Mar
439,Ainavilli Vinayaka Temple,Andhra Pradesh,Religious,8.6165,Oct-Mar
440,Samalkot Kumara Rama Temple,Andhra Pradesh,Religious,6.7352,Oct-Mar
441,Pancharama Kshetras,Andhra Pradesh,Religious,6.7457,Oct-Mar
442,Palakollu Ksheera Rama,Andhra Pradesh,Religious,9.4606,Oct-Mar
443,Bhimavaram Somarama Temple,Andhra Pradesh,Religious,7.6171,Oct-Mar
444,Kolanupaka Jain Temple,Telangana,Religious,7.6061,Oct-Mar
445,Yadagirigutta Temple,Telangana,Religious,8.9373,Oct-Mar
446,Bhongir Fort,Telangana,Historical,9.342,Oct-Mar
447,Pillalamarri Banyan Tree,Telangana,Nature,9.4587,Jul-Sep
448,Jurala Dam,Telangana,Nature,8.7584,Jul-Sep
449,Gadwal Fort,Telangana,Historical,7.6231,Oct-Mar
450,Alampur Jogulamba Temple,Telangana,Religious,6.7417,Oct-Mar
451,Kinnerasani Wildlife Sanctuary,Telangana,Nature,8.8299,Jul-Sep
452,Medak Fort,Telangana,Historical,8.1714,Oct-Mar
453,Medak Cathedral,Telangana,Religious,7.7674,Oct-Mar
454,Pocharam Wildlife Sanctuary,Telangana,Nature,9.2189,Jul-Sep
455,Edupayala Vana Durga Bhavani,Telangana,Religious,6.8251,Oct-Mar
456,Nirmal Toys Craft Centre,Telangana,Culture,7.9734,Oct-Mar
457,Basara Gnana Saraswati Temple,Telangana,Religious,6.5245,Oct-Mar
458,Kawal Tiger Reserve,Telangana,Nature,7.9012,Jul-Sep
459,Pochera Waterfalls,Telangana,Nature,6.6598,Jul-Sep
460,Basar Saraswati Temple,Telangana,Religious,6.848,Oct-Mar
461,Dharmapuri Narasimha Swamy,Telangana,Religious,6.8441,Oct-Mar
462,Kondagattu Anjaneya Swamy,Telangana,Religious,8.4448,Oct-Mar
463,Vemulawada Rajarajeshwara,Telangana,Religious,8.7363,Oct-Mar
464,Lower Manair Dam,Telangana,Nature,8.2466,Jul-Sep
465,Elgandal Fort,Telangana,Historical,9.387,Oct-Mar
466,Jagityal Fort,Telangana,Historical,7.6189,Oct-Mar
467,Nagunur Fort Temples,Telangana,Historical,7.3505,Oct-Mar
468,Kaleshwaram Temple,Telangana,Religious,9.1053,Oct-Mar
469,Bogatha Waterfalls,Telangana,Nature,7.1635,Jul-Sep
470,Eturnagaram Wildlife Sanctuary,Telangana,Nature,9.3901,Jul-Sep
471,Laknavaram Suspension Bridge,Telangana,Adventure,6.5269,Apr-Jun
472,Kakatiya Musical Garden,Telangana,Nature,9.4102,Jul-Sep
473,Bhadrakali Temple,Telangana,Religious,6.6202,Oct-Mar
474,Pandavula Gutta,Telangana,Historical,9.1731,Oct-Mar
475,Ananthagiri Hills Vikarabad,Telangana,Nature,8.079,Jul-Sep
476,Kotepally Reservoir,Telangana,Adventure,9.4797,Apr-Jun
477,Chilkur Balaji Temple,Telangana,Religious,6.7125,Oct-Mar
478,Gandipet Lake,Telangana,Nature,8.1577,Jul-Sep
479,Himayat Sagar Lake,Telangana,Nature,9.4084,Jul-Sep
480,Mrugavani National Park,Telangana,Nature,8.0651,Jul-Sep
481,Sanghi Temple,Telangana,Religious,8.3851,Oct-Mar
482,Mount Opera,Telangana,Leisure,8.5849,Oct-Mar
483,Ocean Park,Telangana,Leisure,7.8587,Oct-Mar
484,Snow World,Telangana,Leisure,8.3796,Oct-Mar
485,Sudha Car Museum,Telangana,Culture,8.2494,Oct-Mar
486,Taramati Baradari,Telangana,Historical,9.2033,Oct-Mar
487,Purani Haveli,Telangana,Historical,6.6271,Oct-Mar
488,Lumbini Park,Telangana,Nature,7.3362,Jul-Sep
489,NTR Gardens,Telangana,Nature,9.3516,Jul-Sep
490,Necklace Road,Telangana,Nature,9.1705,Jul-Sep
491,Lakeside Marine Drive,Telangana,Nature,7.8621,Jul-Sep
492,Jagannath Temple Hyderabad,Telangana,Religious,8.3572,Oct-Mar
493,Public Gardens Nampally,Telangana,Nature,7.3254,Jul-Sep
494,State Museum Hyderabad,Telangana,Education,7.0567,Oct-Mar
495,Kasu Brahmananda Reddy Park,Telangana,Nature,7.8863,Jul-Sep
496,Deer Park Shamirpet,Telangana,Nature,7.5541,Jul-Sep
497,Shamirpet Lake,Telangana,Nature,8.2474,Jul-Sep
498,Keesara Gutta Temple,Telangana,Religious,6.7243,Oct-Mar
499,Chaya Someswara Temple,Telangana,Historical,9.4238,Oct-Mar
500,Panagal Museum,Telangana,Education,9.4593,Oct-Mar
501,Orchha Fort Complex,Madhya Pradesh,Historical,8.5922,Oct-Mar
502,Chaturbhuj Temple,Madhya Pradesh,Religious,8.1043,Oct-Mar
503,Jahangir Mahal,Madhya Pradesh,Historical,7.4222,Oct-Mar
504,Bhimbetka Rock Shelters,Madhya Pradesh,Historical,8.9403,Oct-Mar
505,Bhojeshwar Temple,Madhya Pradesh,Religious,8.5517,Oct-Mar
506,Udayagiri Caves,Madhya Pradesh,Historical,6.9799,Oct-Mar
507,Sanchi Stupa 2,Madhya Pradesh,Historical,9.2327,Oct-Mar
508,Mandu Fort,Madhya Pradesh,Historical,8.9666,Oct-Mar
509,Jahaz Mahal,Madhya Pradesh,Historical,9.3497,Oct-Mar
510,Rani Roopmati Pavilion,Madhya Pradesh,Historical,8.6751,Oct-Mar
511,Baz Bahadur Palace,Madhya Pradesh,Historical,8.337,Oct-Mar
512,Hindola Mahal,Madhya Pradesh,Historical,7.7494,Oct-Mar
513,Omkareshwar Jyotirlinga,Madhya Pradesh,Religious,9.2983,Oct-Mar
514,Maheshwar Ahilya Fort,Madhya Pradesh,Historical,9.0976,Oct-Mar
515,Patalpani Waterfall,Madhya Pradesh,Nature,6.6264,Jul-Sep
516,Choral Dam,Madhya Pradesh,Leisure,6.5697,Oct-Mar
517,Tinchafall,Madhya Pradesh,Nature,7.6237,Jul-Sep
518,Lal Bagh Palace,Madhya Pradesh,Historical,8.9305,Oct-Mar
519,Rajwada Palace,Madhya Pradesh,Historical,9.4625,Oct-Mar
520,Khajrana Ganesh Temple,Madhya Pradesh,Religious,6.9431,Oct-Mar
521,Upper Lake,Madhya Pradesh,Nature,8.279,Jul-Sep
522,Van Vihar National Park,Madhya Pradesh,Wildlife,7.637,Nov-Feb
523,Bharat Bhavan,Madhya Pradesh,Culture,9.4103,Oct-Mar
524,Tribal Museum Bhopal,Madhya Pradesh,Culture,9.0255,Oct-Mar
525,Kanha Tiger Reserve,Madhya Pradesh,Wildlife,9.0141,Nov-Feb
526,Bandhavgarh Fort,Madhya Pradesh,Historical,7.9013,Oct-Mar
527,Panna Tiger Reserve,Madhya Pradesh,Wildlife,7.7391,Nov-Feb
528,Pandav Falls,Madhya Pradesh,Nature,7.3134,Jul-Sep
529,Dhuandhar Falls,Madhya Pradesh,Nature,6.66,Jul-Sep
530,Bhedaghat Marble Rocks,Madhya Pradesh,Nature,9.0936,Jul-Sep
531,Madan Mahal Fort,Madhya Pradesh,Historical,8.9376,Oct-Mar
532,Chausath Yogini Temple,Madhya Pradesh,Religious,9.5,Oct-Mar
533,Amarkantak Temple,Madhya Pradesh,Religious,9.4907,Oct-Mar
534,Narmada Udgam,Madhya Pradesh,Religious,8.1625,Oct-Mar
535,Dudhdhara Falls,Madhya Pradesh,Nature,8.8054,Jul-Sep
536,Gwalior Zoo,Madhya Pradesh,Wildlife,9.3346,Nov-Feb
537,Jai Vilas Palace Museum,Madhya Pradesh,Historical,9.0482,Oct-Mar
538,Teli Ka Mandir,Madhya Pradesh,Religious,7.235,Oct-Mar
539,Saas Bahu Temple,Madhya Pradesh,Religious,7.8467,Oct-Mar
540,Sun Temple Gwalior,Madhya Pradesh,Religious,6.8792,Oct-Mar
541,Chitrakote Falls,Chhattisgarh,Nature,9.3625,Jul-Sep
542,Teerathgarh Falls,Chhattisgarh,Nature,8.3152,Jul-Sep
543,Kutumsar Caves,Chhattisgarh,Adventure,7.1786,Apr-Jun
544,Kanger Valley National Park,Chhattisgarh,Wildlife,8.5125,Nov-Feb
545,Danteshwari Temple,Chhattisgarh,Religious,8.3512,Oct-Mar
546,Bhoramdeo Temple,Chhattisgarh,Historical,7.5686,Oct-Mar
547,Mainpat Hill Station,Chhattisgarh,Hill Station,6.8322,Mar-Jun
548,Sirpur Group of Monuments,Chhattisgarh,Historical,8.5121,Oct-Mar
549,Barnawapara Sanctuary,Chhattisgarh,Wildlife,8.0567,Nov-Feb
550,Dongargarh Bamleshwari,Chhattisgarh,Religious,8.8154,Oct-Mar
551,Lansdowne Tip-In-Top,Uttarakhand,Nature,8.0563,Jul-Sep
552,Bhulla Tal Lake,Uttarakhand,Leisure,9.0558,Oct-Mar
553,Tarkeshwar Mahadev,Uttarakhand,Religious,8.1518,Oct-Mar
554,Pithoragarh Fort,Uttarakhand,Historical,8.179,Oct-Mar
555,Chandak Hills,Uttarakhand,Nature,9.1295,Jul-Sep
556,Munsiyari Khalia Top,Uttarakhand,Adventure,7.705,Apr-Jun
557,Birthi Falls,Uttarakhand,Nature,6.8938,Jul-Sep
558,Chopta Tungnath Trek,Uttarakhand,Adventure,6.577,Apr-Jun
559,Chandrashila Peak,Uttarakhand,Adventure,8.7637,Apr-Jun
560,Deoria Tal,Uttarakhand,Nature,8.3578,Jul-Sep
561,Joshimath Narasimha Temple,Uttarakhand,Religious,8.61,Oct-Mar
562,Auli Artificial Lake,Uttarakhand,Leisure,7.1314,Oct-Mar
563,Gorson Bugyal,Uttarakhand,Adventure,6.9009,Apr-Jun
564,Chenap Lake,Uttarakhand,Nature,6.5341,Jul-Sep
565,Mana Village,Uttarakhand,Culture,7.5458,Oct-Mar
566,Vasudhara Falls,Uttarakhand,Nature,8.2663,Jul-Sep
567,Hemkund Sahib,Uttarakhand,Religious,7.6712,Oct-Mar
568,Binsar Wildlife Sanctuary,Uttarakhand,Wildlife,7.8073,Nov-Feb
569,Zero Point Binsar,Uttarakhand,Nature,9.2123,Jul-Sep
570,Kasar Devi Temple,Uttarakhand,Religious,7.5387,Oct-Mar
571,Jageshwar Dham,Uttarakhand,Religious,8.0377,Oct-Mar
572,Katarmal Sun Temple,Uttarakhand,Historical,8.8495,Oct-Mar
573,Ranikhet Golf Course,Uttarakhand,Leisure,7.6841,Oct-Mar
574,Jhoola Devi Temple,Uttarakhand,Religious,8.3631,Oct-Mar
575,Chaubatia Gardens,Uttarakhand,Nature,9.0865,Jul-Sep
576,Kausani Tea Estate,Uttarakhand,Nature,9.3489,Jul-Sep
577,Anasakti Ashram,Uttarakhand,Historical,6.9331,Oct-Mar
578,Baijnath Temple Complex,Uttarakhand,Historical,9.2798,Oct-Mar
579,Mukteshwar Dham,Uttarakhand,Religious,7.9718,Oct-Mar
580,Chauli Ki Jali,Uttarakhand,Adventure,7.2678,Apr-Jun
581,Sat Tal Lakes,Uttarakhand,Nature,7.8726,Jul-Sep
582,Naukuchiatal,Uttarakhand,Leisure,9.4407,Oct-Mar
583,Bhimtal Island Museum,Uttarakhand,Culture,7.9734,Oct-Mar
584,Kainchi Dham Ashram,Uttarakhand,Religious,7.48,Oct-Mar
585,Golu Devta Temple,Uttarakhand,Religious,8.3972,Oct-Mar
586,Dhanaulti Eco Park,Uttarakhand,Nature,7.2133,Jul-Sep
587,Surkanda Devi Temple,Uttarakhand,Religious,6.7187,Oct-Mar
588,Tehri Dam,Uttarakhand,Education,6.8783,Oct-Mar
589,Kanatal Hill Top,Uttarakhand,Leisure,6.8758,Oct-Mar
590,Robber's Cave,Uttarakhand,Nature,6.9476,Jul-Sep
591,Sahastradhara,Uttarakhand,Nature,6.9083,Jul-Sep
592,Tapkeshwar Temple,Uttarakhand,Religious,8.4197,Oct-Mar
593,Mindrolling Monastery,Uttarakhand,Religious,7.0379,Oct-Mar
594,Forest Research Institute,Uttarakhand,Education,7.531,Oct-Mar
595,Paltan Bazaar,Uttarakhand,Shopping,9.1901,Oct-Mar
596,Malsi Deer Park,Uttarakhand,Wildlife,7.9172,Nov-Feb
597,Rajaji National Park,Uttarakhand,Wildlife,8.5,Nov-Feb
598,Chandi Devi Temple,Uttarakhand,Religious,7.0091,Oct-Mar
599,Mansa Devi Temple,Uttarakhand,Religious,7.0692,Oct-Mar
600,Daksh Prajapati Temple,Uttarakhand,Religious,6.6133,Oct-Mar
601,Majuli Island Village,Assam,Culture,6.9989,Oct-Mar
602,Kamalabari Satra,Assam,Religious,7.329,Oct-Mar
603,Auniati Satra,Assam,Religious,7.0232,Oct-Mar
604,Dakhinpat Satra,Assam,Religious,6.7574,Oct-Mar
605,Sivasagar Sivadol,Assam,Religious,6.8535,Oct-Mar
606,Rang Ghar,Assam,Historical,7.8775,Oct-Mar
607,Talatal Ghar,Assam,Historical,7.1115,Oct-Mar
608,Charaideo Maidam,Assam,Historical,7.587,Oct-Mar
609,Pobitora Wildlife Sanctuary,Assam,Wildlife,8.0059,Nov-Feb
610,Orang National Park,Assam,Wildlife,8.5688,Nov-Feb
611,Dibru-Saikhowa Park,Assam,Wildlife,6.6087,Nov-Feb
612,Digboi Oil Well No 1,Assam,Education,8.897,Oct-Mar
613,Digboi War Cemetery,Assam,Historical,8.3806,Oct-Mar
614,Umananda Temple,Assam,Religious,6.7365,Oct-Mar
615,Assam State Museum,Assam,Education,9.1203,Oct-Mar
616,Guwahati Planetarium,Assam,Education,9.2626,Oct-Mar
617,Accoland,Assam,Leisure,6.6742,Oct-Mar
618,Madan Kamdev Ruins,Assam,Historical,7.3239,Oct-Mar
619,Hajo Powa Mecca,Assam,Religious,8.9174,Oct-Mar
620,Hayagriva Madhava Temple,Assam,Religious,8.743,Oct-Mar
621,Mokokchung Village,Nagaland,Culture,7.0458,Oct-Mar
622,Ungma Village,Nagaland,Culture,7.1206,Oct-Mar
623,Longkhum Village,Nagaland,Nature,7.6056,Jul-Sep
624,Kohima War Cemetery,Nagaland,Historical,7.949,Oct-Mar
625,Kisama Heritage Village,Nagaland,Culture,8.3516,Oct-Mar
626,Dzukou Valley,Nagaland,Adventure,7.6009,Apr-Jun
627,Japfu Peak,Nagaland,Adventure,7.8828,Apr-Jun
628,Kohima State Museum,Nagaland,Education,8.7406,Oct-Mar
629,Khonoma Green Village,Nagaland,Culture,6.6007,Oct-Mar
630,Tura Peak,Meghalaya,Nature,7.2503,Jul-Sep
631,Nokrek National Park,Meghalaya,Wildlife,8.6379,Nov-Feb
632,Siju Caves,Meghalaya,Adventure,9.1854,Apr-Jun
633,Balpakram National Park,Meghalaya,Wildlife,8.0307,Nov-Feb
634,Elephant Falls,Meghalaya,Nature,8.0923,Jul-Sep
635,Shillong Peak,Meghalaya,Nature,6.813,Jul-Sep
636,Ward's Lake,Meghalaya,Leisure,7.8373,Oct-Mar
637,Don Bosco Museum,Meghalaya,Culture,8.0938,Oct-Mar
638,Mawsmai Cave,Meghalaya,Adventure,7.2203,Apr-Jun
639,Nohkalikai Falls,Meghalaya,Nature,7.3009,Jul-Sep
640,Seven Sisters Falls,Meghalaya,Nature,7.6261,Jul-Sep
641,Mawsynram Village,Meghalaya,Nature,6.5507,Jul-Sep
642,Krem Puri Cave,Meghalaya,Adventure,7.4599,Apr-Jun
643,Mawlynnong Clean Village,Meghalaya,Culture,7.1269,Oct-Mar
644,Dawki Umngot River,Meghalaya,Nature,7.4763,Jul-Sep
645,Shnongpdeng,Meghalaya,Adventure,6.8509,Apr-Jun
646,Laitlum Canyons,Meghalaya,Nature,9.1713,Jul-Sep
647,Umiam Lake View Point,Meghalaya,Leisure,8.2773,Oct-Mar
648,Kangla Fort,Manipur,Historical,8.5348,Oct-Mar
649,IMA Market,Manipur,Culture,8.8661,Oct-Mar
650,Keibul Lamjao Park,Manipur,Wildlife,7.9909,Nov-Feb
651,Lothal Dockyard Ruins,Gujarat,Historical,6.752,Oct-Mar
652,Lothal Museum,Gujarat,Education,8.1073,Oct-Mar
653,Dholavira Ancient City,Gujarat,Historical,8.257,Oct-Mar
654,Wood Fossil Park,Gujarat,Education,8.7345,Oct-Mar
655,White Rann Tent City,Gujarat,Leisure,7.7898,Oct-Mar
656,Kala Dungar,Gujarat,Nature,6.8744,Jul-Sep
657,Aina Mahal,Gujarat,Historical,7.3446,Oct-Mar
658,Prag Mahal,Gujarat,Historical,7.5834,Oct-Mar
659,Kutch Museum,Gujarat,Education,8.4349,Oct-Mar
660,Swaminarayan Temple Bhuj,Gujarat,Religious,8.2087,Oct-Mar
661,Hamirsar Lake,Gujarat,Leisure,7.5624,Oct-Mar
662,Mandvi Ship Building,Gujarat,Culture,9.4603,Oct-Mar
663,Vijay Vilas Palace Garden,Gujarat,Leisure,8.314,Oct-Mar
664,72 Jinalaya Temple,Gujarat,Religious,7.2045,Oct-Mar
665,Narala Marine Park,Gujarat,Wildlife,6.7967,Nov-Feb
666,Lakhota Palace,Gujarat,Historical,6.9505,Oct-Mar
667,Bala Hanuman Temple,Gujarat,Religious,7.2308,Oct-Mar
668,Khijadiya Bird Sanctuary,Gujarat,Wildlife,6.974,Nov-Feb
669,Bet Dwarka,Gujarat,Religious,7.052,Oct-Mar
670,Nageshwar Jyotirlinga,Gujarat,Religious,7.3486,Oct-Mar
671,Gomti Ghat,Gujarat,Religious,7.0123,Oct-Mar
672,Dwarka Beach,Gujarat,Beach,9.1901,Mar-Jun
673,Sudama Setu,Gujarat,Leisure,6.7319,Oct-Mar
674,Porbandar Chowpati,Gujarat,Beach,8.0694,Mar-Jun
675,Kirti Mandir,Gujarat,Historical,7.7258,Oct-Mar
676,Tara Mandir Planetarium,Gujarat,Education,9.4478,Oct-Mar
677,Somnath Beach,Gujarat,Beach,6.8276,Mar-Jun
678,Bhalka Tirth,Gujarat,Religious,7.6881,Oct-Mar
679,Triveni Sangam Somnath,Gujarat,Religious,9.4089,Oct-Mar
680,Junagadh Mahabat Maqbara,Gujarat,Historical,9.096,Oct-Mar
681,Uparkot Buddhist Caves,Gujarat,Historical,8.9501,Oct-Mar
682,Edicts of Ashoka,Gujarat,Historical,7.2667,Oct-Mar
683,Datar Hill,Gujarat,Religious,7.0048,Oct-Mar
684,Sasan Gir Safari,Gujarat,Wildlife,8.5033,Nov-Feb
685,Devalia Safari Park,Gujarat,Wildlife,9.2882,Nov-Feb
686,Tulsi Shyam Springs,Gujarat,Nature,8.1665,Jul-Sep
687,Diu Naida Caves,Daman & Diu,Adventure,8.2112,Apr-Jun
688,St. Paul's Church,Daman & Diu,Religious,7.3332,Oct-Mar
689,Diu Shell Museum,Daman & Diu,Education,8.8069,Oct-Mar
690,Ghoghla Beach,Daman & Diu,Beach,7.0534,Mar-Jun
691,Sunset Point Diu,Daman & Diu,Leisure,7.4648,Oct-Mar
692,Chakratirth Beach,Daman & Diu,Beach,7.7711,Mar-Jun
693,Saputara Lake,Gujarat,Leisure,8.0185,Oct-Mar
694,Saputara Ropeway,Gujarat,Adventure,7.2201,Apr-Jun
695,Gira Waterfalls,Gujarat,Nature,6.836,Jul-Sep
696,Vansda National Park,Gujarat,Wildlife,8.3286,Nov-Feb
697,Dandi Memorial,Gujarat,Historical,7.3592,Oct-Mar
698,Tithal Beach,Gujarat,Beach,8.2402,Mar-Jun
699,Wilson Hills,Gujarat,Hill Station,6.955,Mar-Jun
700,Daman Lighthouse,Daman & Diu,Historical,7.9388,Oct-Mar
701,Ross Island (Netaji Subhash Chandra Bose Dweep),Andaman & Nicobar,Historical,8.0937,Oct-Mar
702,North Bay Island,Andaman & Nicobar,Adventure,6.6463,Apr-Jun
703,Chidiya Tapu Sunset Point,Andaman & Nicobar,Nature,7.5037,Jul-Sep
704,Corbyn's Cove Beach,Andaman & Nicobar,Beach,6.895,Mar-Jun
705,Samudrika Marine Museum,Andaman & Nicobar,Education,6.6811,Oct-Mar
706,Mount Harriet National Park,Andaman & Nicobar,Wildlife,9.4706,Nov-Feb
707,Baratang Limestone Caves,Andaman & Nicobar,Adventure,7.4608,Apr-Jun
708,Mud Volcano Baratang,Andaman & Nicobar,Nature,8.9285,Jul-Sep
709,Elephant Beach,Andaman & Nicobar,Adventure,7.2569,Apr-Jun
710,Kalapathar Beach,Andaman & Nicobar,Beach,8.542,Mar-Jun
711,Neil Island (Shaheed Dweep),Andaman & Nicobar,Nature,8.779,Jul-Sep
712,Bharatpur Beach,Andaman & Nicobar,Beach,8.2835,Mar-Jun
713,Laxmanpur Beach,Andaman & Nicobar,Beach,7.91,Mar-Jun
714,Natural Bridge Neil Island,Andaman & Nicobar,Nature,7.7302,Jul-Sep
715,Jolly Buoy Island,Andaman & Nicobar,Adventure,7.5406,Apr-Jun
716,Red Skin Island,Andaman & Nicobar,Nature,9.2887,Jul-Sep
717,Wandoor Beach,Andaman & Nicobar,Beach,8.9909,Mar-Jun
718,Mahatma Gandhi Marine National Park,Andaman & Nicobar,Wildlife,9.3956,Nov-Feb
719,Ross and Smith Islands,Andaman & Nicobar,Nature,6.8645,Jul-Sep
720,Saddle Peak National Park,Andaman & Nicobar,Adventure,8.6906,Apr-Jun
721,Shantiniketan (Visva-Bharati),West Bengal,Culture,9.3152,Oct-Mar
722,Tagore's Ashram,West Bengal,Historical,7.0359,Oct-Mar
723,Kala Bhavan,West Bengal,Culture,6.6905,Oct-Mar
724,Amar Kutir,West Bengal,Shopping,8.7215,Oct-Mar
725,Kopai River View,West Bengal,Nature,8.2198,Jul-Sep
726,Tarapith Temple,West Bengal,Religious,9.0247,Oct-Mar
727,Bishnupur Terracotta Temples,West Bengal,Historical,6.9111,Oct-Mar
728,Rasmancha,West Bengal,Historical,8.8845,Oct-Mar
729,Jorganda Gate,West Bengal,Historical,7.0973,Oct-Mar
730,Madan Mohan Temple,West Bengal,Religious,6.983,Oct-Mar
731,Susunia Hills,West Bengal,Adventure,6.9848,Apr-Jun
732,Biharinath Hill,West Bengal,Nature,8.9426,Jul-Sep
733,Mukutmanipur Dam,West Bengal,Leisure,8.4929,Oct-Mar
734,Jhilimili Forest,West Bengal,Nature,8.065,Jul-Sep
735,Murshidabad Hazarduari Palace,West Bengal,Historical,7.5706,Oct-Mar
736,Katra Masjid,West Bengal,Historical,9.1312,Oct-Mar
737,Nashipur Rajbari,West Bengal,Historical,7.6718,Oct-Mar
738,Imambara Hooghly,West Bengal,Historical,8.9487,Oct-Mar
739,Bandel Church,West Bengal,Religious,7.8123,Oct-Mar
740,Hangseshwari Temple,West Bengal,Religious,7.6251,Oct-Mar
741,Chandannagar Museum,West Bengal,Education,7.8832,Oct-Mar
742,Sacred Heart Church,West Bengal,Religious,7.3976,Oct-Mar
743,Eden Gardens,West Bengal,Sports,8.741,Oct-Mar
744,Princep Ghat,West Bengal,Leisure,8.0038,Oct-Mar
745,Indian Museum,West Bengal,Education,7.1894,Oct-Mar
746,Marble Palace,West Bengal,Historical,9.1985,Oct-Mar
747,Birla Planetarium Kolkata,West Bengal,Education,7.646,Oct-Mar
748,Nicco Park,West Bengal,Leisure,8.1267,Oct-Mar
749,Eco Park New Town,West Bengal,Nature,9.2193,Jul-Sep
750,Mother's Wax Museum,West Bengal,Culture,8.3696,Oct-Mar
751,St. Paul's Cathedral,West Bengal,Religious,6.8422,Oct-Mar
752,Kalighat Kali Temple,West Bengal,Religious,9.3197,Oct-Mar
753,Belur Math,West Bengal,Religious,8.3801,Oct-Mar
754,Botanical Garden Howrah,West Bengal,Nature,7.4986,Jul-Sep
755,Digha Beach,West Bengal,Beach,6.9096,Mar-Jun
756,Mandarmani Beach,West Bengal,Beach,8.8808,Mar-Jun
757,Tajpur Beach,West Bengal,Beach,8.3571,Mar-Jun
758,Shankarpur Beach,West Bengal,Beach,8.0963,Mar-Jun
759,Bakkhali Beach,West Bengal,Beach,9.1814,Mar-Jun
760,Henry's Island,West Bengal,Nature,8.8644,Jul-Sep
761,Gangasagar (Sagar Island),West Bengal,Religious,6.9469,Oct-Mar
762,Mayapur ISKCON Temple,West Bengal,Religious,7.4288,Oct-Mar
763,Nabadwip Temples,West Bengal,Religious,7.2384,Oct-Mar
764,Bethuadahari Wildlife Sanctuary,West Bengal,Wildlife,8.73,Nov-Feb
765,Batasia Loop,West Bengal,Historical,6.5913,Oct-Mar
766,Tiger Hill Sunrise,West Bengal,Nature,8.206,Jul-Sep
767,Peace Pagoda Darjeeling,West Bengal,Religious,8.7857,Oct-Mar
768,Himalayan Mountaineering Institute,West Bengal,Education,9.1298,Oct-Mar
769,Padmaja Naidu Zoo,West Bengal,Wildlife,7.5202,Nov-Feb
770,Happy Valley Tea Estate,West Bengal,Nature,8.9627,Jul-Sep
771,Mirik Lake (Sumendu Lake),West Bengal,Leisure,6.8234,Oct-Mar
772,Pashupati Market,West Bengal,Shopping,9.0386,Oct-Mar
773,Sandakphu Trek,West Bengal,Adventure,6.8741,Apr-Jun
774,Singalila National Park,West Bengal,Wildlife,7.6864,Nov-Feb
775,Kalimpong Pine View Nursery,West Bengal,Nature,8.8906,Jul-Sep
776,Durpin Monastery,West Bengal,Religious,6.9416,Oct-Mar
777,Morgan House,West Bengal,Historical,7.1805,Oct-Mar
778,Deolo Hill,West Bengal,Nature,8.6647,Jul-Sep
779,Lava Monastery,West Bengal,Religious,8.658,Oct-Mar
780,Neora Valley National Park,West Bengal,Wildlife,8.4205,Nov-Feb
781,Gorumara National Park,West Bengal,Wildlife,8.5795,Nov-Feb
782,Jaldapara National Park,West Bengal,Wildlife,8.1242,Nov-Feb
783,Buxa Fort,West Bengal,Historical,7.2484,Oct-Mar
784,Jayanti River Bed,West Bengal,Nature,7.531,Jul-Sep
785,Chilapata Forest,West Bengal,Wildlife,7.037,Nov-Feb
786,Bindu Dam,West Bengal,Nature,9.2252,Jul-Sep
787,Udayagiri and Khandagiri Caves,Odisha,Historical,8.2466,Oct-Mar
788,Lingaraja Temple,Odisha,Religious,7.6971,Oct-Mar
789,Nandankanan Zoological Park,Odisha,Wildlife,7.8812,Nov-Feb
790,Dhauli Shanti Stupa,Odisha,Religious,9.3421,Oct-Mar
791,Odisha State Museum,Odisha,Education,6.952,Oct-Mar
792,Kala Bhoomi Crafts Museum,Odisha,Culture,8.2552,Oct-Mar
793,Mukteswara Temple,Odisha,Religious,8.0133,Oct-Mar
794,Rajarani Temple,Odisha,Historical,8.3311,Oct-Mar
795,Ekaterini Kanan,Odisha,Nature,6.5448,Jul-Sep
796,Konark Sun Temple Museum,Odisha,Education,9.1159,Oct-Mar
797,Chandrabhaga Beach,Odisha,Beach,9.2965,Mar-Jun
798,Puri Golden Beach,Odisha,Beach,8.1917,Mar-Jun
799,Swargadwar Beach,Odisha,Religious,8.5876,Oct-Mar
800,Chilika Lake (Mangalajodi),Odisha,Wildlife,9.2675,Nov-Feb
801,Chilika Lake (Satapada Dolphin Point),Odisha,Nature,8.6195,Jul-Sep
802,Pipili Village,Odisha,Culture,6.9495,Oct-Mar
803,Raghurajpur Artist Village,Odisha,Culture,8.2252,Oct-Mar
804,Sakshi Gopal Temple,Odisha,Religious,8.3169,Oct-Mar
805,Gopalpur Beach,Odisha,Beach,7.7672,Mar-Jun
806,Tara Tarini Hill Shrine,Odisha,Religious,8.7074,Oct-Mar
807,Tampara Lake,Odisha,Leisure,9.3033,Oct-Mar
808,Rushikulya Turtle Nesting Site,Odisha,Wildlife,9.2768,Nov-Feb
809,Daringbadi (Odisha's Kashmir),Odisha,Hill Station,7.8476,Mar-Jun
810,Simlipal National Park,Odisha,Wildlife,6.8312,Nov-Feb
811,Barehipani Falls,Odisha,Nature,9.4552,Jul-Sep
812,Khiching Temple,Odisha,Religious,9.0158,Oct-Mar
813,Baripada Jagannath Temple,Odisha,Religious,6.8656,Oct-Mar
814,Chandipur Sea Beach,Odisha,Beach,9.2625,Mar-Jun
815,Panchalingeshwar Temple,Odisha,Religious,9.1092,Oct-Mar
816,Bhitarkanika Mangroves,Odisha,Wildlife,8.0523,Nov-Feb
817,Gahirmatha Marine Sanctuary,Odisha,Wildlife,8.2704,Nov-Feb
818,Hirakud Dam,Odisha,Engineering,7.6915,Oct-Mar
819,Samaleswari Temple,Odisha,Religious,6.6552,Oct-Mar
820,Debrigarh Wildlife Sanctuary,Odisha,Wildlife,7.4994,Nov-Feb
821,Leaning Temple of Huma,Odisha,Historical,8.9073,Oct-Mar
822,Khandadhar Falls,Odisha,Nature,6.5043,Jul-Sep
823,Ghatgaon Tarini Temple,Odisha,Religious,7.4943,Oct-Mar
824,Gupteswar Cave,Odisha,Religious,7.689,Oct-Mar
825,Duduma Waterfall,Odisha,Nature,8.1082,Jul-Sep
826,Kolab Dam,Odisha,Leisure,9.2596,Oct-Mar
827,Tribal Museum Koraput,Odisha,Culture,7.533,Oct-Mar
828,Sunabeda Aero Engine Factory,Odisha,Education,7.5348,Oct-Mar
829,Kapilash Temple,Odisha,Religious,8.7106,Oct-Mar
830,Saptasajya Hill,Odisha,Nature,7.8517,Jul-Sep
831,Mahima Gadi,Odisha,Religious,7.1665,Oct-Mar
832,Cuttack Maritime Museum,Odisha,Education,7.8524,Oct-Mar
833,Netaji Birthplace Museum,Odisha,Historical,6.9144,Oct-Mar
834,Barabati Fort Ruins,Odisha,Historical,7.0213,Oct-Mar
835,Dhabaleswar Island Temple,Odisha,Religious,7.9907,Oct-Mar
836,Ratnagiri Buddhist Excavations,Odisha,Historical,7.7515,Oct-Mar
837,Udayagiri Buddhist Monastery,Odisha,Historical,9.2445,Oct-Mar
838,Lalitgiri Stupa,Odisha,Historical,7.5813,Oct-Mar
839,Biraja Temple,Odisha,Religious,8.2382,Oct-Mar
840,Gangtok MG Marg,Sikkim,Shopping,8.3938,Oct-Mar
841,Tsomgo Lake (Changu Lake),Sikkim,Nature,6.5297,Jul-Sep
842,Baba Harbhajan Singh Mandir,Sikkim,Religious,8.4879,Oct-Mar
843,Nathu La Pass Border,Sikkim,Adventure,7.0263,Apr-Jun
844,Enchey Monastery,Sikkim,Religious,9.3837,Oct-Mar
845,Namgyal Institute of Tibetology,Sikkim,Education,6.9379,Oct-Mar
846,Ban Jhakri Falls,Sikkim,Nature,7.7386,Jul-Sep
847,Ganesh Tok Viewpoint,Sikkim,Nature,6.7473,Jul-Sep
848,Hanuman Tok,Sikkim,Religious,9.4914,Oct-Mar
849,Tashi Viewpoint,Sikkim,Nature,8.0022,Jul-Sep
850,Rumtek Dharma Chakra Centre,Sikkim,Religious,8.2827,Oct-Mar
851,Zuluk Silk Route,Sikkim,Adventure,6.6922,Apr-Jun
852,Kupup Elephant Lake,Sikkim,Nature,8.7481,Jul-Sep
853,Pelling Skywalk,Sikkim,Adventure,7.1222,Apr-Jun
854,Rabdentse Ruins,Sikkim,Historical,9.1939,Oct-Mar
855,Sangachoeling Monastery,Sikkim,Religious,7.1079,Oct-Mar
856,Pemayangtse Monastery,Sikkim,Religious,7.0644,Oct-Mar
857,Khecheopalri Wish-Fulfilling Lake,Sikkim,Religious,6.6003,Oct-Mar
858,Kanchenjunga Falls,Sikkim,Nature,7.9115,Jul-Sep
859,Rimbi Orange Garden,Sikkim,Nature,8.1908,Jul-Sep
860,Singshore Bridge,Sikkim,Engineering,6.6881,Oct-Mar
861,Lachung Village,Sikkim,Nature,8.8251,Jul-Sep
862,Yumthang Valley of Flowers,Sikkim,Nature,7.855,Jul-Sep
863,Zero Point (Yumesamdong),Sikkim,Adventure,8.069,Apr-Jun
864,Lachen Village,Sikkim,Nature,7.8172,Jul-Sep
865,Gurudongmar Sacred Lake,Sikkim,Nature,7.6968,Jul-Sep
866,Thangu Valley,Sikkim,Nature,8.1751,Jul-Sep
867,Chopta Valley,Sikkim,Nature,6.9577,Jul-Sep
868,Namchi Chardham (Siddheshwar Dham),Sikkim,Religious,7.038,Oct-Mar
869,Samdruptse Statue,Sikkim,Religious,9.0848,Oct-Mar
870,Temi Tea Garden,Sikkim,Nature,9.3386,Jul-Sep
871,Ravangla Buddha Park (Tathagata Tsal),Sikkim,Religious,7.6142,Oct-Mar
872,Bon Monastery,Sikkim,Religious,7.3054,Oct-Mar
873,Maenam Wildlife Sanctuary,Sikkim,Wildlife,8.4291,Nov-Feb
874,Yuksom Coronation Site,Sikkim,Historical,7.7208,Oct-Mar
875,Dubdi Monastery,Sikkim,Religious,6.5667,Oct-Mar
876,Tashiding Monastery,Sikkim,Religious,6.9604,Oct-Mar
877,Varsey Rhododendron Sanctuary,Sikkim,Nature,8.6458,Jul-Sep
878,Goechala Trek Base,Sikkim,Adventure,8.474,Apr-Jun
879,Ziro Pine Grove,Arunachal Pradesh,Nature,6.5719,Jul-Sep
880,Talley Valley Wildlife Sanctuary,Arunachal Pradesh,Wildlife,7.1586,Nov-Feb
881,Meghna Cave Temple,Arunachal Pradesh,Religious,7.186,Oct-Mar
882,Tawang War Memorial,Arunachal Pradesh,Historical,8.5131,Oct-Mar
883,Sela Pass,Arunachal Pradesh,Nature,6.5497,Jul-Sep
884,Madhuri Lake (Sangetsar),Arunachal Pradesh,Nature,6.8037,Jul-Sep
885,Nuranang Falls (Bong Bong Falls),Arunachal Pradesh,Nature,8.8985,Jul-Sep
886,Bum La Pass Border,Arunachal Pradesh,Adventure,7.0278,Apr-Jun
887,P.T. Tso Lake,Arunachal Pradesh,Nature,8.4554,Jul-Sep
888,Gorichen Peak,Arunachal Pradesh,Adventure,7.2074,Apr-Jun
889,Bomdila Monastery,Arunachal Pradesh,Religious,6.7897,Oct-Mar
890,Eaglenest Wildlife Sanctuary,Arunachal Pradesh,Wildlife,7.2224,Nov-Feb
891,Dirang Valley,Arunachal Pradesh,Nature,8.6647,Jul-Sep
892,Sangti Valley,Arunachal Pradesh,Nature,9.0664,Jul-Sep
893,Itanagar Ita Fort,Arunachal Pradesh,Historical,8.9897,Oct-Mar
894,Jawaharlal Nehru State Museum,Arunachal Pradesh,Education,7.686,Oct-Mar
895,Geker Sinying (Ganga Lake),Arunachal Pradesh,Nature,8.5016,Jul-Sep
896,Namdapha National Park,Arunachal Pradesh,Wildlife,7.1074,Nov-Feb
897,Pakhui (Pakke) Tiger Reserve,Arunachal Pradesh,Wildlife,7.3728,Nov-Feb
898,Bhalukpong River Side,Arunachal Pradesh,Nature,9.1888,Jul-Sep
899,Roing Mayudia Pass,Arunachal Pradesh,Adventure,6.5295,Apr-Jun
900,Dong Village (First Sunrise),Arunachal Pradesh,Adventure,6.7477,Apr-Jun
901,Vishnupad Temple,Bihar,Religious,7.1162,Oct-Mar
902,Barabar Caves,Bihar,Historical,6.5702,Oct-Mar
903,Sher Shah Suri Tomb,Bihar,Historical,7.0365,Oct-Mar
904,Rohtasgarh Fort,Bihar,Historical,8.2456,Oct-Mar
905,Pawapuri Jain Temple,Bihar,Religious,7.759,Oct-Mar
906,Hiuen Tsang Memorial Hall,Bihar,Education,9.1777,Oct-Mar
907,Rajgir Glass Bridge,Bihar,Adventure,8.9513,Apr-Jun
908,Vishwa Shanti Stupa,Bihar,Religious,7.5194,Oct-Mar
909,Vulture's Peak (Gridhakuta),Bihar,Historical,7.2713,Oct-Mar
910,Bimbisara Jail,Bihar,Historical,7.6334,Oct-Mar
911,Cyclopean Wall,Bihar,Historical,8.2674,Oct-Mar
912,Ghora Katora Lake,Bihar,Nature,7.2973,Jul-Sep
913,Vikramshila University Ruins,Bihar,Historical,8.3693,Oct-Mar
914,Dolphin Sanctuary,Bihar,Wildlife,7.7229,Nov-Feb
915,Valmiki National Park,Bihar,Wildlife,8.1523,Nov-Feb
916,Kesaria Stupa,Bihar,Historical,7.8033,Oct-Mar
917,Patna Museum,Bihar,Education,7.3768,Oct-Mar
918,Golghar,Bihar,Historical,9.3457,Oct-Mar
919,Takhat Sri Patna Sahib,Bihar,Religious,8.7892,Oct-Mar
920,Sanjay Gandhi Biological Park,Bihar,Wildlife,6.9121,Nov-Feb
921,Bihar Museum,Bihar,Culture,9.1049,Oct-Mar
922,Maner Sharif Dargah,Bihar,Religious,7.9577,Oct-Mar
923,Kakolat Waterfall,Bihar,Nature,9.1834,Jul-Sep
924,Munger Fort,Bihar,Historical,8.8983,Oct-Mar
925,Jalmandir,Bihar,Religious,7.7704,Oct-Mar
926,Indira Gandhi Tulip Garden,Jammu & Kashmir,Nature,6.558,Jul-Sep
927,Pari Mahal,Jammu & Kashmir,Historical,7.2992,Oct-Mar
928,Shankaracharya Temple,Jammu & Kashmir,Religious,8.1209,Oct-Mar
929,Chashme Shahi,Jammu & Kashmir,Nature,8.3974,Jul-Sep
930,Hazratbal Shrine,Jammu & Kashmir,Religious,7.2667,Oct-Mar
931,Dachigam National Park,Jammu & Kashmir,Wildlife,6.9098,Nov-Feb
932,Aru Valley,Jammu & Kashmir,Nature,9.0039,Jul-Sep
933,Betaab Valley,Jammu & Kashmir,Nature,9.4539,Jul-Sep
934,Chandanwari,Jammu & Kashmir,Nature,8.0729,Jul-Sep
935,Baisaran Valley (Mini Switzerland),Jammu & Kashmir,Nature,7.0072,Jul-Sep
936,Sheshnag Lake,Jammu & Kashmir,Nature,7.3101,Jul-Sep
937,Martand Sun Temple Ruins,Jammu & Kashmir,Historical,6.5457,Oct-Mar
938,Khilanmarg,Jammu & Kashmir,Adventure,9.2428,Apr-Jun
939,Alpathar Lake,Jammu & Kashmir,Nature,6.8448,Jul-Sep
940,Apharwat Peak,Jammu & Kashmir,Adventure,8.2259,Apr-Jun
941,Wular Lake,Jammu & Kashmir,Nature,7.3154,Jul-Sep
942,Manasbal Lake,Jammu & Kashmir,Nature,8.1587,Jul-Sep
943,Sonamarg Glaciers,Jammu & Kashmir,Nature,8.4514,Jul-Sep
944,Thajiwas Glacier,Jammu & Kashmir,Adventure,8.9883,Apr-Jun
945,Zoji La Pass,Jammu & Kashmir,Adventure,7.1118,Apr-Jun
946,Kishansar Lake,Jammu & Kashmir,Nature,6.5234,Jul-Sep
947,Yusmarg,Jammu & Kashmir,Nature,6.9024,Jul-Sep
948,Doodhpathri,Jammu & Kashmir,Nature,9.1999,Jul-Sep
949,Verinag Spring,Jammu & Kashmir,Nature,9.1212,Jul-Sep
950,Aharbal Waterfall,Jammu & Kashmir,Nature,8.2888,Jul-Sep
951,Leh Palace,Ladakh,Historical,8.2982,Oct-Mar
952,Shanti Stupa Leh,Ladakh,Religious,8.4924,Oct-Mar
953,Magnetic Hill,Ladakh,Nature,7.0183,Jul-Sep
954,Sangam Point (Indus & Zanskar),Ladakh,Nature,9.2432,Jul-Sep
955,Hall of Fame,Ladakh,Historical,7.751,Oct-Mar
956,Spituk Monastery,Ladakh,Religious,7.6438,Oct-Mar
957,Thiksey Monastery,Ladakh,Religious,8.0525,Oct-Mar
958,Stakna Monastery,Ladakh,Religious,6.6317,Oct-Mar
959,Shey Monastery,Ladakh,Religious,6.9909,Oct-Mar
960,Alchi Monastery,Ladakh,Religious,8.7122,Oct-Mar
961,Likir Monastery,Ladakh,Religious,6.7396,Oct-Mar
962,Lamayuru Moonland,Ladakh,Nature,8.3061,Jul-Sep
963,Diskit Monastery,Ladakh,Religious,7.2289,Oct-Mar
964,Hunder Sand Dunes,Ladakh,Nature,7.6623,Jul-Sep
965,Turtuk Village,Ladakh,Culture,7.3594,Oct-Mar
966,Panamik Hot Springs,Ladakh,Nature,7.5611,Jul-Sep
967,Tso Moriri Lake,Ladakh,Nature,8.655,Jul-Sep
968,Tso Kar Lake,Ladakh,Nature,7.3848,Jul-Sep
969,Khardung La Pass,Ladakh,Adventure,8.1955,Apr-Jun
970,Chang La Pass,Ladakh,Adventure,7.9235,Apr-Jun
971,Zanskar Valley,Ladakh,Adventure,8.4883,Apr-Jun
972,Phugtal Monastery,Ladakh,Religious,9.3107,Oct-Mar
973,Rangdum Monastery,Ladakh,Religious,8.6957,Oct-Mar
974,Shinku La Pass,Ladakh,Adventure,7.1374,Apr-Jun
975,Drass War Memorial,Ladakh,Historical,6.5842,Oct-Mar
976,Mulbekh Monastery,Ladakh,Religious,7.2799,Oct-Mar
977,Suru Valley,Ladakh,Nature,8.2818,Jul-Sep
978,Sukhna Wildlife Sanctuary,Chandigarh,Wildlife,6.6451,Nov-Feb
979,Le Corbusier Centre,Chandigarh,Culture,7.9846,Oct-Mar
980,Open Hand Monument,Chandigarh,Historical,8.2871,Oct-Mar
981,Rose Garden,Chandigarh,Nature,7.4966,Jul-Sep
982,Pinjore Gardens (Yadavindra),Haryana,Nature,8.8112,Jul-Sep
983,Morni Hills,Haryana,Hill Station,6.8112,Mar-Jun
984,Tikkar Taal,Haryana,Leisure,6.7165,Oct-Mar
985,Kurukshetra Brahma Sarovar,Haryana,Religious,8.6826,Oct-Mar
986,Jyotisar Birthplace of Gita,Haryana,Religious,7.982,Oct-Mar
987,Sheikh Chilli's Tomb,Haryana,Historical,8.5628,Oct-Mar
988,Sultanpur Bird Sanctuary,Haryana,Wildlife,7.7994,Nov-Feb
989,Heritage Transport Museum,Haryana,Culture,7.2321,Oct-Mar
990,Kingdom of Dreams,Haryana,Leisure,8.9563,Oct-Mar
991,Cyber Hub,Haryana,Leisure,8.897,Oct-Mar
992,Leisure Valley Park,Haryana,Nature,8.5817,Jul-Sep
993,Surajkund Lake,Haryana,Historical,7.3096,Oct-Mar
994,Badkhal Lake,Haryana,Nature,8.2672,Jul-Sep
995,Damdama Lake,Haryana,Adventure,7.577,Apr-Jun
996,Sohna Hot Springs,Haryana,Nature,6.766,Jul-Sep
997,Raja Nahar Singh Palace,Haryana,Historical,9.2519,Oct-Mar
998,Tilyar Lake,Haryana,Leisure,6.9022,Oct-Mar
999,Star Monument,Haryana,Historical,9.351,Oct-Mar
1000,Loharu Fort,Haryana,Historical,7.833,Oct-Mar
1001,Gobindgarh Fort,Punjab,Historical,7.0477,Oct-Mar
1002,Durgiana Temple,Punjab,Religious,8.1217,Oct-Mar
1003,Partition Museum,Punjab,Education,9.1183,Oct-Mar
1004,Ram Bagh Gardens,Punjab,Nature,8.6947,Jul-Sep
1005,Harike Wetland,Punjab,Wildlife,8.9185,Nov-Feb
1006,Qila Mubarak,Punjab,Historical,8.4736,Oct-Mar
1007,Rose Garden Bathinda,Punjab,Nature,8.5744,Jul-Sep
1008,Chetak Park,Punjab,Leisure,9.0468,Oct-Mar
1009,Virasat-e-Khalsa,Punjab,Culture,7.2419,Oct-Mar
1010,Takht Sri Keshgarh Sahib,Punjab,Religious,7.9637,Oct-Mar
1011,Anandpur Sahib Fort,Punjab,Historical,7.1563,Oct-Mar
1012,Fatehgarh Sahib Gurudwara,Punjab,Religious,9.4637,Oct-Mar
1013,Aam Khas Bagh,Punjab,Historical,9.3324,Oct-Mar
1014,Sanghol Buddhist Stupa,Punjab,Historical,6.609,Oct-Mar
1015,Rock Garden Ludhiana,Punjab,Nature,8.6145,Jul-Sep
1016,Maharaja Ranjit Singh War Museum,Punjab,Education,9.2758,Oct-Mar
1017,Nehru Rose Garden,Punjab,Nature,7.0339,Jul-Sep
1018,Tiger Safari Ludhiana,Punjab,Wildlife,8.2001,Nov-Feb
1019,Hardy’s World,Punjab,Leisure,9.2464,Oct-Mar
1020,Pushpa Gujral Science City,Punjab,Education,6.5925,Oct-Mar
1021,Jagatjit Palace,Punjab,Historical,8.5899,Oct-Mar
1022,Moorish Mosque,Punjab,Religious,7.3855,Oct-Mar
1023,Shalimar Gardens Kapurthala,Punjab,Nature,9.2732,Jul-Sep
1024,Wonderland Theme Park,Punjab,Leisure,9.4137,Oct-Mar
1025,Devi Talab Mandir,Punjab,Religious,9.3331,Oct-Mar
1026,Jang-e-Azadi Memorial,Punjab,Culture,7.918,Oct-Mar
1027,Rangla Punjab,Punjab,Culture,9.0855,Oct-Mar
1028,Science City Kapurthala,Punjab,Education,9.0329,Oct-Mar
1029,Qila Mubarak Patiala,Punjab,Historical,7.451,Oct-Mar
1030,Sheesh Mahal Patiala,Punjab,Historical,8.9858,Oct-Mar
1031,Moti Bagh Palace,Punjab,Historical,6.6017,Oct-Mar
1032,Baradari Gardens,Punjab,Nature,8.2854,Jul-Sep
1033,Gurudwara Dukh Niwan Sahib,Punjab,Religious,7.1828,Oct-Mar
1034,Bahadurgarh Fort,Punjab,Historical,6.8533,Oct-Mar
1035,Shahpur Kandi Fort,Punjab,Historical,6.722,Oct-Mar
1036,Mukteshwar Mahadev,Punjab,Religious,8.5865,Oct-Mar
1037,Ranjit Sagar Dam,Punjab,Leisure,7.5135,Oct-Mar
1038,Kathgarh Temple,Punjab,Religious,8.6722,Oct-Mar
1039,Mussorie Lake,Uttarakhand,Leisure,6.6871,Oct-Mar
1040,Kempty Falls,Uttarakhand,Nature,7.4395,Jul-Sep
1041,George Everest's House,Uttarakhand,Historical,8.1145,Oct-Mar
1042,Lal Tibba,Uttarakhand,Nature,8.8708,Jul-Sep
1043,Gun Hill,Uttarakhand,Leisure,7.4499,Oct-Mar
1044,Cloud’s End,Uttarakhand,Nature,8.3746,Jul-Sep
1045,Company Garden,Uttarakhand,Leisure,9.1576,Oct-Mar
1046,Camel's Back Road,Uttarakhand,Nature,8.3444,Jul-Sep
1047,Jhari Pani Falls,Uttarakhand,Nature,7.1916,Jul-Sep
1048,Mossy Falls,Uttarakhand,Nature,6.5638,Jul-Sep
1049,Benog Wildlife Sanctuary,Uttarakhand,Wildlife,9.1098,Nov-Feb
1050,Mindrolling Stupa,Uttarakhand,Religious,6.5543,Oct-Mar
1051,Shikhar Fall,Uttarakhand,Nature,9.1236,Jul-Sep
1052,Lachhiwala,Uttarakhand,Leisure,8.0827,Oct-Mar
1053,Maldevta,Uttarakhand,Nature,9.3174,Jul-Sep
1054,Santala Devi Temple,Uttarakhand,Religious,8.8951,Oct-Mar
1055,Khalanga War Memorial,Uttarakhand,Historical,9.4946,Oct-Mar
1056,Guru Ram Rai Darbar,Uttarakhand,Religious,7.5461,Oct-Mar
1057,Tibetan Buddhist Temple,Uttarakhand,Religious,8.8,Oct-Mar
1058,Chew Valley,Uttarakhand,Nature,7.7003,Jul-Sep
1059,Kimadi Road Viewpoint,Uttarakhand,Nature,7.935,Jul-Sep
1060,George Everest Peak,Uttarakhand,Adventure,8.3794,Apr-Jun
1061,Asan Barrage,Uttarakhand,Wildlife,9.1206,Nov-Feb
1062,Rishikesh Rafting Point,Uttarakhand,Adventure,9.4529,Apr-Jun
1063,Triveni Ghat Aarti,Uttarakhand,Religious,8.8032,Oct-Mar
1064,Neer Garh Waterfall,Uttarakhand,Nature,7.748,Jul-Sep
1065,Beatles Ashram,Uttarakhand,Culture,7.7588,Oct-Mar
1066,Parmarth Niketan,Uttarakhand,Religious,8.7108,Oct-Mar
1067,Ram Jhula,Uttarakhand,Historical,7.2092,Oct-Mar
1068,Jumpin Heights,Uttarakhand,Adventure,6.8229,Apr-Jun
1069,Shivpuri Camping,Uttarakhand,Adventure,7.5579,Apr-Jun
1070,Vashishta Gufa,Uttarakhand,Religious,7.3551,Oct-Mar
1071,Kunjapuri Temple,Uttarakhand,Religious,7.3824,Oct-Mar
1072,Kaudiyala,Uttarakhand,Adventure,7.1936,Apr-Jun
1073,Chilla Range Wildlife,Uttarakhand,Wildlife,6.617,Nov-Feb
1074,Crystal World,Uttarakhand,Leisure,6.5441,Oct-Mar
1075,Bharat Mata Mandir,Uttarakhand,Religious,9.4639,Oct-Mar
1076,Shanti Kunj,Uttarakhand,Religious,7.7781,Oct-Mar
1077,Pawan Dham,Uttarakhand,Religious,7.6473,Oct-Mar
1078,Bhimgoda Kund,Uttarakhand,Religious,8.5364,Oct-Mar
1079,Sapt Rishi Ashram,Uttarakhand,Religious,7.1474,Oct-Mar
1080,Sati Kund,Uttarakhand,Religious,9.3502,Oct-Mar
1081,Nanda Devi Peak,Uttarakhand,Nature,8.8576,Jul-Sep
1082,Nanda Devi Temple,Uttarakhand,Religious,6.7595,Oct-Mar
1083,Lakhudiyar Caves,Uttarakhand,Historical,7.7475,Oct-Mar
1084,Bright End Corner,Uttarakhand,Nature,9.1369,Jul-Sep
1085,Martola,Uttarakhand,Nature,9.3345,Jul-Sep
1086,Kalimat,Uttarakhand,Nature,7.8974,Jul-Sep
1087,Simtola,Uttarakhand,Nature,8.337,Jul-Sep
1088,Govind Vallabh Pant Museum,Uttarakhand,Education,6.9932,Oct-Mar
1089,Chitai Golu Devta Temple,Uttarakhand,Religious,9.4743,Oct-Mar
1090,Patal Bhuvaneshwar Cave,Uttarakhand,Religious,7.1878,Oct-Mar
1091,Berinag Tea Gardens,Uttarakhand,Nature,9.3284,Jul-Sep
1092,Dharchula,Uttarakhand,Adventure,8.4461,Apr-Jun
1093,Askot Musk Deer Sanctuary,Uttarakhand,Wildlife,8.3199,Nov-Feb
1094,Jauljibi,Uttarakhand,Culture,8.0338,Oct-Mar
1095,Milam Glacier,Uttarakhand,Adventure,7.1848,Apr-Jun
1096,Ralam Glacier,Uttarakhand,Adventure,7.0218,Apr-Jun
1097,Madkot Hot Springs,Uttarakhand,Nature,7.1541,Jul-Sep
1098,Betulidhar,Uttarakhand,Nature,7.0516,Jul-Sep
1099,Maheshwari Kund,Uttarakhand,Nature,8.8373,Jul-Sep
1100,Thamri Kund,Uttarakhand,Nature,7.5444,Jul-Sep
1101,Bhangarh Haunted Fort,Rajasthan,Historical,6.6644,Oct-Mar
1102,Sariska Palace,Rajasthan,Historical,9.4078,Oct-Mar
1103,Pandupol Hanuman Temple,Rajasthan,Religious,9.151,Oct-Mar
1104,Siliserh Lake Palace,Rajasthan,Leisure,9.2833,Oct-Mar
1105,Moosi Maharani Ki Chhatri,Rajasthan,Historical,9.4855,Oct-Mar
1106,Bala Quila Fort,Rajasthan,Historical,7.0138,Oct-Mar
1107,Neelkanth Mahadev Temple,Rajasthan,Religious,7.6832,Oct-Mar
1108,Garwaji Waterfall,Rajasthan,Nature,8.773,Jul-Sep
1109,Vinay Vilas Mahal,Rajasthan,Historical,8.5857,Oct-Mar
1110,Fateh Jung Gumbad,Rajasthan,Historical,6.9536,Oct-Mar
1111,Bikaner Camel Research Centre,Rajasthan,Science,8.9464,Oct-Mar
1112,Lallgarh Palace,Rajasthan,Historical,7.166,Oct-Mar
1113,Gajner Lake & Palace,Rajasthan,Nature,7.1641,Jul-Sep
1114,Rampuria Havelis,Rajasthan,Historical,8.1069,Oct-Mar
1115,Bhandasar Jain Temple,Rajasthan,Religious,8.2754,Oct-Mar
1116,Seth Bhandasar Jain Temple,Rajasthan,Religious,8.2367,Oct-Mar
1117,Devi Kund Sagar,Rajasthan,Historical,6.7657,Oct-Mar
1118,Kodamdeswar Temple,Rajasthan,Religious,9.1319,Oct-Mar
1119,Sadul Singh Museum,Rajasthan,Culture,7.2899,Oct-Mar
1120,Bikaner Old City Food Street,Rajasthan,Cuisine,6.8802,Oct-Mar
1121,Johari Bazaar,Rajasthan,Shopping,9.1659,Oct-Mar
1122,Bapu Bazaar,Rajasthan,Shopping,9.3673,Oct-Mar
1123,Panna Meena Ka Kund,Rajasthan,Historical,9.0858,Oct-Mar
1124,Sisodia Rani Garden,Rajasthan,Nature,8.9274,Jul-Sep
1125,Vidyadhar Garden,Rajasthan,Nature,8.4629,Jul-Sep
1126,Central Park Jaipur,Rajasthan,Leisure,8.1487,Oct-Mar
1127,Amrapali Museum,Rajasthan,Culture,6.7522,Oct-Mar
1128,Anokhi Museum of Hand Printing,Rajasthan,Culture,7.72,Oct-Mar
1129,World Trade Park Mall,Rajasthan,Shopping,7.6123,Oct-Mar
1130,Masala Chowk,Rajasthan,Cuisine,7.2723,Oct-Mar
1131,Amer Elephant Village,Rajasthan,Wildlife,8.6682,Nov-Feb
1132,Patrika Gate,Rajasthan,Culture,7.9832,Oct-Mar
1133,Sambharsalt Lake,Rajasthan,Nature,6.7343,Jul-Sep
1134,Shakambhari Devi Temple,Rajasthan,Religious,7.1532,Oct-Mar
1135,Khatushyamji Temple,Rajasthan,Religious,8.5473,Oct-Mar
1136,Salasar Balaji Temple,Rajasthan,Religious,6.7195,Oct-Mar
1137,Tal Chhapar Sanctuary,Rajasthan,Wildlife,9.0529,Nov-Feb
1138,Jhunjhunu Rani Sati Dadi,Rajasthan,Religious,7.981,Oct-Mar
1139,Mandawa Havelis,Rajasthan,Historical,7.9371,Oct-Mar
1140,Nawalgarh Fort,Rajasthan,Historical,8.2738,Oct-Mar
1141,Dundlod Fort,Rajasthan,Historical,8.973,Oct-Mar
1142,Alsisar Mahal,Rajasthan,Historical,7.5374,Oct-Mar
1143,Osian Desert Temples,Rajasthan,Historical,8.5315,Oct-Mar
1144,Bishnoi Village Safari,Rajasthan,Culture,8.1935,Oct-Mar
1145,Toorji Ka Jhalra Stepwell,Rajasthan,Historical,7.2942,Oct-Mar
1146,Machia Biological Park,Rajasthan,Wildlife,9.1355,Nov-Feb
1147,Rao Jodha Desert Rock Park,Rajasthan,Nature,8.891,Jul-Sep
1148,Balsamand Lake,Rajasthan,Nature,8.4726,Jul-Sep
1149,Ghanta Ghar Market,Rajasthan,Shopping,9.051,Oct-Mar
1150,Sardar Samand Lake,Rajasthan,Nature,9.1013,Jul-Sep
1151,Ranakpur Jain Temple,Rajasthan,Religious,8.6229,Oct-Mar
1152,Jawai Dam Leopard Safari,Rajasthan,Wildlife,9.0102,Nov-Feb
1153,Kumbhalgarh Wildlife Sanctuary,Rajasthan,Wildlife,8.5901,Nov-Feb
1154,Haldighati Museum,Rajasthan,Historical,8.5379,Oct-Mar
1155,Shreenathji Temple,Rajasthan,Religious,8.3527,Oct-Mar
1156,Statue of Belief (Viswas Swaroopam),Rajasthan,Religious,8.7564,Oct-Mar
1157,Rajsamand Lake,Rajasthan,Nature,6.9678,Jul-Sep
1158,Sajjangarh Monsoon Palace,Rajasthan,Historical,9.1422,Oct-Mar
1159,Biological Park Sajjangarh,Rajasthan,Wildlife,9.115,Nov-Feb
1160,Jag Mandir Island,Rajasthan,Historical,6.5784,Oct-Mar
1161,Gulab Bagh and Zoo,Rajasthan,Nature,8.9765,Jul-Sep
1162,Bagore Ki Haveli,Rajasthan,Culture,6.8783,Oct-Mar
1163,Bharatiya Lok Kala Mandal,Rajasthan,Culture,7.4992,Oct-Mar
1164,Vintage Car Museum Udaipur,Rajasthan,Culture,8.7287,Oct-Mar
1165,Shilpgram Crafts Village,Rajasthan,Culture,6.9743,Oct-Mar
1166,Jaisamand Lake,Rajasthan,Nature,8.9528,Jul-Sep
1167,Badi Lake Viewpoint,Rajasthan,Nature,8.9955,Jul-Sep
1168,Moti Magri,Rajasthan,Historical,8.0181,Oct-Mar
1169,Dhebar Lake,Rajasthan,Nature,6.5095,Jul-Sep
1170,Sas Bahu Temple Nagda,Rajasthan,Historical,7.3545,Oct-Mar
1171,Sita Mata Wildlife Sanctuary,Rajasthan,Wildlife,8.3476,Nov-Feb
1172,Garh Palace Kota,Rajasthan,Historical,9.4442,Oct-Mar
1173,Seven Wonders Park,Rajasthan,Leisure,8.3924,Oct-Mar
1174,Kishore Sagar Lake,Rajasthan,Nature,7.2725,Jul-Sep
1175,Jagmandir Palace Kota,Rajasthan,Historical,8.399,Oct-Mar
1176,Chambal River Safari,Rajasthan,Adventure,8.116,Apr-Jun
1177,Abheda Mahal,Rajasthan,Historical,8.8381,Oct-Mar
1178,Gaipernath Waterfall,Rajasthan,Nature,6.8124,Jul-Sep
1179,Darrah National Park,Rajasthan,Wildlife,8.7814,Nov-Feb
1180,Gagron Fort (Jal Durg),Rajasthan,Historical,8.1198,Oct-Mar
1181,Jhalrapatan Sun Temple,Rajasthan,Religious,9.3894,Oct-Mar
1182,Chandrabhaga Temples,Rajasthan,Religious,7.5195,Oct-Mar
1183,Bundi Palace,Rajasthan,Historical,8.3948,Oct-Mar
1184,Chaurasi Khambon Ki Chhatri,Rajasthan,Historical,9.2962,Oct-Mar
1185,Sukh Mahal,Rajasthan,Historical,6.7989,Oct-Mar
1186,Nawal Sagar Lake,Rajasthan,Nature,9.3119,Jul-Sep
1187,Menal Waterfalls,Rajasthan,Nature,8.5612,Jul-Sep
1188,Bijolia Temples,Rajasthan,Religious,6.6945,Oct-Mar
1189,Harni Mahadev Temple,Rajasthan,Religious,7.3964,Oct-Mar
1190,Shahpura Bagh,Rajasthan,Leisure,8.6223,Oct-Mar
1191,Todgarh Raoli Sanctuary,Rajasthan,Wildlife,6.6931,Nov-Feb
1192,Ana Sagar Lake,Rajasthan,Nature,8.243,Jul-Sep
1193,Dargah Sharif Ajmer,Rajasthan,Religious,7.5316,Oct-Mar
1194,Adhai Din Ka Jhonpra,Rajasthan,Historical,8.3596,Oct-Mar
1195,Taragarh Fort Ajmer,Rajasthan,Historical,6.628,Oct-Mar
1196,Nareli Jain Temple,Rajasthan,Religious,9.1141,Oct-Mar
1197,Mayo College Museum,Rajasthan,Education,9.421,Oct-Mar
1198,Soniji Ki Nasiyan (Red Temple),Rajasthan,Religious,9.4072,Oct-Mar
1199,Akbar's Palace & Museum,Rajasthan,Historical,8.7472,Oct-Mar
1200,Foy Sagar Lake,Rajasthan,Nature,6.8819,Jul-Sep
1201,Worli Sea Link,Maharashtra,Engineering,8.7731,Oct-Mar
1202,Bandra Fort (Castella de Aguada),Maharashtra,Historical,6.5643,Oct-Mar
1203,Mount Mary Basilica,Maharashtra,Religious,6.5569,Oct-Mar
1204,Bandra-Worli Promenade,Maharashtra,Leisure,7.4646,Oct-Mar
1205,Carter Road,Maharashtra,Leisure,7.9614,Oct-Mar
1206,Linkin Road Shopping,Maharashtra,Shopping,8.8097,Oct-Mar
1207,Crawford Market,Maharashtra,Shopping,8.5474,Oct-Mar
1208,Colaba Causeway,Maharashtra,Shopping,7.8327,Oct-Mar
1209,Chor Bazaar,Maharashtra,Shopping,7.3141,Oct-Mar
1210,Fashion Street Mumbai,Maharashtra,Shopping,9.4922,Oct-Mar
1211,Siddhivinayak Temple,Maharashtra,Religious,7.7733,Oct-Mar
1212,Mahalaxmi Temple,Maharashtra,Religious,7.8492,Oct-Mar
1213,Mumbadevi Temple,Maharashtra,Religious,6.9829,Oct-Mar
1214,ISKCON Juhu,Maharashtra,Religious,8.8831,Oct-Mar
1215,Babulnath Temple,Maharashtra,Religious,8.5787,Oct-Mar
1216,Keneseth Eliyahoo Synagogue,Maharashtra,Religious,7.1549,Oct-Mar
1217,Taraporevala Aquarium,Maharashtra,Science,6.7383,Oct-Mar
1218,Nehru Science Centre,Maharashtra,Science,8.539,Oct-Mar
1219,Nehru Planetarium Mumbai,Maharashtra,Science,8.4607,Oct-Mar
1220,Mani Bhavan Gandhi Sangrahalaya,Maharashtra,Historical,7.313,Oct-Mar
1221,National Museum of Indian Cinema,Maharashtra,Culture,9.3529,Oct-Mar
1222,Jehangir Art Gallery,Maharashtra,Culture,6.9451,Oct-Mar
1223,Prithvi Theatre,Maharashtra,Culture,7.7919,Oct-Mar
1224,Kamla Nehru Park,Maharashtra,Nature,9.3311,Jul-Sep
1225,Hanging Gardens Mumbai,Maharashtra,Nature,7.7539,Jul-Sep
1226,Malabar Hill Sunset Point,Maharashtra,Nature,8.4126,Jul-Sep
1227,Banganga Tank,Maharashtra,Historical,7.6873,Oct-Mar
1228,Vihar Lake,Maharashtra,Nature,7.3158,Jul-Sep
1229,Tulsi Lake,Maharashtra,Nature,9.4526,Jul-Sep
1230,Powai Lake Garden,Maharashtra,Nature,7.7226,Jul-Sep
1231,Gorai Beach,Maharashtra,Beach,9.182,Mar-Jun
1232,Madh Island Fort,Maharashtra,Historical,7.1826,Oct-Mar
1233,Aksa Beach,Maharashtra,Beach,7.1319,Mar-Jun
1234,Marve Beach,Maharashtra,Beach,6.584,Mar-Jun
1235,Manori Beach,Maharashtra,Beach,8.4522,Mar-Jun
1236,Essel World (Closed/Renovation),Maharashtra,Leisure,7.5998,Oct-Mar
1237,Water Kingdom,Maharashtra,Leisure,9.0925,Oct-Mar
1238,Pagoda Global Vipassana,Maharashtra,Religious,7.9149,Oct-Mar
1239,Matheran Toy Train,Maharashtra,Engineering,9.4051,Oct-Mar
1240,Panorama Point Matheran,Maharashtra,Nature,7.0488,Jul-Sep
1241,Echo Point Matheran,Maharashtra,Nature,9.1053,Jul-Sep
1242,Charlotte Lake,Maharashtra,Nature,8.8283,Jul-Sep
1243,Louisa Point,Maharashtra,Nature,8.8112,Jul-Sep
1244,Prabal Fort (Prabalgad),Maharashtra,Adventure,9.0336,Apr-Jun
1245,Kala Avantin Durg,Maharashtra,Adventure,8.7814,Apr-Jun
1246,Karnala Bird Sanctuary,Maharashtra,Wildlife,8.3756,Nov-Feb
1247,Karnala Fort,Maharashtra,Historical,6.8854,Oct-Mar
1248,Gadeshwar Dam,Maharashtra,Nature,6.5882,Jul-Sep
1249,Tikona Fort,Maharashtra,Adventure,9.2626,Apr-Jun
1250,Visapur Fort,Maharashtra,Adventure,8.3468,Apr-Jun
1251,Tung Fort,Maharashtra,Adventure,8.8883,Apr-Jun
1252,Korigad Fort,Maharashtra,Historical,7.94,Oct-Mar
1253,Rajmachi Garden,Maharashtra,Nature,6.8435,Jul-Sep
1254,Rajmachi Fort,Maharashtra,Adventure,6.8672,Apr-Jun
1255,Kune Falls,Maharashtra,Nature,8.5542,Jul-Sep
1256,Pawna Lake Camping,Maharashtra,Adventure,7.7858,Apr-Jun
1257,Dudhiware Waterfall,Maharashtra,Nature,7.094,Jul-Sep
1258,Bedse Caves,Maharashtra,Historical,7.9703,Oct-Mar
1259,Hadshi Temple,Maharashtra,Religious,6.6836,Oct-Mar
1260,Mulshi Lake,Maharashtra,Nature,8.2424,Jul-Sep
1261,Tamhini Ghat,Maharashtra,Nature,7.3001,Jul-Sep
1262,Plus Valley,Maharashtra,Adventure,8.8914,Apr-Jun
1263,Devkund Waterfall,Maharashtra,Nature,7.4247,Jul-Sep
1264,Bhira Dam,Maharashtra,Engineering,7.8608,Oct-Mar
1265,Kundalika River Rafting,Maharashtra,Adventure,6.5253,Apr-Jun
1266,Sutarwadi Lake,Maharashtra,Nature,6.7084,Jul-Sep
1267,Tala Fort,Maharashtra,Historical,7.6719,Oct-Mar
1268,Kuda Caves,Maharashtra,Historical,7.9352,Oct-Mar
1269,Ballaleshwar Pali Ganpati,Maharashtra,Religious,8.2967,Oct-Mar
1270,Varadvinayak Mahad Ganpati,Maharashtra,Religious,7.3684,Oct-Mar
1271,Gandharpale Caves,Maharashtra,Historical,8.5826,Oct-Mar
1272,Velas Turtle Beach,Maharashtra,Wildlife,9.0797,Nov-Feb
1273,Harihareshwar Beach,Maharashtra,Beach,8.8381,Mar-Jun
1274,Shrivardhan Beach,Maharashtra,Beach,6.6096,Mar-Jun
1275,Diveagar Beach,Maharashtra,Beach,7.9369,Mar-Jun
1276,Bankot Fort,Maharashtra,Historical,6.8062,Oct-Mar
1277,Kelshi Beach,Maharashtra,Beach,7.219,Mar-Jun
1278,Anjarle Turtle Beach,Maharashtra,Wildlife,9.4607,Nov-Feb
1279,Kadyavarcha Ganpati,Maharashtra,Religious,6.9193,Oct-Mar
1280,Harnai Fish Market,Maharashtra,Cuisine,7.9922,Oct-Mar
1281,Suvarnadurg Fort,Maharashtra,Historical,8.3513,Oct-Mar
1282,Murud Beach,Maharashtra,Beach,8.6051,Mar-Jun
1283,Ladghar Beach,Maharashtra,Beach,8.1752,Mar-Jun
1284,Karde Beach,Maharashtra,Beach,6.5197,Mar-Jun
1285,Kolthare Beach,Maharashtra,Beach,7.4731,Mar-Jun
1286,Dabhol Jetty,Maharashtra,Nature,8.0489,Jul-Sep
1287,Chandika Devi Temple,Maharashtra,Religious,6.7548,Oct-Mar
1288,Guhagar Beach,Maharashtra,Beach,7.5459,Mar-Jun
1289,Vyadeshwar Temple,Maharashtra,Religious,6.5903,Oct-Mar
1290,Hedvi Ganesh Temple,Maharashtra,Religious,6.7269,Oct-Mar
1291,Velneshwar Temple & Beach,Maharashtra,Religious,7.6853,Oct-Mar
1292,Jaigad Fort,Maharashtra,Historical,6.8899,Oct-Mar
1293,Jaigad Lighthouse,Maharashtra,Historical,8.1989,Oct-Mar
1294,Ganpatipule Temple,Maharashtra,Religious,8.566,Oct-Mar
1295,Ganpatipule Beach,Maharashtra,Beach,8.9005,Mar-Jun
1296,Prachin Konkan Museum,Maharashtra,Culture,7.0929,Oct-Mar
1297,Arey Ware Beach,Maharashtra,Beach,6.9945,Mar-Jun
1298,Ratnadurg Fort,Maharashtra,Historical,6.8051,Oct-Mar
1299,Thiba Palace,Maharashtra,Historical,8.4063,Oct-Mar
1300,Tilak Ali Museum,Maharashtra,Historical,8.6172,Oct-Mar
1301,Kanakaditya Temple,Maharashtra,Religious,6.5854,Oct-Mar
1302,Pawas Ashram,Maharashtra,Religious,9.3088,Oct-Mar
1303,Purnagad Fort,Maharashtra,Historical,6.6468,Oct-Mar
1304,Ambolgad Fort,Maharashtra,Historical,8.1199,Oct-Mar
1305,Kunkeshwar Temple,Maharashtra,Religious,8.625,Oct-Mar
1306,Devgad Beach,Maharashtra,Beach,9.1124,Mar-Jun
1307,Vijaypurg Fort (Vijaydurga),Maharashtra,Historical,8.6401,Oct-Mar
1308,Rameshwar Temple Girye,Maharashtra,Religious,8.9039,Oct-Mar
1309,Tarkarli Backwaters,Maharashtra,Nature,7.5122,Jul-Sep
1310,Sindhudurg Fort,Maharashtra,Historical,8.9434,Oct-Mar
1311,Malvan Scuba Diving Point,Maharashtra,Adventure,6.7315,Apr-Jun
1312,Rock Garden Malvan,Maharashtra,Nature,9.1842,Jul-Sep
1313,Devbagh Beach,Maharashtra,Beach,8.1389,Mar-Jun
1314,Tsunami Island,Maharashtra,Adventure,8.9508,Apr-Jun
1315,Angre Port,Maharashtra,Engineering,7.852,Oct-Mar
1316,Vengurla Lighthouse,Maharashtra,Historical,8.4278,Oct-Mar
1317,Mochemad Beach,Maharashtra,Beach,8.0751,Mar-Jun
1318,Shiroda Beach,Maharashtra,Beach,8.6928,Mar-Jun
1319,Redi Ganesha Temple,Maharashtra,Religious,6.7361,Oct-Mar
1320,Yashwantgad Fort,Maharashtra,Historical,6.672,Oct-Mar
1321,Terekhol Fort,Maharashtra,Historical,7.2342,Oct-Mar
1322,Amboli Falls,Maharashtra,Nature,6.9706,Jul-Sep
1323,Madhavgad Fort,Maharashtra,Historical,9.1148,Oct-Mar
1324,Hiranyakeshi Temple,Maharashtra,Religious,7.1503,Oct-Mar
1325,Kawalshet Point,Maharashtra,Nature,9.4282,Jul-Sep
1326,Radhanagari Dam,Maharashtra,Engineering,7.5045,Oct-Mar
1327,Mahalakshmi Temple Kolhapur,Maharashtra,Religious,7.0386,Oct-Mar
1328,Panhala Fort,Maharashtra,Historical,8.8677,Oct-Mar
1329,Jyotiba Temple,Maharashtra,Religious,8.4734,Oct-Mar
1330,Rankala Lake,Maharashtra,Nature,7.9901,Jul-Sep
1331,New Palace Kolhapur,Maharashtra,Historical,8.1623,Oct-Mar
1332,Kaneri Math Museum,Maharashtra,Culture,8.6555,Oct-Mar
1333,Sajjangad Fort,Maharashtra,Religious,7.1781,Oct-Mar
1334,Kaas Plateau (Valley of Flowers),Maharashtra,Nature,9.4898,Jul-Sep
1335,Kaas Lake,Maharashtra,Nature,9.425,Jul-Sep
1336,Thoseghar Waterfalls,Maharashtra,Nature,8.4481,Jul-Sep
1337,Vajrai Waterfall,Maharashtra,Nature,7.091,Jul-Sep
1338,Ajinkyatara Fort,Maharashtra,Historical,8.5382,Oct-Mar
1339,Koyna Dam,Maharashtra,Engineering,6.7077,Oct-Mar
1340,Nehru Garden Koyna,Maharashtra,Nature,6.5826,Jul-Sep
1341,Ozarde Waterfall,Maharashtra,Nature,7.2661,Jul-Sep
1342,Chandoli National Park,Maharashtra,Wildlife,7.8831,Nov-Feb
1343,Sagareshwar Wildlife Sanctuary,Maharashtra,Wildlife,9.1043,Nov-Feb
1344,Ganpati Temple Sangli,Maharashtra,Religious,8.6795,Oct-Mar
1345,Narsinhwadi Datta Mandir,Maharashtra,Religious,8.7263,Oct-Mar
1346,Audumbar Temple,Maharashtra,Religious,7.7713,Oct-Mar
1347,Bibi Ka Maqbara,Maharashtra,Historical,7.5318,Oct-Mar
1348,Panchakki,Maharashtra,Historical,7.6073,Oct-Mar
1349,Aurangabad Caves,Maharashtra,Historical,9.4637,Oct-Mar
1350,Siddharth Garden and Zoo,Maharashtra,Wildlife,6.6111,Nov-Feb
1351,Jayakwadi Dam,Maharashtra,Engineering,9.1005,Oct-Mar
1352,Dnyaneshwar Garden,Maharashtra,Nature,8.2324,Jul-Sep
1353,Sant Eknath Temple,Maharashtra,Religious,7.8108,Oct-Mar
1354,Bani Begum Garden,Maharashtra,Nature,8.6737,Jul-Sep
1355,Tomb of Aurangzeb,Maharashtra,Historical,7.9554,Oct-Mar
1356,Ghrishneshwar Jyotirlinga,Maharashtra,Religious,9.1198,Oct-Mar
1357,Lonar Crater Lake,Maharashtra,Nature,9.2019,Jul-Sep
1358,Daityasudan Temple,Maharashtra,Historical,7.7599,Oct-Mar
1359,Gajanan Maharaj Temple,Maharashtra,Religious,7.3237,Oct-Mar
1360,Anand Sagar Garden,Maharashtra,Leisure,8.2736,Oct-Mar
1361,Sevagram Ashram,Maharashtra,Historical,9.237,Oct-Mar
1362,Vishwa Shanti Stupa Wardha,Maharashtra,Religious,7.1245,Oct-Mar
1363,Paunar Ashram,Maharashtra,Religious,8.3658,Oct-Mar
1364,Mahatma Gandhi Institute Museum,Maharashtra,Education,8.3916,Oct-Mar
1365,Dikshabhoomi,Maharashtra,Religious,8.6974,Oct-Mar
1366,Zero Mile Marker,Maharashtra,Historical,6.8864,Oct-Mar
1367,Futala Lake,Maharashtra,Nature,8.6453,Jul-Sep
1368,Ramtek Temple,Maharashtra,Religious,9.227,Oct-Mar
1369,Khindsi Lake,Maharashtra,Leisure,7.0313,Oct-Mar
1370,Dragon Palace Temple,Maharashtra,Religious,7.2054,Oct-Mar
1371,Totladoh Dam,Maharashtra,Engineering,9.4147,Oct-Mar
1372,Melghat Tiger Reserve,Maharashtra,Wildlife,7.0351,Nov-Feb
1373,Chikhaldara Hill Station,Maharashtra,Hill Station,9.0625,Mar-Jun
1374,Gawilghur Fort,Maharashtra,Historical,7.9723,Oct-Mar
1375,Bhim-Kund,Maharashtra,Nature,7.2346,Jul-Sep
1376,Gautala Autramghat Sanctuary,Maharashtra,Wildlife,9.1117,Nov-Feb
1377,Muktagiri Jain Temples,Maharashtra,Religious,7.8309,Oct-Mar
1378,Hazur Sahib Nanded,Maharashtra,Religious,8.0402,Oct-Mar
1379,Nanded Fort,Maharashtra,Historical,7.5718,Oct-Mar
1380,Kandhar Fort,Maharashtra,Historical,8.2754,Oct-Mar
1381,Aundha Nagnath Jyotirlinga,Maharashtra,Religious,6.9826,Oct-Mar
1382,Parli Vaijnath Jyotirlinga,Maharashtra,Religious,7.6677,Oct-Mar
1383,Kankaleshwar Temple,Maharashtra,Religious,9.4088,Oct-Mar
1384,Dharur Fort,Maharashtra,Historical,7.2674,Oct-Mar
1385,Siddheshwar Temple Solapur,Maharashtra,Religious,8.4674,Oct-Mar
1386,Bhuikot Fort Solapur,Maharashtra,Historical,7.4693,Oct-Mar
1387,Great Indian Bustard Sanctuary,Maharashtra,Wildlife,8.8189,Nov-Feb
1388,Pandharpur Vitthal Temple,Maharashtra,Religious,6.8843,Oct-Mar
1389,Tuljapur Bhavani Temple,Maharashtra,Religious,9.41,Oct-Mar
1390,Dharashiv Caves,Maharashtra,Historical,7.8565,Oct-Mar
1391,Paranda Fort,Maharashtra,Historical,7.201,Oct-Mar
1392,Naldurg Fort,Maharashtra,Historical,6.7116,Oct-Mar
1393,Kalsubai Peak,Maharashtra,Adventure,7.0014,Apr-Jun
1394,Arthur Lake,Maharashtra,Nature,8.0551,Jul-Sep
1395,Wilson Dam Bhandardara,Maharashtra,Engineering,7.5049,Oct-Mar
1396,Randha Falls,Maharashtra,Nature,8.9857,Jul-Sep
1397,Sandhan Valley,Maharashtra,Adventure,7.7875,Apr-Jun
1398,Ratangad Fort,Maharashtra,Historical,7.2391,Oct-Mar
1399,Harishchandragad Fort,Maharashtra,Adventure,8.3483,Apr-Jun
1400,Ahmednagar Fort,Maharashtra,Historical,8.6181,Oct-Mar
1401,Chand Minar Daulatabad,Maharashtra,Historical,6.9932,Oct-Mar
1402,Pashan Lake,Maharashtra,Nature,6.9949,Jul-Sep
1403,Khadevasla Dam,Maharashtra,Nature,6.6007,Jul-Sep
1404,Panshet Dam,Maharashtra,Leisure,8.7073,Oct-Mar
1405,Varasgaon Dam,Maharashtra,Engineering,8.4887,Oct-Mar
1406,Lavad Lake City,Maharashtra,Leisure,7.9192,Oct-Mar
1407,Temghar Dam,Maharashtra,Engineering,9.0317,Oct-Mar
1408,Parvati Hill,Maharashtra,Religious,8.9158,Oct-Mar
1409,Saras Baug,Maharashtra,Nature,8.2525,Jul-Sep
1410,Okayama Friendship Garden,Maharashtra,Nature,9.1043,Jul-Sep
1411,Chaturshringi Temple,Maharashtra,Religious,7.11,Oct-Mar
1412,Pataleshwar Cave Temple,Maharashtra,Historical,6.8272,Oct-Mar
1413,Pune Tribal Museum,Maharashtra,Culture,7.3024,Oct-Mar
1414,Aga Khan Palace,Maharashtra,Historical,6.6622,Oct-Mar
1415,Bund Garden,Maharashtra,Nature,8.0894,Jul-Sep
1416,Empress Garden,Maharashtra,Nature,9.31,Jul-Sep
1417,National Defence Academy (NDA),Maharashtra,Education,6.6088,Oct-Mar
1418,IUCAA Science Park,Maharashtra,Science,6.8579,Oct-Mar
1419,FC Road Shopping,Maharashtra,Shopping,7.8517,Oct-Mar
1420,Tulsi Baug Market,Maharashtra,Shopping,9.3018,Oct-Mar
1421,Mahabalipuram Shore Temple,Tamil Nadu,Historical,7.4421,Oct-Mar
1422,Five Rathas Complex,Tamil Nadu,Historical,8.0174,Oct-Mar
1423,Arjuna's Penance Bas Relief,Tamil Nadu,Historical,6.6155,Oct-Mar
1424,Krishna's Butter Ball,Tamil Nadu,Nature,6.9369,Jul-Sep
1425,Mahabalipuram Beach,Tamil Nadu,Beach,9.4606,Mar-Jun
1426,India Seashell Museum,Tamil Nadu,Education,9.3958,Oct-Mar
1427,Crocodile Bank Trust,Tamil Nadu,Wildlife,6.5052,Nov-Feb
1428,Tiger Cave Mahabalipuram,Tamil Nadu,Historical,9.3558,Oct-Mar
1429,Sadras Fort,Tamil Nadu,Historical,8.4144,Oct-Mar
1430,Alamparai Fort Ruins,Tamil Nadu,Historical,9.1032,Oct-Mar
1431,Vedanthangal Bird Sanctuary,Tamil Nadu,Wildlife,7.8593,Nov-Feb
1432,Karikili Bird Sanctuary,Tamil Nadu,Wildlife,8.0425,Nov-Feb
1433,Madurantakam Tank,Tamil Nadu,Nature,7.962,Jul-Sep
1434,Palavereekadu (Pulicat Lake),Tamil Nadu,Nature,8.4979,Jul-Sep
1435,Pazhaverkadu Lighthouse,Tamil Nadu,Historical,6.9107,Oct-Mar
1436,Sri City SEZ View,Andhra Pradesh,Engineering,6.5805,Oct-Mar
1437,Tiruttani Murugan Temple,Tamil Nadu,Religious,7.4173,Oct-Mar
1438,Kanchipuram Kailasanathar Temple,Tamil Nadu,Religious,8.6118,Oct-Mar
1439,Ekambareswarar Temple,Tamil Nadu,Religious,7.098,Oct-Mar
1440,Varadharaja Perumal Temple,Tamil Nadu,Religious,8.5177,Oct-Mar
1441,Kamakshi Amman Temple,Tamil Nadu,Religious,9.4103,Oct-Mar
1442,Vaikuntha Perumal Temple,Tamil Nadu,Religious,6.773,Oct-Mar
1443,Ulagalantha Perumal Temple,Tamil Nadu,Religious,8.5152,Oct-Mar
1444,Silk Weaving Centers,Tamil Nadu,Culture,7.8262,Oct-Mar
1445,Vellore Golden Temple,Tamil Nadu,Religious,9.1039,Oct-Mar
1446,Vellore Fort and Museum,Tamil Nadu,Historical,7.0236,Oct-Mar
1447,Jalankandeswarar Temple,Tamil Nadu,Religious,8.5755,Oct-Mar
1448,Amirthi Zoological Park,Tamil Nadu,Wildlife,9.0135,Nov-Feb
1449,Yelagiri Punganoor Lake,Tamil Nadu,Leisure,9.3341,Oct-Mar
1450,Nature Park Yelagiri,Tamil Nadu,Nature,8.5473,Jul-Sep
1451,Swamimalai Hills,Tamil Nadu,Adventure,7.9871,Apr-Jun
1452,Jalagamparai Waterfalls,Tamil Nadu,Nature,8.3504,Jul-Sep
1453,Jawadhu Hills,Tamil Nadu,Hill Station,9.1062,Mar-Jun
1454,Beemanmadavu Waterfalls,Tamil Nadu,Nature,8.2082,Jul-Sep
1455,Vainu Bappu Observatory,Tamil Nadu,Science,6.5818,Oct-Mar
1456,Sathanur Dam,Tamil Nadu,Engineering,9.293,Oct-Mar
1457,Annamalaiyar Temple,Tamil Nadu,Religious,8.5662,Oct-Mar
1458,Virupaksha Cave,Tamil Nadu,Religious,8.527,Oct-Mar
1459,Skandashramam,Tamil Nadu,Religious,7.1396,Oct-Mar
1460,Ramana Ashram,Tamil Nadu,Religious,8.4739,Oct-Mar
1461,Gingee Fort (Senji Fort),Tamil Nadu,Historical,7.6761,Oct-Mar
1462,Rajagiri Fort,Tamil Nadu,Historical,8.4509,Oct-Mar
1463,Krishnagiri Fort,Tamil Nadu,Historical,6.8112,Oct-Mar
1464,Venkataramana Temple,Tamil Nadu,Religious,8.4708,Oct-Mar
1465,Pichavaram Mangroves,Tamil Nadu,Nature,9.4991,Jul-Sep
1466,Chidambaram Nataraja Temple,Tamil Nadu,Religious,6.6355,Oct-Mar
1467,Annamalai University Museum,Tamil Nadu,Education,9.4321,Oct-Mar
1468,Poompuhar Beach,Tamil Nadu,Beach,7.7153,Mar-Jun
1469,Sarangapani Temple,Tamil Nadu,Religious,9.1117,Oct-Mar
1470,Kumbeshwara Temple,Tamil Nadu,Religious,8.8457,Oct-Mar
1471,Airavatesvara Temple,Tamil Nadu,Historical,8.1973,Oct-Mar
1472,Swamimalai Murugan Temple,Tamil Nadu,Religious,8.7134,Oct-Mar
1473,Uppiliappan Temple,Tamil Nadu,Religious,9.1351,Oct-Mar
1474,Mahamaham Tank,Tamil Nadu,Religious,7.707,Oct-Mar
1475,Gangaikonda Cholapuram,Tamil Nadu,Historical,7.4749,Oct-Mar
1476,Brihadeeswarar Temple,Tamil Nadu,Religious,8.5001,Oct-Mar
1477,Thanjavur Maratha Palace,Tamil Nadu,Historical,8.9224,Oct-Mar
1478,Saraswathi Mahal Library,Tamil Nadu,Education,8.7852,Oct-Mar
1479,Schwartz Church,Tamil Nadu,Religious,8.8922,Oct-Mar
1480,Sivaganga Park,Tamil Nadu,Nature,7.8017,Jul-Sep
1481,Manora Fort,Tamil Nadu,Historical,8.9524,Oct-Mar
1482,Tranquebar (Tharangambadi) Beach,Tamil Nadu,Beach,6.8522,Mar-Jun
1483,Fort Dansborg,Tamil Nadu,Historical,8.1295,Oct-Mar
1484,Velankanni Basilica,Tamil Nadu,Religious,6.5076,Oct-Mar
1485,Nagore Dargah,Tamil Nadu,Religious,7.4675,Oct-Mar
1486,Point Calimere Sanctuary,Tamil Nadu,Wildlife,7.5936,Nov-Feb
1487,Muthupet Mangroves,Tamil Nadu,Nature,7.683,Jul-Sep
1488,Tiruvarur Thyagaraja Temple,Tamil Nadu,Religious,8.584,Oct-Mar
1489,Rockfort Temple (Ucchi Pillayar),Tamil Nadu,Religious,7.6601,Oct-Mar
1490,Srirangam Ranganathaswamy,Tamil Nadu,Religious,7.8411,Oct-Mar
1491,Jambukeswarar Temple,Tamil Nadu,Religious,7.2054,Oct-Mar
1492,Samayapuram Mariamman,Tamil Nadu,Religious,7.614,Oct-Mar
1493,Mukkombu Dam,Tamil Nadu,Nature,7.1745,Jul-Sep
1494,Grand Anicut (Kallanai Dam),Tamil Nadu,Engineering,6.7107,Oct-Mar
1495,St. Lourdes Church,Tamil Nadu,Religious,8.307,Oct-Mar
1496,Pachamalai Hills,Tamil Nadu,Hill Station,8.502,Mar-Jun
1497,Puliyancholai Falls,Tamil Nadu,Nature,8.3553,Jul-Sep
1498,Butterfly Park Srirangam,Tamil Nadu,Wildlife,7.8857,Nov-Feb
1499,Malaikkottai (Fort),Tamil Nadu,Historical,7.6337,Oct-Mar
1500,Government Museum Trichy,Tamil Nadu,Education,9.0894,Oct-Mar
1501,Ram Janmabhoomi Mandir,Uttar Pradesh,Religious,8.053,Oct-Mar
1502,Hanuman Garhi,Uttar Pradesh,Religious,7.9329,Oct-Mar
1503,Kanak Bhawan,Uttar Pradesh,Religious,6.5675,Oct-Mar
1504,Sarayu Ghat,Uttar Pradesh,Religious,7.5177,Oct-Mar
1505,Gulab Bari,Uttar Pradesh,Historical,7.6349,Oct-Mar
1506,Mani Parvat,Uttar Pradesh,Religious,7.691,Oct-Mar
1507,Chota Imambara,Uttar Pradesh,Historical,8.2369,Oct-Mar
1508,Rumi Darwaza,Uttar Pradesh,Historical,8.0967,Oct-Mar
1509,Lucknow Residency Ruins,Uttar Pradesh,Historical,8.3204,Oct-Mar
1510,Ambedkar Memorial Park,Uttar Pradesh,Culture,8.793,Oct-Mar
1511,Janeshwar Mishra Park,Uttar Pradesh,Nature,8.9378,Jul-Sep
1512,Hazratganj Shopping Street,Uttar Pradesh,Shopping,8.6522,Oct-Mar
1513,Lucknow Zoo,Uttar Pradesh,Wildlife,9.367,Nov-Feb
1514,Regional Science City,Uttar Pradesh,Science,6.5452,Oct-Mar
1515,Tunday Kababi Lane,Uttar Pradesh,Cuisine,7.0797,Oct-Mar
1516,Dilkusha Kothi,Uttar Pradesh,Historical,6.5131,Oct-Mar
1517,La Martiniere College,Uttar Pradesh,Education,8.4396,Oct-Mar
1518,Constantia House,Uttar Pradesh,Historical,9.1939,Oct-Mar
1519,Chattar Manzil,Uttar Pradesh,Historical,7.2233,Oct-Mar
1520,Kaiserbagh Palace Complex,Uttar Pradesh,Historical,9.2812,Oct-Mar
1521,Allen Forest Zoo,Uttar Pradesh,Wildlife,6.6717,Nov-Feb
1522,JK Temple,Uttar Pradesh,Religious,9.3035,Oct-Mar
1523,Moti Jheel,Uttar Pradesh,Leisure,7.5489,Oct-Mar
1524,Z Square Mall,Uttar Pradesh,Shopping,6.7956,Oct-Mar
1525,Kanpur Memorial Church,Uttar Pradesh,Historical,7.953,Oct-Mar
1526,Bithoor Ghats,Uttar Pradesh,Religious,7.2633,Oct-Mar
1527,Blue World Theme Park,Uttar Pradesh,Leisure,7.3479,Oct-Mar
1528,Nana Rao Park,Uttar Pradesh,Nature,7.4154,Jul-Sep
1529,Triveni Sangam,Uttar Pradesh,Religious,8.9079,Oct-Mar
1530,Allahabad Fort,Uttar Pradesh,Historical,8.1135,Oct-Mar
1531,Anand Bhavan Museum,Uttar Pradesh,Historical,7.4275,Oct-Mar
1532,Swaraj Bhavan,Uttar Pradesh,Historical,8.3277,Oct-Mar
1533,Khusro Bagh,Uttar Pradesh,Historical,8.6463,Oct-Mar
1534,Allahabad High Court Building,Uttar Pradesh,Engineering,7.3111,Oct-Mar
1535,Alfred Park (Azad Park),Uttar Pradesh,Historical,7.7353,Oct-Mar
1536,All Saints Cathedral,Uttar Pradesh,Religious,6.8573,Oct-Mar
1537,Hanuman Mandir (Reclining),Uttar Pradesh,Religious,7.0357,Oct-Mar
1538,Jawahar Planetarium,Uttar Pradesh,Science,8.5408,Oct-Mar
1539,Mankameshwar Temple,Uttar Pradesh,Religious,7.0365,Oct-Mar
1540,New Yamuna Bridge,Uttar Pradesh,Engineering,8.0713,Oct-Mar
1541,Jhansi Fort,Uttar Pradesh,Historical,8.6249,Oct-Mar
1542,Rani Mahal,Uttar Pradesh,Historical,6.8121,Oct-Mar
1543,Government Museum Jhansi,Uttar Pradesh,Education,8.1982,Oct-Mar
1544,Barua Sagar Fort,Uttar Pradesh,Historical,7.2627,Oct-Mar
1545,Parichha Dam,Uttar Pradesh,Engineering,9.3892,Oct-Mar
1546,Kalinjar Fort,Uttar Pradesh,Historical,7.946,Oct-Mar
1547,Vindhyachal Dham,Uttar Pradesh,Religious,8.9168,Oct-Mar
1548,Chunar Fort,Uttar Pradesh,Historical,8.1468,Oct-Mar
1549,Wyndham Falls,Uttar Pradesh,Nature,6.621,Jul-Sep
1550,Siraj-e-Hind (Jaunpur Fort),Uttar Pradesh,Historical,8.3964,Oct-Mar
1551,Atala Masjid,Uttar Pradesh,Religious,9.3545,Oct-Mar
1552,Shahi Bridge,Uttar Pradesh,Engineering,8.3015,Oct-Mar
1553,Dudhwa National Park,Uttar Pradesh,Wildlife,8.9565,Nov-Feb
1554,Kishalpur Sanctuary,Uttar Pradesh,Wildlife,9.1522,Nov-Feb
1555,Katarniaghat Wildlife Sanctuary,Uttar Pradesh,Wildlife,7.177,Nov-Feb
1556,Hastinapur Wildlife Sanctuary,Uttar Pradesh,Wildlife,7.1287,Nov-Feb
1557,Augarnath Temple,Uttar Pradesh,Religious,8.3297,Oct-Mar
1558,Suraj Kund Meerut,Uttar Pradesh,Historical,7.7277,Oct-Mar
1559,Shahpir Mausoleum,Uttar Pradesh,Historical,9.0187,Oct-Mar
1560,Sardhana Church (Basilica),Uttar Pradesh,Religious,9.1999,Oct-Mar
1561,Bee Falls,Madhya Pradesh,Nature,7.5543,Jul-Sep
1562,Jata Shankar Caves,Madhya Pradesh,Religious,7.2034,Oct-Mar
1563,Pandav Caves,Madhya Pradesh,Historical,8.8401,Oct-Mar
1564,Dhupgarh Sunset Point,Madhya Pradesh,Nature,7.3176,Jul-Sep
1565,Handi Khoh,Madhya Pradesh,Nature,8.9668,Jul-Sep
1566,Apsara Vihar,Madhya Pradesh,Nature,7.766,Jul-Sep
1567,Reechgarh,Madhya Pradesh,Adventure,8.5,Apr-Jun
1568,Bada Mahadev,Madhya Pradesh,Religious,6.7779,Oct-Mar
1569,Chauragarh Peak,Madhya Pradesh,Adventure,8.3685,Apr-Jun
1570,Silver Fall (Rajat Prapat),Madhya Pradesh,Nature,7.8504,Jul-Sep
1571,Satpura National Park,Madhya Pradesh,Wildlife,8.2563,Nov-Feb
1572,Tawa Reservoir,Madhya Pradesh,Nature,6.9961,Jul-Sep
1573,Madai Wildlife Point,Madhya Pradesh,Wildlife,8.7087,Nov-Feb
1574,Sethani Ghat,Madhya Pradesh,Religious,9.0878,Oct-Mar
1575,Adamgarh Hills,Madhya Pradesh,Historical,7.1428,Oct-Mar
1576,Bhojpur Temple,Madhya Pradesh,Religious,6.7785,Oct-Mar
1577,Islamnagar Fort,Madhya Pradesh,Historical,6.5615,Oct-Mar
1578,Taj-ul-Masajid,Madhya Pradesh,Religious,8.423,Oct-Mar
1579,Gohar Mahal,Madhya Pradesh,Historical,8.318,Oct-Mar
1580,Shaukat Mahal,Madhya Pradesh,Historical,8.1362,Oct-Mar
1581,Chitrakoot Ghats,Madhya Pradesh,Religious,7.1886,Oct-Mar
1582,Kamadgiri Mountain,Madhya Pradesh,Religious,7.6671,Oct-Mar
1583,Gupt Godavari Caves,Madhya Pradesh,Nature,8.28,Jul-Sep
1584,Sati Anusuya Ashram,Madhya Pradesh,Religious,7.9858,Oct-Mar
1585,Sphatik Shila,Madhya Pradesh,Religious,9.4641,Oct-Mar
1586,Maihar Sharda Devi Temple,Madhya Pradesh,Religious,6.9011,Oct-Mar
1587,Rewa Fort,Madhya Pradesh,Historical,8.5831,Oct-Mar
1588,Govindgarh Palace,Madhya Pradesh,Historical,7.7075,Oct-Mar
1589,Purwa Falls,Madhya Pradesh,Nature,7.7794,Jul-Sep
1590,Keoti Falls,Madhya Pradesh,Nature,8.6507,Jul-Sep
1591,Bahuti Falls,Madhya Pradesh,Nature,8.5749,Jul-Sep
1592,Deorkothar Buddhist Stupas,Madhya Pradesh,Historical,9.4745,Oct-Mar
1593,Pench Tiger Reserve,Madhya Pradesh,Wildlife,6.8768,Nov-Feb
1594,Turia Gate Pench,Madhya Pradesh,Adventure,6.8037,Apr-Jun
1595,Priyadarshini Point,Madhya Pradesh,Nature,8.671,Jul-Sep
1596,Burhanpur Shahi Qila,Madhya Pradesh,Historical,8.2316,Oct-Mar
1597,Jama Masjid Burhanpur,Madhya Pradesh,Religious,7.3157,Oct-Mar
1598,Asirgarh Fort,Madhya Pradesh,Historical,6.7294,Oct-Mar
1599,Kuno National Park,Madhya Pradesh,Wildlife,6.7482,Nov-Feb
1600,Shivpuri Madhav National Park,Madhya Pradesh,Wildlife,9.1823,Nov-Feb
1601,Chhatris of Scindia,Madhya Pradesh,Historical,7.0679,Oct-Mar
1602,George Castle Shivpuri,Madhya Pradesh,Historical,7.4638,Oct-Mar
1603,Bhadaiya Kund,Madhya Pradesh,Nature,7.1727,Jul-Sep
1604,Karera Bird Sanctuary,Madhya Pradesh,Wildlife,7.559,Nov-Feb
1605,Bansagar Dam,Madhya Pradesh,Engineering,6.6993,Oct-Mar
1606,Amarkantak Narmada Udgam,Madhya Pradesh,Religious,8.053,Oct-Mar
1607,Kapil Dhara Falls,Madhya Pradesh,Nature,6.6939,Jul-Sep
1608,Sonemuda,Madhya Pradesh,Nature,8.8998,Jul-Sep
1609,Kabir Chabutra,Madhya Pradesh,Religious,7.1939,Oct-Mar
1610,Pataleshwar Mahadev,Madhya Pradesh,Religious,8.116,Oct-Mar
1611,Virupaksha Temple,Karnataka,Religious,9.1398,Oct-Mar
1612,Vittala Temple Stone Chariot,Karnataka,Historical,8.4498,Oct-Mar
1613,Elephant Stables,Karnataka,Historical,8.0948,Oct-Mar
1614,Lotus Mahal,Karnataka,Historical,7.4667,Oct-Mar
1615,Hazara Rama Temple,Karnataka,Religious,7.4928,Oct-Mar
1616,Matanga Hill Sunset,Karnataka,Nature,8.5058,Jul-Sep
1617,Hemakuta Hill Temples,Karnataka,Historical,9.4832,Oct-Mar
1618,Achyutaraya Temple,Karnataka,Religious,8.4828,Oct-Mar
1619,Sasivekalu Ganesha,Karnataka,Religious,8.1695,Oct-Mar
1620,Ugra Narasimha Statue,Karnataka,Historical,8.69,Oct-Mar
1621,Queen's Bath,Karnataka,Historical,7.8908,Oct-Mar
1622,Sanapur Lake,Karnataka,Nature,6.6714,Jul-Sep
1623,Anjanadri Hill (Hanuman Birthplace),Karnataka,Religious,8.1831,Oct-Mar
1624,Anegundi Fort,Karnataka,Historical,9.3733,Oct-Mar
1625,Tungabhadra Dam,Karnataka,Engineering,7.0181,Oct-Mar
1626,Japanese Garden TB Dam,Karnataka,Nature,8.5676,Jul-Sep
1627,Daroji Sloth Bear Sanctuary,Karnataka,Wildlife,7.0952,Nov-Feb
1628,Ballari Fort,Karnataka,Historical,8.1034,Oct-Mar
1629,Banashankari Amma Temple,Karnataka,Religious,6.7814,Oct-Mar
1630,Agastya Lake,Karnataka,Nature,7.8462,Jul-Sep
1631,Badami Cave 1,Karnataka,Historical,8.7668,Oct-Mar
1632,Badami Cave 2,Karnataka,Historical,7.5367,Oct-Mar
1633,Badami Cave 3,Karnataka,Historical,8.4921,Oct-Mar
1634,Badami Cave 4,Karnataka,Historical,8.885,Oct-Mar
1635,Bhutnatha Temple,Karnataka,Historical,9.2816,Oct-Mar
1636,Badami North Fort,Karnataka,Historical,7.1967,Oct-Mar
1637,Pattadakal Virupaksha,Karnataka,Historical,7.6925,Oct-Mar
1638,Pattadakal Mallikarjuna,Karnataka,Historical,6.9492,Oct-Mar
1639,Pattadakal Papanatha,Karnataka,Historical,9.4782,Oct-Mar
1640,Aihole Durga Temple,Karnataka,Historical,9.2811,Oct-Mar
1641,Aihole Lad Khan Temple,Karnataka,Historical,8.1159,Oct-Mar
1642,Aihole Ravana Phadi Cave,Karnataka,Historical,9.0253,Oct-Mar
1643,Aihole Meguti Hill,Karnataka,Historical,8.0587,Oct-Mar
1644,Mahakuta Group of Temples,Karnataka,Religious,8.3676,Oct-Mar
1645,Almatti Dam,Karnataka,Engineering,6.7586,Oct-Mar
1646,Mughal Garden Almatti,Karnataka,Nature,8.7641,Jul-Sep
1647,Gol Gumbaz Whispering Gallery,Karnataka,Historical,6.8748,Oct-Mar
1648,Ibrahim Rauza,Karnataka,Historical,8.9772,Oct-Mar
1649,Jumma Masjid Vijayapura,Karnataka,Religious,8.8446,Oct-Mar
1650,Bara Kaman,Karnataka,Historical,8.624,Oct-Mar
1651,Uliyanthala Cave,Kerala,Adventure,6.5992,Apr-Jun
1652,Cherai Beach,Kerala,Beach,7.4029,Mar-Jun
1653,Mattancherry Palace,Kerala,Historical,7.2824,Oct-Mar
1654,Jew Town,Kerala,Culture,7.5745,Oct-Mar
1655,Paradesi Synagogue,Kerala,Religious,6.7542,Oct-Mar
1656,Chinese Fishing Nets,Kerala,Culture,9.3111,Oct-Mar
1657,Santa Cruz Basilica,Kerala,Religious,8.1576,Oct-Mar
1658,St. Francis Church,Kerala,Historical,7.4101,Oct-Mar
1659,Kochi-Muziris Biennale Site,Kerala,Culture,7.6854,Oct-Mar
1660,Hill Palace Museum,Kerala,Historical,7.8366,Oct-Mar
1661,Marine Drive Kochi,Kerala,Leisure,8.2984,Oct-Mar
1662,Bolgatty Palace,Kerala,Historical,8.0428,Oct-Mar
1663,Willingdon Island,Kerala,Engineering,9.2582,Oct-Mar
1664,Lulu Mall Kochi,Kerala,Shopping,7.9864,Oct-Mar
1665,Wonderla Kochi,Kerala,Leisure,9.4772,Oct-Mar
1666,Mangalavanam Bird Sanctuary,Kerala,Wildlife,9.0536,Nov-Feb
1667,Athirappilly Falls,Kerala,Nature,7.118,Jul-Sep
1668,Charpa Falls,Kerala,Nature,9.2919,Jul-Sep
1669,Vazhachal Waterfalls,Kerala,Nature,6.8406,Jul-Sep
1670,Thumboormuzhi Dam,Kerala,Nature,8.9513,Jul-Sep
1671,Sholayar Dam,Kerala,Engineering,7.6362,Oct-Mar
1672,Vadakkunnathan Temple,Kerala,Religious,9.1335,Oct-Mar
1673,Thrissur Zoo and Museum,Kerala,Wildlife,9.1036,Nov-Feb
1674,Sakthan Thampuran Palace,Kerala,Historical,8.9166,Oct-Mar
1675,Vilangan Kunnu,Kerala,Nature,8.8687,Jul-Sep
1676,Snehatheeram Beach,Kerala,Beach,7.4076,Mar-Jun
1677,Chavakkad Beach,Kerala,Beach,6.7339,Mar-Jun
1678,Peechi-Vazhani Sanctuary,Kerala,Wildlife,7.7035,Nov-Feb
1679,Peechi Dam,Kerala,Engineering,7.0127,Oct-Mar
1680,Guruvayur Temple Elephant Camp,Kerala,Wildlife,8.5825,Nov-Feb
1681,Anakkayam,Kerala,Nature,7.5323,Jul-Sep
1682,Kodungallur Bhagavathy,Kerala,Religious,9.4274,Oct-Mar
1683,Cheraman Juma Masjid,Kerala,Religious,8.42,Oct-Mar
1684,Dolours Basilica,Kerala,Religious,8.9664,Oct-Mar
1685,Silent Valley Safari,Kerala,Adventure,6.8893,Apr-Jun
1686,Malampuzha Rock Garden,Kerala,Culture,9.0854,Oct-Mar
1687,Malampuzha Ropeway,Kerala,Adventure,9.2683,Apr-Jun
1688,Palakkad Fort (Tipu's Fort),Kerala,Historical,7.9566,Oct-Mar
1689,Dhoni Waterfalls,Kerala,Nature,8.3155,Jul-Sep
1690,Fantasy Park Palakkad,Kerala,Leisure,8.7928,Oct-Mar
1691,Attapadi Hills,Kerala,Nature,7.0167,Jul-Sep
1692,Meenvallam Waterfalls,Kerala,Nature,8.0033,Jul-Sep
1693,Kanjirapuzha Dam,Kerala,Engineering,7.6905,Oct-Mar
1694,Varikkassery Mana,Kerala,Culture,6.931,Oct-Mar
1695,Kalpathy Heritage Village,Kerala,Culture,7.5968,Oct-Mar
1696,Seethargundu Viewpoint,Kerala,Nature,6.6955,Jul-Sep
1697,Pothundi Dam,Kerala,Engineering,6.568,Oct-Mar
1698,Nelliyampathy Orange Farm,Kerala,Nature,6.8972,Jul-Sep
1699,Chulanur Peacock Sanctuary,Kerala,Wildlife,9.3898,Nov-Feb
1700,Parambikulam Tiger Reserve,Kerala,Wildlife,8.1447,Nov-Feb
1701,Vizag Fishing Harbour,Andhra Pradesh,Cuisine,9.398,Oct-Mar
1702,Ramakrishna Beach,Andhra Pradesh,Beach,7.7924,Mar-Jun
1703,Submarine Museum (Kursura),Andhra Pradesh,Education,7.429,Oct-Mar
1704,TU 142 Aircraft Museum,Andhra Pradesh,Education,8.0141,Oct-Mar
1705,Victory at Sea Memorial,Andhra Pradesh,Historical,7.8135,Oct-Mar
1706,Vuda Park,Andhra Pradesh,Nature,6.8084,Jul-Sep
1707,Kailasagiri Ropeway,Andhra Pradesh,Adventure,8.4195,Apr-Jun
1708,Tenneti Park,Andhra Pradesh,Nature,7.1407,Jul-Sep
1709,Ross Hill Chapel,Andhra Pradesh,Religious,8.3556,Oct-Mar
1710,Dolphin's Nose Lighthouse,Andhra Pradesh,Historical,8.4478,Oct-Mar
1711,Thotlakonda Buddhist Complex,Andhra Pradesh,Historical,6.948,Oct-Mar
1712,Bavikonda Monastery,Andhra Pradesh,Historical,6.675,Oct-Mar
1713,Indira Gandhi Zoological Park,Andhra Pradesh,Wildlife,8.8408,Nov-Feb
1714,Kambalakonda Eco Park,Andhra Pradesh,Nature,7.8746,Jul-Sep
1715,Hawa Mahal Vizag,Andhra Pradesh,Historical,6.6654,Oct-Mar
1716,Appikonda Beach,Andhra Pradesh,Beach,9.4854,Mar-Jun
1717,Gangavaram Beach,Andhra Pradesh,Beach,6.6643,Mar-Jun
1718,Vizag Container Terminal View,Andhra Pradesh,Engineering,8.5827,Oct-Mar
1719,Bejjipuram Hill,Andhra Pradesh,Nature,9.4517,Jul-Sep
1720,Arasavalli Sun Temple,Andhra Pradesh,Religious,7.2104,Oct-Mar
1721,Srimukhalingam Temple,Andhra Pradesh,Religious,6.9186,Oct-Mar
1722,Kalingapatnam Beach,Andhra Pradesh,Beach,6.8557,Mar-Jun
1723,Salihundam Buddhist Site,Andhra Pradesh,Historical,7.4033,Oct-Mar
1724,Telineelapuram Bird Sanctuary,Andhra Pradesh,Wildlife,6.7945,Nov-Feb
1725,Baruva Beach,Andhra Pradesh,Beach,8.5741,Mar-Jun
1726,Mandraza Beach,Andhra Pradesh,Beach,6.6778,Mar-Jun
1727,Pydithalli Ammavaru Temple,Andhra Pradesh,Religious,8.0239,Oct-Mar
1728,Vizianagaram Fort,Andhra Pradesh,Historical,9.4909,Oct-Mar
1729,Gantyada Dam,Andhra Pradesh,Engineering,8.9408,Oct-Mar
1730,Thatipudi Reservoir,Andhra Pradesh,Nature,8.3425,Jul-Sep
1731,Raivada Dam,Andhra Pradesh,Engineering,7.4123,Oct-Mar
1732,Bobbili Fort,Andhra Pradesh,Historical,8.3686,Oct-Mar
1733,Bobbili Veena Craft,Andhra Pradesh,Culture,8.077,Oct-Mar
1734,Chodavaram Jaggery Market,Andhra Pradesh,Cuisine,7.7731,Oct-Mar
1735,Anakapalle Bellam Market,Andhra Pradesh,Culture,6.8838,Oct-Mar
1736,Bojjannakonda Caves,Andhra Pradesh,Historical,9.1595,Oct-Mar
1737,Lingalakonda Caves,Andhra Pradesh,Historical,7.8444,Oct-Mar
1738,Kondakarla Ava Lake,Andhra Pradesh,Nature,7.0762,Jul-Sep
1739,Etikoppaka Toys Village,Andhra Pradesh,Culture,7.5975,Oct-Mar
1740,Upmaka Venkateswara Temple,Andhra Pradesh,Religious,7.7371,Oct-Mar
1741,Pavuralakonda Hill,Andhra Pradesh,Historical,8.9816,Oct-Mar
1742,Ghosha Hospital Building,Andhra Pradesh,Historical,8.6989,Oct-Mar
1743,Dutch Cemetery Bheemili,Andhra Pradesh,Historical,8.8063,Oct-Mar
1744,Light House Bheemili,Andhra Pradesh,Historical,6.5235,Oct-Mar
1745,Tagore's View Point,Andhra Pradesh,Nature,7.7432,Jul-Sep
1746,Vistadome Train Ride,Andhra Pradesh,Leisure,7.9394,Oct-Mar
1747,Tyda Jungle Bells,Andhra Pradesh,Adventure,6.5481,Apr-Jun
1748,Katiki Waterfalls,Andhra Pradesh,Nature,7.2725,Jul-Sep
1749,Chaprai Water Cascade,Andhra Pradesh,Nature,8.7792,Jul-Sep
1750,Coffee Museum Araku,Andhra Pradesh,Cuisine,6.9031,Oct-Mar
1751,National Rail Museum,Delhi,Education,8.1019,Oct-Mar
1752,National Science Centre,Delhi,Science,7.1382,Oct-Mar
1753,Shankar's International Dolls Museum,Delhi,Culture,6.5268,Oct-Mar
1754,National Museum Delhi,Delhi,Education,7.2165,Oct-Mar
1755,Crafts Museum,Delhi,Culture,9.4282,Oct-Mar
1756,Nehru Memorial Museum,Delhi,Historical,8.9034,Oct-Mar
1757,Indira Gandhi Memorial Museum,Delhi,Historical,9.3792,Oct-Mar
1758,Pradhanmantri Sangrahalaya,Delhi,Education,7.959,Oct-Mar
1759,National Gallery of Modern Art,Delhi,Culture,6.8207,Oct-Mar
1760,Sulabh International Museum of Toilets,Delhi,Culture,8.14,Oct-Mar
1761,Waste to Wonder Park,Delhi,Leisure,7.8582,Oct-Mar
1762,Bharat Darshan Park,Delhi,Leisure,9.0323,Oct-Mar
1763,Garden of Five Senses,Delhi,Nature,6.7856,Jul-Sep
1764,Lodhi Garden,Delhi,Nature,7.9602,Jul-Sep
1765,Sunder Nursery,Delhi,Nature,6.942,Jul-Sep
1766,Mughal Garden (Amrit Udyan),Delhi,Nature,7.4678,Jul-Sep
1767,Safdarjung Tomb,Delhi,Historical,8.7102,Oct-Mar
1768,Purana Qila (Old Fort),Delhi,Historical,7.9234,Oct-Mar
1769,Agrasen Ki Baoli,Delhi,Historical,7.6219,Oct-Mar
1770,Tughlaqabad Fort,Delhi,Historical,7.6779,Oct-Mar
1771,Feroz Shah Kotla Fort,Delhi,Historical,7.8735,Oct-Mar
1772,Hauz Khas Village,Delhi,Culture,8.8536,Oct-Mar
1773,Hauz Khas Fort and Lake,Delhi,Historical,9.176,Oct-Mar
1774,Chhatarpur Temple,Delhi,Religious,9.3664,Oct-Mar
1775,Kalkaji Temple,Delhi,Religious,8.8593,Oct-Mar
1776,Nizamuddin Dargah,Delhi,Religious,7.4399,Oct-Mar
1777,Gurudwara Bangla Sahib,Delhi,Religious,8.562,Oct-Mar
1778,Gurudwara Sis Ganj Sahib,Delhi,Religious,7.8077,Oct-Mar
1779,National Zoological Park Delhi,Delhi,Wildlife,7.257,Nov-Feb
1780,Okhla Bird Sanctuary,Uttar Pradesh,Wildlife,9.0218,Nov-Feb
1781,Noida Golf Course,Uttar Pradesh,Leisure,6.606,Oct-Mar
1782,Worlds of Wonder,Uttar Pradesh,Leisure,9.2051,Oct-Mar
1783,Botanical Garden Noida,Uttar Pradesh,Nature,7.8796,Jul-Sep
1784,DLF Mall of India,Uttar Pradesh,Shopping,8.4086,Oct-Mar
1785,Brahmaputra Market Noida,Uttar Pradesh,Cuisine,8.4753,Oct-Mar
1786,Isipathana Buddhist Temple,Uttar Pradesh,Religious,9.1851,Oct-Mar
1787,Steller Children's Museum,Haryana,Education,8.407,Oct-Mar
1788,Ambience Mall,Haryana,Shopping,8.3386,Oct-Mar
1789,Appu Ghar,Haryana,Leisure,6.691,Oct-Mar
1790,NeverEnuf Garden Railway,Haryana,Leisure,8.051,Oct-Mar
1791,Damdama Lake Resort,Haryana,Adventure,6.9424,Apr-Jun
1792,Aravalli Biodiversity Park,Haryana,Nature,8.7104,Jul-Sep
1793,Museum of Folk and Tribal Art,Haryana,Culture,8.0324,Oct-Mar
1794,Vintage Camera Museum,Haryana,Culture,8.5382,Oct-Mar
1795,Farrukhnagar Fort,Haryana,Historical,6.6158,Oct-Mar
1796,Sultanpur Lake,Haryana,Nature,6.7456,Jul-Sep
1797,Tilyar Mini Zoo,Haryana,Wildlife,8.6468,Nov-Feb
1798,Mansi Devi Temple Panchkula,Haryana,Religious,6.7073,Oct-Mar
1799,Cactus Garden Panchkula,Haryana,Nature,6.7048,Jul-Sep
1800,Yadavindra Gardens Pinjore,Haryana,Nature,6.5268,Jul-Sep
1801,Unakoti Hill Ruins,Tripura,Historical,9.3699,Oct-Mar
1802,Ujjayanta Palace,Tripura,Historical,8.7106,Oct-Mar
1803,Neermahal Water Palace,Tripura,Historical,7.5538,Oct-Mar
1804,Tripura Sundari Temple,Tripura,Religious,7.383,Oct-Mar
1805,Jampui Hills,Tripura,Hill Station,7.5431,Mar-Jun
1806,Sepahijala Wildlife Sanctuary,Tripura,Wildlife,8.8224,Nov-Feb
1807,Chabimura Rock Carvings,Tripura,Historical,8.4814,Oct-Mar
1808,Dumboor Lake,Tripura,Nature,7.0478,Jul-Sep
1809,Bhubaneswari Temple,Tripura,Religious,7.0145,Oct-Mar
1810,Akhaura Check Post (Flag Ceremony),Tripura,Historical,6.7865,Oct-Mar
1811,Heritage Park Agartala,Tripura,Nature,8.4782,Jul-Sep
1812,Fourteen Gods Temple,Tripura,Religious,8.7915,Oct-Mar
1813,Solomon's Temple,Mizoram,Religious,7.2882,Oct-Mar
1814,Durtlang Hills,Mizoram,Nature,6.5534,Jul-Sep
1815,Mizoram State Museum,Mizoram,Education,6.7377,Oct-Mar
1816,Reiek Tlang,Mizoram,Adventure,9.4041,Apr-Jun
1817,Vantawng Falls,Mizoram,Nature,7.3798,Jul-Sep
1818,Thenzawl Golf Resort,Mizoram,Leisure,8.8061,Oct-Mar
1819,Tam Dil Lake,Mizoram,Nature,8.3709,Jul-Sep
1820,Phawngpui Blue Mountain,Mizoram,Adventure,7.6402,Apr-Jun
1821,Khomhmun Village,Mizoram,Culture,7.1095,Oct-Mar
1822,Murlen National Park,Mizoram,Wildlife,6.8557,Nov-Feb
1823,Rih Dil Lake (Border),Mizoram,Nature,8.3418,Jul-Sep
1824,Champhai Vineyards,Mizoram,Cuisine,8.8224,Oct-Mar
1825,Kachari Ruins,Nagaland,Historical,8.4288,Oct-Mar
1826,Diezephe Craft Village,Nagaland,Culture,8.0868,Oct-Mar
1827,Triple Falls,Nagaland,Nature,6.6166,Jul-Sep
1828,Nagaland Zoological Park,Nagaland,Wildlife,9.406,Nov-Feb
1829,Chumukedima Hill View,Nagaland,Nature,8.8949,Jul-Sep
1830,Intanki National Park,Nagaland,Wildlife,7.3719,Nov-Feb
1831,Benreu Village,Nagaland,Culture,9.4405,Oct-Mar
1832,Mt Pauna,Nagaland,Adventure,8.3023,Apr-Jun
1833,Wokha Village,Nagaland,Culture,8.2437,Oct-Mar
1834,Mount Tiyi,Nagaland,Nature,8.7424,Jul-Sep
1835,Doyang River & Dam,Nagaland,Engineering,8.9342,Oct-Mar
1836,Phek Town,Nagaland,Nature,8.4667,Jul-Sep
1837,Shilloi Lake,Nagaland,Nature,6.8759,Jul-Sep
1838,Khezhakeno Village,Nagaland,Culture,7.5087,Oct-Mar
1839,Tuensang Village,Nagaland,Culture,9.2843,Oct-Mar
1840,Longwa Village (Mon),Nagaland,Culture,7.1665,Oct-Mar
1841,Mon Town View Point,Nagaland,Nature,7.6107,Jul-Sep
1842,Shangnyu Village,Nagaland,Culture,7.7911,Oct-Mar
1843,Ungma Village,Nagaland,Culture,7.8132,Oct-Mar
1844,Longkhum Village,Nagaland,Culture,8.3356,Oct-Mar
1845,Mokokchung District Museum,Nagaland,Education,9.3295,Oct-Mar
1846,Zunheboto Sumi Baptist Church,Nagaland,Religious,7.2149,Oct-Mar
1847,Sumi Heritage Village,Nagaland,Culture,6.8561,Oct-Mar
1848,Mount Saramati,Nagaland,Adventure,7.0848,Apr-Jun
1849,Naukho Village,Nagaland,Culture,9.1604,Oct-Mar
1850,Nagaland State Museum,Nagaland,Education,8.4345,Oct-Mar
1851,Agatti Island,Lakshadweep,Beach,7.351,Mar-Jun
1852,Bangaram Atoll,Lakshadweep,Beach,8.9468,Mar-Jun
1853,Thinnakara Island,Lakshadweep,Nature,9.0835,Jul-Sep
1854,Kavaratti Marine Aquarium,Lakshadweep,Science,9.0388,Oct-Mar
1855,Minicoy Lighthouse,Lakshadweep,Historical,9.2568,Oct-Mar
1856,Kalpeni Coral Reef,Lakshadweep,Adventure,7.2497,Apr-Jun
1857,Kadmat Island Beach,Lakshadweep,Beach,8.7634,Mar-Jun
1858,Pitti Bird Sanctuary,Lakshadweep,Wildlife,7.8768,Nov-Feb
1859,Jubilee Park,Jharkhand,Nature,9.0252,Jul-Sep
1860,Tata Steel Zoological Park,Jharkhand,Wildlife,8.6835,Nov-Feb
1861,Dimna Lake,Jharkhand,Nature,8.8278,Jul-Sep
1862,Dalma Wildlife Sanctuary,Jharkhand,Wildlife,8.4657,Nov-Feb
1863,Hudco Lake,Jharkhand,Nature,7.0245,Jul-Sep
1864,Bhuvaneshwari Temple Jamshedpur,Jharkhand,Religious,8.1311,Oct-Mar
1865,Russie Modi Centre of Excellence,Jharkhand,Culture,9.4547,Oct-Mar
1866,Jayanti Sarovar,Jharkhand,Nature,9.3124,Jul-Sep
1867,Chandil Dam,Jharkhand,Engineering,6.6203,Oct-Mar
1868,Marine Drive Jamshedpur,Jharkhand,Leisure,6.9865,Oct-Mar
1869,Pahari Mandir,Jharkhand,Religious,6.8869,Oct-Mar
1870,Jagannath Temple Ranchi,Jharkhand,Religious,8.6759,Oct-Mar
1871,Rock Garden Ranchi,Jharkhand,Nature,8.9523,Jul-Sep
1872,Tagore Hill Ranchi,Jharkhand,Historical,7.1331,Oct-Mar
1873,Dassam Falls,Jharkhand,Nature,8.0132,Jul-Sep
1874,Hundru Falls,Jharkhand,Nature,9.0213,Jul-Sep
1875,Jonha Falls,Jharkhand,Nature,8.6964,Jul-Sep
1876,Panchghagh Falls,Jharkhand,Nature,8.1227,Jul-Sep
1877,Hirni Falls,Jharkhand,Nature,8.2676,Jul-Sep
1878,Birsa Zoological Park,Jharkhand,Wildlife,8.0208,Nov-Feb
1879,Patratu Valley,Jharkhand,Nature,7.3861,Jul-Sep
1880,Patratu Dam,Jharkhand,Engineering,8.1913,Oct-Mar
1881,Rajrappa Temple,Jharkhand,Religious,8.5642,Oct-Mar
1882,Netarhat Sunset Point,Jharkhand,Nature,9.1195,Jul-Sep
1883,Magnolia Point,Jharkhand,Nature,8.4059,Jul-Sep
1884,Upper Ghaghri Falls,Jharkhand,Nature,8.7817,Jul-Sep
1885,Lower Ghaghri Falls,Jharkhand,Nature,6.9722,Jul-Sep
1886,Lodh Falls (Burha Falls),Jharkhand,Nature,7.8798,Jul-Sep
1887,Betla National Park,Jharkhand,Wildlife,6.5184,Nov-Feb
1888,Palamau Fort,Jharkhand,Historical,7.2329,Oct-Mar
1889,Shikharji (Parashnath),Jharkhand,Religious,8.6774,Oct-Mar
1890,Madhuban Jain Temples,Jharkhand,Religious,9.4762,Oct-Mar
1891,Usri Falls,Jharkhand,Nature,6.7889,Jul-Sep
1892,Khandoli Park,Jharkhand,Adventure,7.699,Apr-Jun
1893,Maithon Dam,Jharkhand,Engineering,8.899,Oct-Mar
1894,Panchet Dam,Jharkhand,Engineering,7.1046,Oct-Mar
1895,Topchanchi Lake,Jharkhand,Nature,8.1614,Jul-Sep
1896,Baidyanath Dham,Jharkhand,Religious,8.6973,Oct-Mar
1897,Tapovan Caves,Jharkhand,Religious,8.3448,Oct-Mar
1898,Naulakha Temple,Jharkhand,Religious,7.0564,Oct-Mar
1899,Trikut Pahar Ropeway,Jharkhand,Adventure,7.5602,Apr-Jun
1900,Satsang Ashram Deoghar,Jharkhand,Religious,8.8499,Oct-Mar
1901,National War Memorial,Delhi,Historical,8.1588,Oct-Mar
1902,Bharat Mandapam (IECC),Delhi,Engineering,6.5061,Oct-Mar
1903,Kartavya Path,Delhi,Historical,8.7813,Oct-Mar
1904,Prithvi Raj Chauhan Fort,Haryana,Historical,6.5966,Oct-Mar
1905,Asigarh Fort,Haryana,Historical,8.7354,Oct-Mar
1906,Loharu Fort Ruins,Haryana,Historical,7.0999,Oct-Mar
1907,Tosham Rock Inscriptions,Haryana,Historical,9.3746,Oct-Mar
1908,Ancient Mound Agroha,Haryana,Historical,7.598,Oct-Mar
1909,Lat Ki Masjid,Haryana,Historical,7.4746,Oct-Mar
1910,Hisar-i-Firoza Fort,Haryana,Historical,6.9385,Oct-Mar
1911,Guajari Mahal,Haryana,Historical,7.4103,Oct-Mar
1912,Tomb of Sheikh Chilli,Haryana,Historical,9.1295,Oct-Mar
1913,Brahma Sarovar Ghats,Haryana,Religious,9.4898,Oct-Mar
1914,Sannihit Sarovar,Haryana,Religious,7.5991,Oct-Mar
1915,Krishna Museum,Haryana,Education,7.8409,Oct-Mar
1916,Science Panorama,Haryana,Science,8.6641,Oct-Mar
1917,Dharohar Museum,Haryana,Culture,9.1582,Oct-Mar
1918,Sheikh Musa Tomb,Haryana,Historical,8.2757,Oct-Mar
1919,Kotla Lake,Haryana,Nature,7.669,Jul-Sep
1920,Chui Mai Pond,Haryana,Nature,7.7325,Jul-Sep
1921,Parontha Gali,Delhi,Cuisine,8.5845,Oct-Mar
1922,Majnu ka Tilla (Tibetan Colony),Delhi,Culture,6.5,Oct-Mar
1923,Sanjay Lake Park,Delhi,Nature,8.3556,Jul-Sep
1924,Bhardwaj Lake,Delhi,Adventure,7.5605,Apr-Jun
1925,Asola Bhatti Wildlife Sanctuary,Delhi,Wildlife,8.8813,Nov-Feb
1926,National Police Memorial,Delhi,Historical,6.7703,Oct-Mar
1927,Kalyani Fort,Karnataka,Historical,8.2611,Oct-Mar
1928,Madrasa Mahmud Gawan,Karnataka,Education,7.9383,Oct-Mar
1929,Chaukhandi of Hazrat Khalil Ullah,Karnataka,Historical,8.4241,Oct-Mar
1930,Bidar Fort Gateways,Karnataka,Historical,6.6856,Oct-Mar
1931,Bahmani Tombs,Karnataka,Historical,8.2364,Oct-Mar
1932,Papnash Shiva Temple,Karnataka,Religious,8.1807,Oct-Mar
1933,Narasimha Jhira Cave Temple,Karnataka,Religious,8.1782,Oct-Mar
1934,Kittur Chennamma Fort,Karnataka,Historical,8.3071,Oct-Mar
1935,Belgaum Fort,Karnataka,Historical,8.5268,Oct-Mar
1936,Kamal Basadi Jain Temple,Karnataka,Religious,8.9138,Oct-Mar
1937,Gokak Falls,Karnataka,Nature,7.3026,Jul-Sep
1938,Godchinamalaki Falls,Karnataka,Nature,8.9742,Jul-Sep
1939,Hidkal Dam,Karnataka,Engineering,7.9903,Oct-Mar
1940,Naviltirtha Dam,Karnataka,Engineering,6.7223,Oct-Mar
1941,Saundatti Yellamma Temple,Karnataka,Religious,6.6666,Oct-Mar
1942,Sogi Ground,Karnataka,Nature,7.4965,Jul-Sep
1943,Sahasralinga,Karnataka,Religious,8.8533,Oct-Mar
1944,Unchalli Falls,Karnataka,Nature,8.6208,Jul-Sep
1945,Magod Falls,Karnataka,Nature,8.8645,Jul-Sep
1946,Sathodi Falls,Karnataka,Nature,8.0476,Jul-Sep
1947,Kavala Caves,Karnataka,Adventure,7.8155,Apr-Jun
1948,Syntheri Rocks,Karnataka,Nature,6.9342,Jul-Sep
1949,Dandeli River Rafting,Karnataka,Adventure,7.4783,Apr-Jun
1950,Anshi National Park,Karnataka,Wildlife,7.7969,Nov-Feb
1951,Sadashivgad Fort,Karnataka,Historical,6.757,Oct-Mar
1952,Rabindranath Tagore Beach,Karnataka,Beach,7.1545,Mar-Jun
1953,Kurumgad Island,Karnataka,Nature,8.2913,Jul-Sep
1954,Warship Museum Karwar,Karnataka,Education,8.7051,Oct-Mar
1955,Idagunji Ganapathi Temple,Karnataka,Religious,9.4959,Oct-Mar
1956,Apsarakonda Falls & Beach,Karnataka,Nature,9.2995,Jul-Sep
1957,Mirjan Fort,Karnataka,Historical,8.4248,Oct-Mar
1958,Yana Caves & Rocks,Karnataka,Nature,7.7585,Jul-Sep
1959,Vibhuti Falls,Karnataka,Nature,8.4055,Jul-Sep
1960,Murudeshwar Statue,Karnataka,Religious,8.8555,Oct-Mar
1961,Netrani Island Scuba,Karnataka,Adventure,6.8466,Apr-Jun
1962,Bhatkal Light House,Karnataka,Historical,7.7243,Oct-Mar
1963,Koliwada Fish Market,Maharashtra,Cuisine,9.0186,Oct-Mar
1964,Zaveri Bazaar,Maharashtra,Shopping,7.6459,Oct-Mar
1965,Mangaldas Market,Maharashtra,Shopping,8.212,Oct-Mar
1966,Dharavi Craft Tours,Maharashtra,Culture,8.2598,Oct-Mar
1967,Sewri Flamingo Point,Maharashtra,Wildlife,7.0457,Nov-Feb
1968,Mahim Nature Park,Maharashtra,Nature,7.5808,Jul-Sep
1969,Worli Koliwada Village,Maharashtra,Culture,7.4974,Oct-Mar
1970,Global Pagoda Museum,Maharashtra,Education,6.5692,Oct-Mar
1971,Vajreshwari Hot Springs,Maharashtra,Nature,6.5631,Jul-Sep
1972,Ganeshpuri Temple,Maharashtra,Religious,8.9942,Oct-Mar
1973,Upvan Lake,Maharashtra,Leisure,7.3124,Oct-Mar
1974,Yeoor Hills,Maharashtra,Nature,8.05,Jul-Sep
1975,Tansa Wildlife Sanctuary,Maharashtra,Wildlife,7.3896,Nov-Feb
1976,Bhatsa Dam,Maharashtra,Engineering,9.3223,Oct-Mar
1977,Mahuli Fort,Maharashtra,Adventure,7.2709,Apr-Jun
1978,Gorakhgad Fort,Maharashtra,Adventure,7.7838,Apr-Jun
1979,Sidhhagadh Fort,Maharashtra,Historical,9.1177,Oct-Mar
1980,Naneghat Ancient Pass,Maharashtra,Historical,9.025,Oct-Mar
1981,Lenyadri Caves,Maharashtra,Religious,7.0506,Oct-Mar
1982,Ozar Vighnahar Ganpati,Maharashtra,Religious,8.9067,Oct-Mar
1983,Malshej Falls,Maharashtra,Nature,7.8697,Jul-Sep
1984,Pimpalgaon Joga Dam,Maharashtra,Engineering,7.9443,Oct-Mar
1985,Harishchandragad Kokankada,Maharashtra,Nature,6.8922,Jul-Sep
1986,Kalsubai Temple,Maharashtra,Religious,6.733,Oct-Mar
1987,Bhavali Dam,Maharashtra,Engineering,8.6818,Oct-Mar
1988,Vaitarna Dam,Maharashtra,Engineering,7.9849,Oct-Mar
1989,Tringalwadi Fort,Maharashtra,Historical,7.8055,Oct-Mar
1990,Camel Valley View,Maharashtra,Nature,8.6865,Jul-Sep
1991,Ghatandevi Temple,Maharashtra,Religious,8.7949,Oct-Mar
1992,Sula Vineyards Tasting Room,Maharashtra,Cuisine,6.9687,Oct-Mar
1993,York Winery,Maharashtra,Leisure,8.3274,Oct-Mar
1994,Soma Vine Village,Maharashtra,Leisure,6.8978,Oct-Mar
1995,Trimbakeshwar Ghats,Maharashtra,Religious,8.7524,Oct-Mar
1996,Anjaneri Hill (Hanuman Birth),Maharashtra,Religious,8.4681,Oct-Mar
1997,Harihar Fort (Staircase),Maharashtra,Adventure,9.3702,Apr-Jun
1998,Baswant Garden,Maharashtra,Nature,6.6979,Jul-Sep
1999,Dugarwadi Waterfall,Maharashtra,Nature,6.6621,Jul-Sep
2000,Gangapur Dam,Maharashtra,Engineering,7.3398,Oct-Mar
