ReviewID,DestinationID,UserID,Rating,ReviewText
1,1,1943,5,A historical wonder with rich heritage and architecture! Visiting Taj Mahal was amazing.
2,1,543,2,A historical wonder with rich heritage and architecture! Visiting Taj Mahal was amazing.
3,1,1571,5,A historical wonder with rich heritage and architecture! Visiting Taj Mahal was amazing.
4,2,854,5,A historical wonder with rich heritage and architecture! Visiting Red Fort was amazing.
5,2,1309,1,A historical wonder with rich heritage and architecture! Visiting Red Fort was amazing.
6,2,1020,5,A historical wonder with rich heritage and architecture! Visiting Red Fort was amazing.
7,3,594,3,A peaceful and spiritually uplifting destination. Visiting Golden Temple was amazing.
8,3,990,2,A peaceful and spiritually uplifting destination. Visiting Golden Temple was amazing.
9,3,1649,4,A peaceful and spiritually uplifting destination. Visiting Golden Temple was amazing.
10,4,610,4,A historical wonder with rich heritage and architecture! Visiting Amer Fort was amazing.
11,4,150,1,A historical wonder with rich heritage and architecture! Visiting Amer Fort was amazing.
12,4,324,4,A historical wonder with rich heritage and architecture! Visiting Amer Fort was amazing.
13,5,852,4,A historical wonder with rich heritage and architecture! Visiting Hawa Mahal was amazing.
14,5,952,2,A historical wonder with rich heritage and architecture! Visiting Hawa Mahal was amazing.
15,5,697,5,A historical wonder with rich heritage and architecture! Visiting Hawa Mahal was amazing.
16,6,295,3,A historical wonder with rich heritage and architecture! Visiting Humayun's Tomb was amazing.
17,6,1765,3,A historical wonder with rich heritage and architecture! Visiting Humayun's Tomb was amazing.
18,6,1504,3,A historical wonder with rich heritage and architecture! Visiting Humayun's Tomb was amazing.
19,7,1998,4,A historical wonder with rich heritage and architecture! Visiting Qutub Minar was amazing.
20,7,268,3,A historical wonder with rich heritage and architecture! Visiting Qutub Minar was amazing.
21,7,1055,5,A historical wonder with rich heritage and architecture! Visiting Qutub Minar was amazing.
22,8,218,3,A historical wonder with rich heritage and architecture! Visiting Mysore Palace was amazing.
23,8,496,4,A historical wonder with rich heritage and architecture! Visiting Mysore Palace was amazing.
24,8,251,3,A historical wonder with rich heritage and architecture! Visiting Mysore Palace was amazing.
25,9,921,2,A historical wonder with rich heritage and architecture! Visiting India Gate was amazing.
26,9,289,1,A historical wonder with rich heritage and architecture! Visiting India Gate was amazing.
27,9,104,3,A historical wonder with rich heritage and architecture! Visiting India Gate was amazing.
28,10,1937,4,A historical wonder with rich heritage and architecture! Visiting Gateway of India was amazing.
29,10,1770,5,A historical wonder with rich heritage and architecture! Visiting Gateway of India was amazing.
30,10,857,2,A historical wonder with rich heritage and architecture! Visiting Gateway of India was amazing.
31,11,1972,2,A historical wonder with rich heritage and architecture! Visiting Ajanta Caves was amazing.
32,11,1667,3,A historical wonder with rich heritage and architecture! Visiting Ajanta Caves was amazing.
33,11,1913,5,A historical wonder with rich heritage and architecture! Visiting Ajanta Caves was amazing.
34,12,1477,3,A historical wonder with rich heritage and architecture! Visiting Ellora Caves was amazing.
35,12,389,2,A historical wonder with rich heritage and architecture! Visiting Ellora Caves was amazing.
36,12,1021,5,A historical wonder with rich heritage and architecture! Visiting Ellora Caves was amazing.
37,13,957,4,A peaceful and spiritually uplifting destination. Visiting Meenakshi Amman Temple was amazing.
38,13,1801,3,A peaceful and spiritually uplifting destination. Visiting Meenakshi Amman Temple was amazing.
39,13,1019,1,A peaceful and spiritually uplifting destination. Visiting Meenakshi Amman Temple was amazing.
40,14,185,4,A historical wonder with rich heritage and architecture! Visiting Konark Sun Temple was amazing.
41,14,1036,4,A historical wonder with rich heritage and architecture! Visiting Konark Sun Temple was amazing.
42,14,1980,2,A historical wonder with rich heritage and architecture! Visiting Konark Sun Temple was amazing.
43,15,441,5,A peaceful and spiritually uplifting destination. Visiting Jagannath Temple was amazing.
44,15,723,1,A peaceful and spiritually uplifting destination. Visiting Jagannath Temple was amazing.
45,15,104,3,A peaceful and spiritually uplifting destination. Visiting Jagannath Temple was amazing.
46,16,1014,5,A historical wonder with rich heritage and architecture! Visiting Statue of Unity was amazing.
47,16,1808,4,A historical wonder with rich heritage and architecture! Visiting Statue of Unity was amazing.
48,16,586,5,A historical wonder with rich heritage and architecture! Visiting Statue of Unity was amazing.
49,17,17,1,A historical wonder with rich heritage and architecture! Visiting Hampi Monuments was amazing.
50,17,883,2,A historical wonder with rich heritage and architecture! Visiting Hampi Monuments was amazing.
51,17,1808,3,A historical wonder with rich heritage and architecture! Visiting Hampi Monuments was amazing.
52,18,1490,3,A peaceful and spiritually uplifting destination. Visiting Brihadeeswara Temple was amazing.
53,18,1565,4,A peaceful and spiritually uplifting destination. Visiting Brihadeeswara Temple was amazing.
54,18,750,1,A peaceful and spiritually uplifting destination. Visiting Brihadeeswara Temple was amazing.
55,19,821,1,A historical wonder with rich heritage and architecture! Visiting Charminar was amazing.
56,19,1168,5,A historical wonder with rich heritage and architecture! Visiting Charminar was amazing.
57,19,399,3,A historical wonder with rich heritage and architecture! Visiting Charminar was amazing.
58,20,1134,3,A historical wonder with rich heritage and architecture! Visiting Golconda Fort was amazing.
59,20,151,4,A historical wonder with rich heritage and architecture! Visiting Golconda Fort was amazing.
60,20,1033,4,A historical wonder with rich heritage and architecture! Visiting Golconda Fort was amazing.
61,21,1566,5,Incredible natural beauty with scenic landscapes! Visiting Dal Lake was amazing.
62,21,573,5,Incredible natural beauty with scenic landscapes! Visiting Dal Lake was amazing.
63,21,1394,5,Incredible natural beauty with scenic landscapes! Visiting Dal Lake was amazing.
64,22,244,2,Incredible natural beauty with scenic landscapes! Visiting Pangong Lake was amazing.
65,22,1997,1,Incredible natural beauty with scenic landscapes! Visiting Pangong Lake was amazing.
66,22,807,3,Incredible natural beauty with scenic landscapes! Visiting Pangong Lake was amazing.
67,23,1628,3,Incredible natural beauty with scenic landscapes! Visiting Alleppey Backwaters was amazing.
68,23,1143,3,Incredible natural beauty with scenic landscapes! Visiting Alleppey Backwaters was amazing.
69,23,1547,2,Incredible natural beauty with scenic landscapes! Visiting Alleppey Backwaters was amazing.
70,24,408,5,Incredible natural beauty with scenic landscapes! Visiting Munnar Tea Gardens was amazing.
71,24,1043,4,Incredible natural beauty with scenic landscapes! Visiting Munnar Tea Gardens was amazing.
72,24,1025,1,Incredible natural beauty with scenic landscapes! Visiting Munnar Tea Gardens was amazing.
73,25,93,1,Incredible natural beauty with scenic landscapes! Visiting Kaziranga National Park was amazing.
74,25,281,3,Incredible natural beauty with scenic landscapes! Visiting Kaziranga National Park was amazing.
75,25,1647,4,Incredible natural beauty with scenic landscapes! Visiting Kaziranga National Park was amazing.
76,26,1064,4,Incredible natural beauty with scenic landscapes! Visiting Jim Corbett National Park was amazing.
77,26,306,5,Incredible natural beauty with scenic landscapes! Visiting Jim Corbett National Park was amazing.
78,26,1830,5,Incredible natural beauty with scenic landscapes! Visiting Jim Corbett National Park was amazing.
79,27,287,3,Incredible natural beauty with scenic landscapes! Visiting Ranthambore National Park was amazing.
80,27,1908,5,Incredible natural beauty with scenic landscapes! Visiting Ranthambore National Park was amazing.
81,27,653,2,Incredible natural beauty with scenic landscapes! Visiting Ranthambore National Park was amazing.
82,28,805,5,Incredible natural beauty with scenic landscapes! Visiting Valley of Flowers was amazing.
83,28,1515,3,Incredible natural beauty with scenic landscapes! Visiting Valley of Flowers was amazing.
84,28,1216,3,Incredible natural beauty with scenic landscapes! Visiting Valley of Flowers was amazing.
85,29,1039,5,Thrilling adventure activities and excitement! Visiting Rohtang Pass was amazing.
86,29,1091,4,Thrilling adventure activities and excitement! Visiting Rohtang Pass was amazing.
87,29,1452,5,Thrilling adventure activities and excitement! Visiting Rohtang Pass was amazing.
88,30,614,4,A peaceful and spiritually uplifting destination. Visiting Badrinath Temple was amazing.
89,30,1671,1,A peaceful and spiritually uplifting destination. Visiting Badrinath Temple was amazing.
90,30,755,3,A peaceful and spiritually uplifting destination. Visiting Badrinath Temple was amazing.
91,31,1380,1,A peaceful and spiritually uplifting destination. Visiting Kedarnath Temple was amazing.
92,31,854,5,A peaceful and spiritually uplifting destination. Visiting Kedarnath Temple was amazing.
93,31,631,1,A peaceful and spiritually uplifting destination. Visiting Kedarnath Temple was amazing.
94,32,1223,4,A peaceful and spiritually uplifting destination. Visiting Somnath Temple was amazing.
95,32,544,5,A peaceful and spiritually uplifting destination. Visiting Somnath Temple was amazing.
96,32,1183,2,A peaceful and spiritually uplifting destination. Visiting Somnath Temple was amazing.
97,33,1478,1,A peaceful and spiritually uplifting destination. Visiting Dwarkadhish Temple was amazing.
98,33,1196,4,A peaceful and spiritually uplifting destination. Visiting Dwarkadhish Temple was amazing.
99,33,350,5,A peaceful and spiritually uplifting destination. Visiting Dwarkadhish Temple was amazing.
100,34,1289,5,A historical wonder with rich heritage and architecture! Visiting Rani Ki Vav was amazing.
101,34,1587,4,A historical wonder with rich heritage and architecture! Visiting Rani Ki Vav was amazing.
102,34,303,2,A historical wonder with rich heritage and architecture! Visiting Rani Ki Vav was amazing.
103,35,65,5,A historical wonder with rich heritage and architecture! Visiting Sanchi Stupa was amazing.
104,35,1942,1,A historical wonder with rich heritage and architecture! Visiting Sanchi Stupa was amazing.
105,35,391,1,A historical wonder with rich heritage and architecture! Visiting Sanchi Stupa was amazing.
106,36,904,3,A historical wonder with rich heritage and architecture! Visiting Khajuraho Temples was amazing.
107,36,858,2,A historical wonder with rich heritage and architecture! Visiting Khajuraho Temples was amazing.
108,36,846,2,A historical wonder with rich heritage and architecture! Visiting Khajuraho Temples was amazing.
109,37,841,5,A historical wonder with rich heritage and architecture! Visiting Victoria Memorial was amazing.
110,37,1588,5,A historical wonder with rich heritage and architecture! Visiting Victoria Memorial was amazing.
111,37,1886,4,A historical wonder with rich heritage and architecture! Visiting Victoria Memorial was amazing.
112,38,1788,1,A historical wonder with rich heritage and architecture! Visiting Cellular Jail was amazing.
113,38,1446,2,A historical wonder with rich heritage and architecture! Visiting Cellular Jail was amazing.
114,38,1063,2,A historical wonder with rich heritage and architecture! Visiting Cellular Jail was amazing.
115,39,1149,3,A peaceful and spiritually uplifting destination. Visiting Mahabodhi Temple was amazing.
116,39,1357,4,A peaceful and spiritually uplifting destination. Visiting Mahabodhi Temple was amazing.
117,39,1077,4,A peaceful and spiritually uplifting destination. Visiting Mahabodhi Temple was amazing.
118,40,643,2,A historical wonder with rich heritage and architecture! Visiting Nalanda University Ruins was amazing.
119,40,942,5,A historical wonder with rich heritage and architecture! Visiting Nalanda University Ruins was amazing.
120,40,702,5,A historical wonder with rich heritage and architecture! Visiting Nalanda University Ruins was amazing.
121,41,726,3,A peaceful and spiritually uplifting destination. Visiting Sarnath Buddhist Site was amazing.
122,41,1250,4,A peaceful and spiritually uplifting destination. Visiting Sarnath Buddhist Site was amazing.
123,41,394,2,A peaceful and spiritually uplifting destination. Visiting Sarnath Buddhist Site was amazing.
124,42,572,5,A peaceful and spiritually uplifting destination. Visiting Kashi Vishwanath Temple was amazing.
125,42,612,2,A peaceful and spiritually uplifting destination. Visiting Kashi Vishwanath Temple was amazing.
126,42,1929,3,A peaceful and spiritually uplifting destination. Visiting Kashi Vishwanath Temple was amazing.
127,43,1580,3,Loved the beaches and relaxing coastal vibes! Visiting Marina Beach was amazing.
128,43,1444,2,Loved the beaches and relaxing coastal vibes! Visiting Marina Beach was amazing.
129,43,1414,4,Loved the beaches and relaxing coastal vibes! Visiting Marina Beach was amazing.
130,44,650,4,Incredible natural beauty with scenic landscapes! Visiting Ooty Lake was amazing.
131,44,715,5,Incredible natural beauty with scenic landscapes! Visiting Ooty Lake was amazing.
132,44,1913,3,Incredible natural beauty with scenic landscapes! Visiting Ooty Lake was amazing.
133,45,590,1,Incredible natural beauty with scenic landscapes! Visiting Kodaikanal Lake was amazing.
134,45,1175,5,Incredible natural beauty with scenic landscapes! Visiting Kodaikanal Lake was amazing.
135,45,778,4,Incredible natural beauty with scenic landscapes! Visiting Kodaikanal Lake was amazing.
136,46,1677,3,Incredible natural beauty with scenic landscapes! Visiting Coorg Coffee Estates was amazing.
137,46,1956,2,Incredible natural beauty with scenic landscapes! Visiting Coorg Coffee Estates was amazing.
138,46,595,1,Incredible natural beauty with scenic landscapes! Visiting Coorg Coffee Estates was amazing.
139,47,590,1,Incredible natural beauty with scenic landscapes! Visiting Jog Falls was amazing.
140,47,710,4,Incredible natural beauty with scenic landscapes! Visiting Jog Falls was amazing.
141,47,1344,3,Incredible natural beauty with scenic landscapes! Visiting Jog Falls was amazing.
142,48,1531,4,A peaceful and spiritually uplifting destination. Visiting Shirdi Sai Baba Temple was amazing.
143,48,439,2,A peaceful and spiritually uplifting destination. Visiting Shirdi Sai Baba Temple was amazing.
144,48,1696,5,A peaceful and spiritually uplifting destination. Visiting Shirdi Sai Baba Temple was amazing.
145,49,556,5,A historical wonder with rich heritage and architecture! Visiting Elephanta Caves was amazing.
146,49,1426,3,A historical wonder with rich heritage and architecture! Visiting Elephanta Caves was amazing.
147,49,282,1,A historical wonder with rich heritage and architecture! Visiting Elephanta Caves was amazing.
148,50,1261,5,A historical wonder with rich heritage and architecture! Visiting Sabarmati Ashram was amazing.
149,50,491,2,A historical wonder with rich heritage and architecture! Visiting Sabarmati Ashram was amazing.
150,50,104,5,A historical wonder with rich heritage and architecture! Visiting Sabarmati Ashram was amazing.
151,51,463,2,Incredible natural beauty with scenic landscapes! Visiting Rann of Kutch was amazing.
152,51,108,1,Incredible natural beauty with scenic landscapes! Visiting Rann of Kutch was amazing.
153,51,847,3,Incredible natural beauty with scenic landscapes! Visiting Rann of Kutch was amazing.
154,52,1470,4,Incredible natural beauty with scenic landscapes! Visiting Gir National Park was amazing.
155,52,206,2,Incredible natural beauty with scenic landscapes! Visiting Gir National Park was amazing.
156,52,11,5,Incredible natural beauty with scenic landscapes! Visiting Gir National Park was amazing.
157,53,1903,2,A peaceful and spiritually uplifting destination. Visiting Basilica of Bom Jesus was amazing.
158,53,834,4,A peaceful and spiritually uplifting destination. Visiting Basilica of Bom Jesus was amazing.
159,53,978,2,A peaceful and spiritually uplifting destination. Visiting Basilica of Bom Jesus was amazing.
160,54,1549,3,Incredible natural beauty with scenic landscapes! Visiting Dudhsagar Falls was amazing.
161,54,658,3,Incredible natural beauty with scenic landscapes! Visiting Dudhsagar Falls was amazing.
162,54,1323,1,Incredible natural beauty with scenic landscapes! Visiting Dudhsagar Falls was amazing.
163,55,1860,1,Loved the beaches and relaxing coastal vibes! Visiting Palolem Beach was amazing.
164,55,1336,5,Loved the beaches and relaxing coastal vibes! Visiting Palolem Beach was amazing.
165,55,476,5,Loved the beaches and relaxing coastal vibes! Visiting Palolem Beach was amazing.
166,56,1513,1,A peaceful and spiritually uplifting destination. Visiting Tirumala Venkateswara was amazing.
167,56,1871,2,A peaceful and spiritually uplifting destination. Visiting Tirumala Venkateswara was amazing.
168,56,856,2,A peaceful and spiritually uplifting destination. Visiting Tirumala Venkateswara was amazing.
169,57,1913,1,Incredible natural beauty with scenic landscapes! Visiting Araku Valley was amazing.
170,57,1713,4,Incredible natural beauty with scenic landscapes! Visiting Araku Valley was amazing.
171,57,1614,4,Incredible natural beauty with scenic landscapes! Visiting Araku Valley was amazing.
172,58,382,3,Incredible natural beauty with scenic landscapes! Visiting Borra Caves was amazing.
173,58,1796,1,Incredible natural beauty with scenic landscapes! Visiting Borra Caves was amazing.
174,58,19,3,Incredible natural beauty with scenic landscapes! Visiting Borra Caves was amazing.
175,59,1164,5,Incredible natural beauty with scenic landscapes! Visiting Sundarbans National Park was amazing.
176,59,220,3,Incredible natural beauty with scenic landscapes! Visiting Sundarbans National Park was amazing.
177,59,583,4,Incredible natural beauty with scenic landscapes! Visiting Sundarbans National Park was amazing.
178,60,1314,5,A historical wonder with rich heritage and architecture! Visiting Darjeeling Railway was amazing.
179,60,1074,4,A historical wonder with rich heritage and architecture! Visiting Darjeeling Railway was amazing.
180,60,1822,2,A historical wonder with rich heritage and architecture! Visiting Darjeeling Railway was amazing.
181,61,1743,5,A peaceful and spiritually uplifting destination. Visiting Tawang Monastery was amazing.
182,61,959,3,A peaceful and spiritually uplifting destination. Visiting Tawang Monastery was amazing.
183,61,395,1,A peaceful and spiritually uplifting destination. Visiting Tawang Monastery was amazing.
184,62,678,2,Incredible natural beauty with scenic landscapes! Visiting Living Root Bridges was amazing.
185,62,1498,4,Incredible natural beauty with scenic landscapes! Visiting Living Root Bridges was amazing.
186,62,1328,3,Incredible natural beauty with scenic landscapes! Visiting Living Root Bridges was amazing.
187,63,1472,2,A peaceful and spiritually uplifting destination. Visiting Har Ki Pauri was amazing.
188,63,29,3,A peaceful and spiritually uplifting destination. Visiting Har Ki Pauri was amazing.
189,63,1620,3,A peaceful and spiritually uplifting destination. Visiting Har Ki Pauri was amazing.
190,64,1163,2,A historical wonder with rich heritage and architecture! Visiting Lakshman Jhula was amazing.
191,64,360,5,A historical wonder with rich heritage and architecture! Visiting Lakshman Jhula was amazing.
192,64,1754,4,A historical wonder with rich heritage and architecture! Visiting Lakshman Jhula was amazing.
193,65,1694,4,Incredible natural beauty with scenic landscapes! Visiting Naini Lake was amazing.
194,65,1056,3,Incredible natural beauty with scenic landscapes! Visiting Naini Lake was amazing.
195,65,178,4,Incredible natural beauty with scenic landscapes! Visiting Naini Lake was amazing.
196,66,1371,1,A historical wonder with rich heritage and architecture! Visiting Wagah Border was amazing.
197,66,379,2,A historical wonder with rich heritage and architecture! Visiting Wagah Border was amazing.
198,66,978,3,A historical wonder with rich heritage and architecture! Visiting Wagah Border was amazing.
199,67,1917,2,A historical wonder with rich heritage and architecture! Visiting Jallianwala Bagh was amazing.
200,67,14,3,A historical wonder with rich heritage and architecture! Visiting Jallianwala Bagh was amazing.
201,67,786,2,A historical wonder with rich heritage and architecture! Visiting Jallianwala Bagh was amazing.
202,68,915,3,Incredible natural beauty with scenic landscapes! Visiting Rock Garden was amazing.
203,68,1954,3,Incredible natural beauty with scenic landscapes! Visiting Rock Garden was amazing.
204,68,619,5,Incredible natural beauty with scenic landscapes! Visiting Rock Garden was amazing.
205,69,1481,5,A historical wonder with rich heritage and architecture! Visiting Fort Kochi was amazing.
206,69,24,3,A historical wonder with rich heritage and architecture! Visiting Fort Kochi was amazing.
207,69,1339,3,A historical wonder with rich heritage and architecture! Visiting Fort Kochi was amazing.
208,70,1419,2,Loved the beaches and relaxing coastal vibes! Visiting Varkala Cliff was amazing.
209,70,128,1,Loved the beaches and relaxing coastal vibes! Visiting Varkala Cliff was amazing.
210,70,954,3,Loved the beaches and relaxing coastal vibes! Visiting Varkala Cliff was amazing.
211,71,328,4,A historical wonder with rich heritage and architecture! Visiting Clive's House was amazing.
212,71,1406,5,A historical wonder with rich heritage and architecture! Visiting Clive's House was amazing.
213,71,1891,3,A historical wonder with rich heritage and architecture! Visiting Clive's House was amazing.
214,72,1414,1,A historical wonder with rich heritage and architecture! Visiting King's Barracks was amazing.
215,72,1309,3,A historical wonder with rich heritage and architecture! Visiting King's Barracks was amazing.
216,72,753,5,A historical wonder with rich heritage and architecture! Visiting King's Barracks was amazing.
217,73,453,2,A peaceful and spiritually uplifting destination. Visiting St. Mary's Church was amazing.
218,73,1961,2,A peaceful and spiritually uplifting destination. Visiting St. Mary's Church was amazing.
219,73,980,2,A peaceful and spiritually uplifting destination. Visiting St. Mary's Church was amazing.
220,74,932,5,A historical wonder with rich heritage and architecture! Visiting Gingee Fort was amazing.
221,74,766,4,A historical wonder with rich heritage and architecture! Visiting Gingee Fort was amazing.
222,74,1438,5,A historical wonder with rich heritage and architecture! Visiting Gingee Fort was amazing.
223,75,1870,4,A historical wonder with rich heritage and architecture! Visiting Rajagiri Hill was amazing.
224,75,1552,5,A historical wonder with rich heritage and architecture! Visiting Rajagiri Hill was amazing.
225,75,1643,2,A historical wonder with rich heritage and architecture! Visiting Rajagiri Hill was amazing.
226,76,1561,2,A historical wonder with rich heritage and architecture! Visiting Krishnagiri Fort was amazing.
227,76,1394,5,A historical wonder with rich heritage and architecture! Visiting Krishnagiri Fort was amazing.
228,76,1789,1,A historical wonder with rich heritage and architecture! Visiting Krishnagiri Fort was amazing.
229,77,1077,4,A peaceful and spiritually uplifting destination. Visiting Venkataramana Temple was amazing.
230,77,1082,3,A peaceful and spiritually uplifting destination. Visiting Venkataramana Temple was amazing.
231,77,160,5,A peaceful and spiritually uplifting destination. Visiting Venkataramana Temple was amazing.
232,78,230,1,A historical wonder with rich heritage and architecture! Visiting Dutch Cemetery was amazing.
233,78,1698,5,A historical wonder with rich heritage and architecture! Visiting Dutch Cemetery was amazing.
234,78,1850,5,A historical wonder with rich heritage and architecture! Visiting Dutch Cemetery was amazing.
235,79,415,5,A peaceful and spiritually uplifting destination. Visiting Kailasanatha Temple was amazing.
236,79,1100,2,A peaceful and spiritually uplifting destination. Visiting Kailasanatha Temple was amazing.
237,79,337,3,A peaceful and spiritually uplifting destination. Visiting Kailasanatha Temple was amazing.
238,80,1750,5,A peaceful and spiritually uplifting destination. Visiting Vaikuntaperumal Temple was amazing.
239,80,905,1,A peaceful and spiritually uplifting destination. Visiting Vaikuntaperumal Temple was amazing.
240,80,1394,2,A peaceful and spiritually uplifting destination. Visiting Vaikuntaperumal Temple was amazing.
241,81,1469,5,A historical wonder with rich heritage and architecture! Visiting Tipu Sultan Palace was amazing.
242,81,1002,1,A historical wonder with rich heritage and architecture! Visiting Tipu Sultan Palace was amazing.
243,81,1841,5,A historical wonder with rich heritage and architecture! Visiting Tipu Sultan Palace was amazing.
244,82,913,1,A historical wonder with rich heritage and architecture! Visiting Devanahalli Fort was amazing.
245,82,929,2,A historical wonder with rich heritage and architecture! Visiting Devanahalli Fort was amazing.
246,82,1052,4,A historical wonder with rich heritage and architecture! Visiting Devanahalli Fort was amazing.
247,83,936,5,A historical wonder with rich heritage and architecture! Visiting Gol Gumbaz was amazing.
248,83,119,5,A historical wonder with rich heritage and architecture! Visiting Gol Gumbaz was amazing.
249,83,947,3,A historical wonder with rich heritage and architecture! Visiting Gol Gumbaz was amazing.
250,84,1482,1,A historical wonder with rich heritage and architecture! Visiting Srirangapatna Fort was amazing.
251,84,811,3,A historical wonder with rich heritage and architecture! Visiting Srirangapatna Fort was amazing.
252,84,1673,1,A historical wonder with rich heritage and architecture! Visiting Srirangapatna Fort was amazing.
253,85,1528,2,A historical wonder with rich heritage and architecture! Visiting Daria Daulat Bagh was amazing.
254,85,1185,1,A historical wonder with rich heritage and architecture! Visiting Daria Daulat Bagh was amazing.
255,85,93,4,A historical wonder with rich heritage and architecture! Visiting Daria Daulat Bagh was amazing.
256,86,706,1,A peaceful and spiritually uplifting destination. Visiting Halebidu Temple was amazing.
257,86,1109,1,A peaceful and spiritually uplifting destination. Visiting Halebidu Temple was amazing.
258,86,1915,1,A peaceful and spiritually uplifting destination. Visiting Halebidu Temple was amazing.
259,87,1913,4,A peaceful and spiritually uplifting destination. Visiting Belur Temple was amazing.
260,87,65,3,A peaceful and spiritually uplifting destination. Visiting Belur Temple was amazing.
261,87,838,2,A peaceful and spiritually uplifting destination. Visiting Belur Temple was amazing.
262,88,1575,2,A historical wonder with rich heritage and architecture! Visiting Badami Caves was amazing.
263,88,1569,4,A historical wonder with rich heritage and architecture! Visiting Badami Caves was amazing.
264,88,767,4,A historical wonder with rich heritage and architecture! Visiting Badami Caves was amazing.
265,89,919,4,A historical wonder with rich heritage and architecture! Visiting Pattadakal Group was amazing.
266,89,770,1,A historical wonder with rich heritage and architecture! Visiting Pattadakal Group was amazing.
267,89,1399,5,A historical wonder with rich heritage and architecture! Visiting Pattadakal Group was amazing.
268,90,273,3,A historical wonder with rich heritage and architecture! Visiting Aihole Temples was amazing.
269,90,243,2,A historical wonder with rich heritage and architecture! Visiting Aihole Temples was amazing.
270,90,1101,4,A historical wonder with rich heritage and architecture! Visiting Aihole Temples was amazing.
271,91,1084,2,A historical wonder with rich heritage and architecture! Visiting Daulatabad Fort was amazing.
272,91,1491,2,A historical wonder with rich heritage and architecture! Visiting Daulatabad Fort was amazing.
273,91,1710,1,A historical wonder with rich heritage and architecture! Visiting Daulatabad Fort was amazing.
274,92,1549,1,Incredible natural beauty with scenic landscapes! Visiting Lonar Lake was amazing.
275,92,612,4,Incredible natural beauty with scenic landscapes! Visiting Lonar Lake was amazing.
276,92,1380,5,Incredible natural beauty with scenic landscapes! Visiting Lonar Lake was amazing.
277,93,869,5,A historical wonder with rich heritage and architecture! Visiting Shivneri Fort was amazing.
278,93,777,2,A historical wonder with rich heritage and architecture! Visiting Shivneri Fort was amazing.
279,93,507,4,A historical wonder with rich heritage and architecture! Visiting Shivneri Fort was amazing.
280,94,709,2,A historical wonder with rich heritage and architecture! Visiting Bassein Fort was amazing.
281,94,565,2,A historical wonder with rich heritage and architecture! Visiting Bassein Fort was amazing.
282,94,1920,1,A historical wonder with rich heritage and architecture! Visiting Bassein Fort was amazing.
283,95,66,4,A historical wonder with rich heritage and architecture! Visiting Bibi Ka Maqbara was amazing.
284,95,1260,1,A historical wonder with rich heritage and architecture! Visiting Bibi Ka Maqbara was amazing.
285,95,493,2,A historical wonder with rich heritage and architecture! Visiting Bibi Ka Maqbara was amazing.
286,96,138,1,A historical wonder with rich heritage and architecture! Visiting Sun Temple was amazing.
287,96,1217,1,A historical wonder with rich heritage and architecture! Visiting Sun Temple was amazing.
288,96,915,5,A historical wonder with rich heritage and architecture! Visiting Sun Temple was amazing.
289,97,1377,1,A historical wonder with rich heritage and architecture! Visiting Manjarabad Fort was amazing.
290,97,502,1,A historical wonder with rich heritage and architecture! Visiting Manjarabad Fort was amazing.
291,97,824,4,A historical wonder with rich heritage and architecture! Visiting Manjarabad Fort was amazing.
292,98,480,5,A peaceful and spiritually uplifting destination. Visiting Sarkhej Roja was amazing.
293,98,445,1,A peaceful and spiritually uplifting destination. Visiting Sarkhej Roja was amazing.
294,98,287,5,A peaceful and spiritually uplifting destination. Visiting Sarkhej Roja was amazing.
295,99,593,2,A historical wonder with rich heritage and architecture! Visiting Champaner Fort was amazing.
296,99,1671,5,A historical wonder with rich heritage and architecture! Visiting Champaner Fort was amazing.
297,99,654,5,A historical wonder with rich heritage and architecture! Visiting Champaner Fort was amazing.
298,100,1225,3,A peaceful and spiritually uplifting destination. Visiting Surya Pahar was amazing.
299,100,486,3,A peaceful and spiritually uplifting destination. Visiting Surya Pahar was amazing.
300,100,1795,2,A peaceful and spiritually uplifting destination. Visiting Surya Pahar was amazing.
301,101,1353,5,A historical wonder with rich heritage and architecture! Visiting Bhangarh Fort was amazing.
302,101,453,4,A historical wonder with rich heritage and architecture! Visiting Bhangarh Fort was amazing.
303,101,616,3,A historical wonder with rich heritage and architecture! Visiting Bhangarh Fort was amazing.
304,102,125,5,Incredible natural beauty with scenic landscapes! Visiting Fatehsagar Lake was amazing.
305,102,1943,5,Incredible natural beauty with scenic landscapes! Visiting Fatehsagar Lake was amazing.
306,102,1802,2,Incredible natural beauty with scenic landscapes! Visiting Fatehsagar Lake was amazing.
307,103,1283,4,A historical wonder with rich heritage and architecture! Visiting City Palace Udaipur was amazing.
308,103,1139,4,A historical wonder with rich heritage and architecture! Visiting City Palace Udaipur was amazing.
309,103,97,3,A historical wonder with rich heritage and architecture! Visiting City Palace Udaipur was amazing.
310,104,1929,4,Incredible natural beauty with scenic landscapes! Visiting Saheliyon Ki Bari was amazing.
311,104,1610,5,Incredible natural beauty with scenic landscapes! Visiting Saheliyon Ki Bari was amazing.
312,104,653,4,Incredible natural beauty with scenic landscapes! Visiting Saheliyon Ki Bari was amazing.
313,105,837,2,A peaceful and spiritually uplifting destination. Visiting Eklingji Temple was amazing.
314,105,615,4,A peaceful and spiritually uplifting destination. Visiting Eklingji Temple was amazing.
315,105,377,5,A peaceful and spiritually uplifting destination. Visiting Eklingji Temple was amazing.
316,106,970,2,A peaceful and spiritually uplifting destination. Visiting Dilwara Temples was amazing.
317,106,1740,2,A peaceful and spiritually uplifting destination. Visiting Dilwara Temples was amazing.
318,106,616,2,A peaceful and spiritually uplifting destination. Visiting Dilwara Temples was amazing.
319,107,1651,4,Incredible natural beauty with scenic landscapes! Visiting Nakki Lake was amazing.
320,107,1874,1,Incredible natural beauty with scenic landscapes! Visiting Nakki Lake was amazing.
321,107,1152,4,Incredible natural beauty with scenic landscapes! Visiting Nakki Lake was amazing.
322,108,1983,4,Incredible natural beauty with scenic landscapes! Visiting Guru Shikhar was amazing.
323,108,1142,5,Incredible natural beauty with scenic landscapes! Visiting Guru Shikhar was amazing.
324,108,275,4,Incredible natural beauty with scenic landscapes! Visiting Guru Shikhar was amazing.
325,109,498,3,A historical wonder with rich heritage and architecture! Visiting Junagarh Fort was amazing.
326,109,417,3,A historical wonder with rich heritage and architecture! Visiting Junagarh Fort was amazing.
327,109,1325,1,A historical wonder with rich heritage and architecture! Visiting Junagarh Fort was amazing.
328,110,1889,4,A peaceful and spiritually uplifting destination. Visiting Karni Mata Temple was amazing.
329,110,1735,3,A peaceful and spiritually uplifting destination. Visiting Karni Mata Temple was amazing.
330,110,190,5,A peaceful and spiritually uplifting destination. Visiting Karni Mata Temple was amazing.
331,111,1484,2,A peaceful and spiritually uplifting destination. Visiting Pushkar Lake was amazing.
332,111,106,3,A peaceful and spiritually uplifting destination. Visiting Pushkar Lake was amazing.
333,111,773,5,A peaceful and spiritually uplifting destination. Visiting Pushkar Lake was amazing.
334,112,1235,1,A peaceful and spiritually uplifting destination. Visiting Brahma Temple was amazing.
335,112,1790,1,A peaceful and spiritually uplifting destination. Visiting Brahma Temple was amazing.
336,112,386,5,A peaceful and spiritually uplifting destination. Visiting Brahma Temple was amazing.
337,113,1484,5,A historical wonder with rich heritage and architecture! Visiting Chittorgarh Fort was amazing.
338,113,445,4,A historical wonder with rich heritage and architecture! Visiting Chittorgarh Fort was amazing.
339,113,428,3,A historical wonder with rich heritage and architecture! Visiting Chittorgarh Fort was amazing.
340,114,621,1,A historical wonder with rich heritage and architecture! Visiting Ranthambore Fort was amazing.
341,114,434,2,A historical wonder with rich heritage and architecture! Visiting Ranthambore Fort was amazing.
342,114,1971,1,A historical wonder with rich heritage and architecture! Visiting Ranthambore Fort was amazing.
343,115,1530,4,Incredible natural beauty with scenic landscapes! Visiting Bharatpur Bird Sanctuary was amazing.
344,115,1873,2,Incredible natural beauty with scenic landscapes! Visiting Bharatpur Bird Sanctuary was amazing.
345,115,1425,5,Incredible natural beauty with scenic landscapes! Visiting Bharatpur Bird Sanctuary was amazing.
346,116,1442,2,A historical wonder with rich heritage and architecture! Visiting Deeg Palace was amazing.
347,116,813,2,A historical wonder with rich heritage and architecture! Visiting Deeg Palace was amazing.
348,116,1131,3,A historical wonder with rich heritage and architecture! Visiting Deeg Palace was amazing.
349,117,1589,3,A historical wonder with rich heritage and architecture! Visiting Taragarh Fort was amazing.
350,117,780,4,A historical wonder with rich heritage and architecture! Visiting Taragarh Fort was amazing.
351,117,1093,3,A historical wonder with rich heritage and architecture! Visiting Taragarh Fort was amazing.
352,118,632,3,A historical wonder with rich heritage and architecture! Visiting Raniji Ki Baori was amazing.
353,118,737,5,A historical wonder with rich heritage and architecture! Visiting Raniji Ki Baori was amazing.
354,118,1808,4,A historical wonder with rich heritage and architecture! Visiting Raniji Ki Baori was amazing.
355,119,955,1,A historical wonder with rich heritage and architecture! Visiting Jaisalmer War Museum was amazing.
356,119,1645,4,A historical wonder with rich heritage and architecture! Visiting Jaisalmer War Museum was amazing.
357,119,1560,3,A historical wonder with rich heritage and architecture! Visiting Jaisalmer War Museum was amazing.
358,120,1873,2,Thrilling adventure activities and excitement! Visiting Sam Sand Dunes was amazing.
359,120,760,3,Thrilling adventure activities and excitement! Visiting Sam Sand Dunes was amazing.
360,120,848,1,Thrilling adventure activities and excitement! Visiting Sam Sand Dunes was amazing.
361,121,1153,2,A historical wonder with rich heritage and architecture! Visiting Patwon Ki Haveli was amazing.
362,121,1519,2,A historical wonder with rich heritage and architecture! Visiting Patwon Ki Haveli was amazing.
363,121,34,3,A historical wonder with rich heritage and architecture! Visiting Patwon Ki Haveli was amazing.
364,122,1134,5,Incredible natural beauty with scenic landscapes! Visiting Gadisar Lake was amazing.
365,122,1187,4,Incredible natural beauty with scenic landscapes! Visiting Gadisar Lake was amazing.
366,122,605,2,Incredible natural beauty with scenic landscapes! Visiting Gadisar Lake was amazing.
367,123,402,3,A historical wonder with rich heritage and architecture! Visiting Kuldhara Village was amazing.
368,123,472,4,A historical wonder with rich heritage and architecture! Visiting Kuldhara Village was amazing.
369,123,1167,2,A historical wonder with rich heritage and architecture! Visiting Kuldhara Village was amazing.
370,124,1023,5,A historical wonder with rich heritage and architecture! Visiting Jaswant Thada was amazing.
371,124,1341,3,A historical wonder with rich heritage and architecture! Visiting Jaswant Thada was amazing.
372,124,528,4,A historical wonder with rich heritage and architecture! Visiting Jaswant Thada was amazing.
373,125,1980,4,A historical wonder with rich heritage and architecture! Visiting Umaid Bhawan Palace was amazing.
374,125,944,2,A historical wonder with rich heritage and architecture! Visiting Umaid Bhawan Palace was amazing.
375,125,1501,3,A historical wonder with rich heritage and architecture! Visiting Umaid Bhawan Palace was amazing.
376,126,347,2,Incredible natural beauty with scenic landscapes! Visiting Mandore Gardens was amazing.
377,126,1476,5,Incredible natural beauty with scenic landscapes! Visiting Mandore Gardens was amazing.
378,126,1001,2,Incredible natural beauty with scenic landscapes! Visiting Mandore Gardens was amazing.
379,127,1878,5,Incredible natural beauty with scenic landscapes! Visiting Kaylana Lake was amazing.
380,127,1315,1,Incredible natural beauty with scenic landscapes! Visiting Kaylana Lake was amazing.
381,127,1074,1,Incredible natural beauty with scenic landscapes! Visiting Kaylana Lake was amazing.
382,128,1719,1,A historical wonder with rich heritage and architecture! Visiting Chand Baori Stepwell was amazing.
383,128,1936,1,A historical wonder with rich heritage and architecture! Visiting Chand Baori Stepwell was amazing.
384,128,1566,1,A historical wonder with rich heritage and architecture! Visiting Chand Baori Stepwell was amazing.
385,129,845,2,A historical wonder with rich heritage and architecture! Visiting Jaigarh Fort was amazing.
386,129,1726,2,A historical wonder with rich heritage and architecture! Visiting Jaigarh Fort was amazing.
387,129,140,2,A historical wonder with rich heritage and architecture! Visiting Jaigarh Fort was amazing.
388,130,19,2,A historical wonder with rich heritage and architecture! Visiting Nahargarh Fort was amazing.
389,130,1036,4,A historical wonder with rich heritage and architecture! Visiting Nahargarh Fort was amazing.
390,130,765,1,A historical wonder with rich heritage and architecture! Visiting Nahargarh Fort was amazing.
391,131,1266,5,A historical wonder with rich heritage and architecture! Visiting Jantar Mantar was amazing.
392,131,1870,4,A historical wonder with rich heritage and architecture! Visiting Jantar Mantar was amazing.
393,131,1351,4,A historical wonder with rich heritage and architecture! Visiting Jantar Mantar was amazing.
394,132,33,1,A historical wonder with rich heritage and architecture! Visiting Albert Hall Museum was amazing.
395,132,1090,5,A historical wonder with rich heritage and architecture! Visiting Albert Hall Museum was amazing.
396,132,843,1,A historical wonder with rich heritage and architecture! Visiting Albert Hall Museum was amazing.
397,133,35,5,A peaceful and spiritually uplifting destination. Visiting Galta Ji Temple was amazing.
398,133,1480,3,A peaceful and spiritually uplifting destination. Visiting Galta Ji Temple was amazing.
399,133,1098,3,A peaceful and spiritually uplifting destination. Visiting Galta Ji Temple was amazing.
400,134,36,5,A peaceful and spiritually uplifting destination. Visiting Birla Mandir was amazing.
401,134,1666,4,A peaceful and spiritually uplifting destination. Visiting Birla Mandir was amazing.
402,134,1652,2,A peaceful and spiritually uplifting destination. Visiting Birla Mandir was amazing.
403,135,220,1,A wonderful and memorable travel experience! Visiting Chokhi Dhani was amazing.
404,135,1074,2,A wonderful and memorable travel experience! Visiting Chokhi Dhani was amazing.
405,135,494,2,A wonderful and memorable travel experience! Visiting Chokhi Dhani was amazing.
406,136,1270,5,A historical wonder with rich heritage and architecture! Visiting Laxmi Vilas Palace was amazing.
407,136,517,3,A historical wonder with rich heritage and architecture! Visiting Laxmi Vilas Palace was amazing.
408,136,548,4,A historical wonder with rich heritage and architecture! Visiting Laxmi Vilas Palace was amazing.
409,137,162,3,Incredible natural beauty with scenic landscapes! Visiting Sayaji Baug was amazing.
410,137,1965,4,Incredible natural beauty with scenic landscapes! Visiting Sayaji Baug was amazing.
411,137,941,5,Incredible natural beauty with scenic landscapes! Visiting Sayaji Baug was amazing.
412,138,499,2,A historical wonder with rich heritage and architecture! Visiting Champaner-Pavagadh Park was amazing.
413,138,615,1,A historical wonder with rich heritage and architecture! Visiting Champaner-Pavagadh Park was amazing.
414,138,1339,1,A historical wonder with rich heritage and architecture! Visiting Champaner-Pavagadh Park was amazing.
415,139,192,4,A historical wonder with rich heritage and architecture! Visiting Sun Temple Modhera was amazing.
416,139,777,4,A historical wonder with rich heritage and architecture! Visiting Sun Temple Modhera was amazing.
417,139,1132,4,A historical wonder with rich heritage and architecture! Visiting Sun Temple Modhera was amazing.
418,140,115,1,A historical wonder with rich heritage and architecture! Visiting Adalaj Stepwell was amazing.
419,140,1440,2,A historical wonder with rich heritage and architecture! Visiting Adalaj Stepwell was amazing.
420,140,170,4,A historical wonder with rich heritage and architecture! Visiting Adalaj Stepwell was amazing.
421,141,1732,4,A peaceful and spiritually uplifting destination. Visiting Akshardham Temple was amazing.
422,141,1321,3,A peaceful and spiritually uplifting destination. Visiting Akshardham Temple was amazing.
423,141,1159,1,A peaceful and spiritually uplifting destination. Visiting Akshardham Temple was amazing.
424,142,1833,5,A wonderful and memorable travel experience! Visiting Science City was amazing.
425,142,1883,1,A wonderful and memorable travel experience! Visiting Science City was amazing.
426,142,471,2,A wonderful and memorable travel experience! Visiting Science City was amazing.
427,143,1846,5,Incredible natural beauty with scenic landscapes! Visiting Kankaria Lake was amazing.
428,143,974,3,Incredible natural beauty with scenic landscapes! Visiting Kankaria Lake was amazing.
429,143,96,1,Incredible natural beauty with scenic landscapes! Visiting Kankaria Lake was amazing.
430,144,1402,3,A historical wonder with rich heritage and architecture! Visiting Sidi Saiyyed Mosque was amazing.
431,144,1842,5,A historical wonder with rich heritage and architecture! Visiting Sidi Saiyyed Mosque was amazing.
432,144,1155,1,A historical wonder with rich heritage and architecture! Visiting Sidi Saiyyed Mosque was amazing.
433,145,368,3,A wonderful and memorable travel experience! Visiting Calico Museum of Textiles was amazing.
434,145,33,2,A wonderful and memorable travel experience! Visiting Calico Museum of Textiles was amazing.
435,145,1203,2,A wonderful and memorable travel experience! Visiting Calico Museum of Textiles was amazing.
436,146,1541,4,A historical wonder with rich heritage and architecture! Visiting Lothal Ruins was amazing.
437,146,1903,1,A historical wonder with rich heritage and architecture! Visiting Lothal Ruins was amazing.
438,146,613,2,A historical wonder with rich heritage and architecture! Visiting Lothal Ruins was amazing.
439,147,1155,2,A historical wonder with rich heritage and architecture! Visiting Dholavira was amazing.
440,147,1161,4,A historical wonder with rich heritage and architecture! Visiting Dholavira was amazing.
441,147,1387,5,A historical wonder with rich heritage and architecture! Visiting Dholavira was amazing.
442,148,680,4,A historical wonder with rich heritage and architecture! Visiting Vijay Vilas Palace was amazing.
443,148,1548,2,A historical wonder with rich heritage and architecture! Visiting Vijay Vilas Palace was amazing.
444,148,1619,1,A historical wonder with rich heritage and architecture! Visiting Vijay Vilas Palace was amazing.
445,149,1026,3,Loved the beaches and relaxing coastal vibes! Visiting Mandvi Beach was amazing.
446,149,110,1,Loved the beaches and relaxing coastal vibes! Visiting Mandvi Beach was amazing.
447,149,896,2,Loved the beaches and relaxing coastal vibes! Visiting Mandvi Beach was amazing.
448,150,1718,1,Incredible natural beauty with scenic landscapes! Visiting Blackbuck National Park was amazing.
449,150,698,5,Incredible natural beauty with scenic landscapes! Visiting Blackbuck National Park was amazing.
450,150,1575,5,Incredible natural beauty with scenic landscapes! Visiting Blackbuck National Park was amazing.
451,151,1956,5,Incredible natural beauty with scenic landscapes! Visiting Marine National Park was amazing.
452,151,813,3,Incredible natural beauty with scenic landscapes! Visiting Marine National Park was amazing.
453,151,61,3,Incredible natural beauty with scenic landscapes! Visiting Marine National Park was amazing.
454,152,1605,4,A historical wonder with rich heritage and architecture! Visiting Uparkot Fort was amazing.
455,152,1005,2,A historical wonder with rich heritage and architecture! Visiting Uparkot Fort was amazing.
456,152,729,5,A historical wonder with rich heritage and architecture! Visiting Uparkot Fort was amazing.
457,153,1928,4,A historical wonder with rich heritage and architecture! Visiting Mahabat Maqbara was amazing.
458,153,885,2,A historical wonder with rich heritage and architecture! Visiting Mahabat Maqbara was amazing.
459,153,1393,5,A historical wonder with rich heritage and architecture! Visiting Mahabat Maqbara was amazing.
460,154,1354,4,A peaceful and spiritually uplifting destination. Visiting Girnar Hill was amazing.
461,154,176,5,A peaceful and spiritually uplifting destination. Visiting Girnar Hill was amazing.
462,154,605,2,A peaceful and spiritually uplifting destination. Visiting Girnar Hill was amazing.
463,155,1461,1,Loved the beaches and relaxing coastal vibes! Visiting Nagoa Beach was amazing.
464,155,169,3,Loved the beaches and relaxing coastal vibes! Visiting Nagoa Beach was amazing.
465,155,316,4,Loved the beaches and relaxing coastal vibes! Visiting Nagoa Beach was amazing.
466,156,1458,2,A historical wonder with rich heritage and architecture! Visiting Diu Fort was amazing.
467,156,1515,4,A historical wonder with rich heritage and architecture! Visiting Diu Fort was amazing.
468,156,649,3,A historical wonder with rich heritage and architecture! Visiting Diu Fort was amazing.
469,157,219,1,A peaceful and spiritually uplifting destination. Visiting Gangeshwar Mahadev Temple was amazing.
470,157,11,3,A peaceful and spiritually uplifting destination. Visiting Gangeshwar Mahadev Temple was amazing.
471,157,911,3,A peaceful and spiritually uplifting destination. Visiting Gangeshwar Mahadev Temple was amazing.
472,158,1560,3,Loved the beaches and relaxing coastal vibes! Visiting Jampore Beach was amazing.
473,158,210,2,Loved the beaches and relaxing coastal vibes! Visiting Jampore Beach was amazing.
474,158,179,2,Loved the beaches and relaxing coastal vibes! Visiting Jampore Beach was amazing.
475,159,883,4,Loved the beaches and relaxing coastal vibes! Visiting Devka Beach was amazing.
476,159,1141,5,Loved the beaches and relaxing coastal vibes! Visiting Devka Beach was amazing.
477,159,1050,4,Loved the beaches and relaxing coastal vibes! Visiting Devka Beach was amazing.
478,160,212,1,A historical wonder with rich heritage and architecture! Visiting Moti Daman Fort was amazing.
479,160,184,3,A historical wonder with rich heritage and architecture! Visiting Moti Daman Fort was amazing.
480,160,1136,1,A historical wonder with rich heritage and architecture! Visiting Moti Daman Fort was amazing.
481,161,1223,5,A historical wonder with rich heritage and architecture! Visiting Shaniwar Wada was amazing.
482,161,1607,3,A historical wonder with rich heritage and architecture! Visiting Shaniwar Wada was amazing.
483,161,1769,4,A historical wonder with rich heritage and architecture! Visiting Shaniwar Wada was amazing.
484,162,26,3,A historical wonder with rich heritage and architecture! Visiting Aga Khan Palace was amazing.
485,162,848,4,A historical wonder with rich heritage and architecture! Visiting Aga Khan Palace was amazing.
486,162,1596,1,A historical wonder with rich heritage and architecture! Visiting Aga Khan Palace was amazing.
487,163,1485,5,A historical wonder with rich heritage and architecture! Visiting Sinhagad Fort was amazing.
488,163,1854,2,A historical wonder with rich heritage and architecture! Visiting Sinhagad Fort was amazing.
489,163,1172,5,A historical wonder with rich heritage and architecture! Visiting Sinhagad Fort was amazing.
490,164,348,4,A peaceful and spiritually uplifting destination. Visiting Dagdusheth Ganpati Temple was amazing.
491,164,348,2,A peaceful and spiritually uplifting destination. Visiting Dagdusheth Ganpati Temple was amazing.
492,164,551,3,A peaceful and spiritually uplifting destination. Visiting Dagdusheth Ganpati Temple was amazing.
493,165,550,4,A wonderful and memorable travel experience! Visiting Raja Dinkar Kelkar Museum was amazing.
494,165,299,1,A wonderful and memorable travel experience! Visiting Raja Dinkar Kelkar Museum was amazing.
495,165,343,4,A wonderful and memorable travel experience! Visiting Raja Dinkar Kelkar Museum was amazing.
496,166,566,4,Incredible natural beauty with scenic landscapes! Visiting Mulshi Dam was amazing.
497,166,614,4,Incredible natural beauty with scenic landscapes! Visiting Mulshi Dam was amazing.
498,166,1603,1,Incredible natural beauty with scenic landscapes! Visiting Mulshi Dam was amazing.
499,167,740,3,Incredible natural beauty with scenic landscapes! Visiting Lonavala Lake was amazing.
500,167,1934,2,Incredible natural beauty with scenic landscapes! Visiting Lonavala Lake was amazing.
501,167,1477,4,Incredible natural beauty with scenic landscapes! Visiting Lonavala Lake was amazing.
502,168,1217,5,Incredible natural beauty with scenic landscapes! Visiting Tiger Point was amazing.
503,168,401,4,Incredible natural beauty with scenic landscapes! Visiting Tiger Point was amazing.
504,168,220,2,Incredible natural beauty with scenic landscapes! Visiting Tiger Point was amazing.
505,169,624,1,A historical wonder with rich heritage and architecture! Visiting Bhaja Caves was amazing.
506,169,1944,4,A historical wonder with rich heritage and architecture! Visiting Bhaja Caves was amazing.
507,169,681,5,A historical wonder with rich heritage and architecture! Visiting Bhaja Caves was amazing.
508,170,779,3,A historical wonder with rich heritage and architecture! Visiting Karla Caves was amazing.
509,170,902,3,A historical wonder with rich heritage and architecture! Visiting Karla Caves was amazing.
510,170,882,5,A historical wonder with rich heritage and architecture! Visiting Karla Caves was amazing.
511,171,279,3,A historical wonder with rich heritage and architecture! Visiting Lohagad Fort was amazing.
512,171,657,5,A historical wonder with rich heritage and architecture! Visiting Lohagad Fort was amazing.
513,171,1941,2,A historical wonder with rich heritage and architecture! Visiting Lohagad Fort was amazing.
514,172,982,3,A historical wonder with rich heritage and architecture! Visiting Pratapgad Fort was amazing.
515,172,364,4,A historical wonder with rich heritage and architecture! Visiting Pratapgad Fort was amazing.
516,172,1984,3,A historical wonder with rich heritage and architecture! Visiting Pratapgad Fort was amazing.
517,173,597,4,Incredible natural beauty with scenic landscapes! Visiting Venna Lake was amazing.
518,173,1982,5,Incredible natural beauty with scenic landscapes! Visiting Venna Lake was amazing.
519,173,1602,2,Incredible natural beauty with scenic landscapes! Visiting Venna Lake was amazing.
520,174,668,4,Incredible natural beauty with scenic landscapes! Visiting Arthur's Seat was amazing.
521,174,575,4,Incredible natural beauty with scenic landscapes! Visiting Arthur's Seat was amazing.
522,174,748,1,Incredible natural beauty with scenic landscapes! Visiting Arthur's Seat was amazing.
523,175,1909,5,A wonderful and memorable travel experience! Visiting Mapro Garden was amazing.
524,175,410,5,A wonderful and memorable travel experience! Visiting Mapro Garden was amazing.
525,175,1118,2,A wonderful and memorable travel experience! Visiting Mapro Garden was amazing.
526,176,1397,5,Incredible natural beauty with scenic landscapes! Visiting Table Land was amazing.
527,176,56,4,Incredible natural beauty with scenic landscapes! Visiting Table Land was amazing.
528,176,1932,2,Incredible natural beauty with scenic landscapes! Visiting Table Land was amazing.
529,177,898,3,Incredible natural beauty with scenic landscapes! Visiting Parsi Point was amazing.
530,177,1703,1,Incredible natural beauty with scenic landscapes! Visiting Parsi Point was amazing.
531,177,1678,4,Incredible natural beauty with scenic landscapes! Visiting Parsi Point was amazing.
532,178,1379,4,A historical wonder with rich heritage and architecture! Visiting Murud Janjira Fort was amazing.
533,178,286,3,A historical wonder with rich heritage and architecture! Visiting Murud Janjira Fort was amazing.
534,178,496,3,A historical wonder with rich heritage and architecture! Visiting Murud Janjira Fort was amazing.
535,179,1349,2,Loved the beaches and relaxing coastal vibes! Visiting Alibaug Beach was amazing.
536,179,1465,4,Loved the beaches and relaxing coastal vibes! Visiting Alibaug Beach was amazing.
537,179,1617,4,Loved the beaches and relaxing coastal vibes! Visiting Alibaug Beach was amazing.
538,180,152,4,Loved the beaches and relaxing coastal vibes! Visiting Kashid Beach was amazing.
539,180,1225,4,Loved the beaches and relaxing coastal vibes! Visiting Kashid Beach was amazing.
540,180,1193,4,Loved the beaches and relaxing coastal vibes! Visiting Kashid Beach was amazing.
541,181,1095,5,A historical wonder with rich heritage and architecture! Visiting Raigad Fort was amazing.
542,181,1892,4,A historical wonder with rich heritage and architecture! Visiting Raigad Fort was amazing.
543,181,1114,1,A historical wonder with rich heritage and architecture! Visiting Raigad Fort was amazing.
544,182,1620,3,A peaceful and spiritually uplifting destination. Visiting Trimbakeshwar Temple was amazing.
545,182,1437,5,A peaceful and spiritually uplifting destination. Visiting Trimbakeshwar Temple was amazing.
546,182,1217,1,A peaceful and spiritually uplifting destination. Visiting Trimbakeshwar Temple was amazing.
547,183,224,2,A peaceful and spiritually uplifting destination. Visiting Panchavati was amazing.
548,183,1347,3,A peaceful and spiritually uplifting destination. Visiting Panchavati was amazing.
549,183,341,5,A peaceful and spiritually uplifting destination. Visiting Panchavati was amazing.
550,184,91,5,A wonderful and memorable travel experience! Visiting Sula Vineyards was amazing.
551,184,1322,4,A wonderful and memorable travel experience! Visiting Sula Vineyards was amazing.
552,184,1981,3,A wonderful and memorable travel experience! Visiting Sula Vineyards was amazing.
553,185,1978,4,A historical wonder with rich heritage and architecture! Visiting Pandavleni Caves was amazing.
554,185,217,1,A historical wonder with rich heritage and architecture! Visiting Pandavleni Caves was amazing.
555,185,202,3,A historical wonder with rich heritage and architecture! Visiting Pandavleni Caves was amazing.
556,186,455,5,A peaceful and spiritually uplifting destination. Visiting Harihareshwar Temple was amazing.
557,186,1530,5,A peaceful and spiritually uplifting destination. Visiting Harihareshwar Temple was amazing.
558,186,1143,5,A peaceful and spiritually uplifting destination. Visiting Harihareshwar Temple was amazing.
559,187,1409,5,Incredible natural beauty with scenic landscapes! Visiting Tadoba National Park was amazing.
560,187,453,4,Incredible natural beauty with scenic landscapes! Visiting Tadoba National Park was amazing.
561,187,767,4,Incredible natural beauty with scenic landscapes! Visiting Tadoba National Park was amazing.
562,188,949,5,Incredible natural beauty with scenic landscapes! Visiting Pench National Park was amazing.
563,188,1415,5,Incredible natural beauty with scenic landscapes! Visiting Pench National Park was amazing.
564,188,309,3,Incredible natural beauty with scenic landscapes! Visiting Pench National Park was amazing.
565,189,51,4,A peaceful and spiritually uplifting destination. Visiting Deekshabhoomi was amazing.
566,189,215,3,A peaceful and spiritually uplifting destination. Visiting Deekshabhoomi was amazing.
567,189,852,1,A peaceful and spiritually uplifting destination. Visiting Deekshabhoomi was amazing.
568,190,238,2,Incredible natural beauty with scenic landscapes! Visiting Ambazari Lake was amazing.
569,190,714,3,Incredible natural beauty with scenic landscapes! Visiting Ambazari Lake was amazing.
570,190,703,4,Incredible natural beauty with scenic landscapes! Visiting Ambazari Lake was amazing.
571,191,1607,2,A peaceful and spiritually uplifting destination. Visiting Khandoba Temple was amazing.
572,191,1068,4,A peaceful and spiritually uplifting destination. Visiting Khandoba Temple was amazing.
573,191,714,4,A peaceful and spiritually uplifting destination. Visiting Khandoba Temple was amazing.
574,192,200,4,A peaceful and spiritually uplifting destination. Visiting Grishneshwar Temple was amazing.
575,192,1479,4,A peaceful and spiritually uplifting destination. Visiting Grishneshwar Temple was amazing.
576,192,654,1,A peaceful and spiritually uplifting destination. Visiting Grishneshwar Temple was amazing.
577,193,615,1,Incredible natural beauty with scenic landscapes! Visiting Malshej Ghat was amazing.
578,193,1660,1,Incredible natural beauty with scenic landscapes! Visiting Malshej Ghat was amazing.
579,193,47,3,Incredible natural beauty with scenic landscapes! Visiting Malshej Ghat was amazing.
580,194,1328,1,A historical wonder with rich heritage and architecture! Visiting Kanheri Caves was amazing.
581,194,1387,2,A historical wonder with rich heritage and architecture! Visiting Kanheri Caves was amazing.
582,194,1905,2,A historical wonder with rich heritage and architecture! Visiting Kanheri Caves was amazing.
583,195,1057,2,Incredible natural beauty with scenic landscapes! Visiting Sanjay Gandhi National Park was amazing.
584,195,1131,2,Incredible natural beauty with scenic landscapes! Visiting Sanjay Gandhi National Park was amazing.
585,195,678,5,Incredible natural beauty with scenic landscapes! Visiting Sanjay Gandhi National Park was amazing.
586,196,874,4,A peaceful and spiritually uplifting destination. Visiting Global Vipassana Pagoda was amazing.
587,196,475,4,A peaceful and spiritually uplifting destination. Visiting Global Vipassana Pagoda was amazing.
588,196,1290,2,A peaceful and spiritually uplifting destination. Visiting Global Vipassana Pagoda was amazing.
589,197,382,4,A peaceful and spiritually uplifting destination. Visiting Mount Mary Church was amazing.
590,197,811,1,A peaceful and spiritually uplifting destination. Visiting Mount Mary Church was amazing.
591,197,1511,5,A peaceful and spiritually uplifting destination. Visiting Mount Mary Church was amazing.
592,198,1809,2,A peaceful and spiritually uplifting destination. Visiting Haji Ali Dargah was amazing.
593,198,921,5,A peaceful and spiritually uplifting destination. Visiting Haji Ali Dargah was amazing.
594,198,880,4,A peaceful and spiritually uplifting destination. Visiting Haji Ali Dargah was amazing.
595,199,10,2,Loved the beaches and relaxing coastal vibes! Visiting Juhu Beach was amazing.
596,199,422,3,Loved the beaches and relaxing coastal vibes! Visiting Juhu Beach was amazing.
597,199,1541,1,Loved the beaches and relaxing coastal vibes! Visiting Juhu Beach was amazing.
598,200,1183,1,A wonderful and memorable travel experience! Visiting Chhatrapati Shivaji Museum was amazing.
599,200,1638,5,A wonderful and memorable travel experience! Visiting Chhatrapati Shivaji Museum was amazing.
600,200,383,3,A wonderful and memorable travel experience! Visiting Chhatrapati Shivaji Museum was amazing.
601,201,668,2,Incredible natural beauty with scenic landscapes! Visiting Lalbagh Botanical Garden was amazing.
602,201,938,1,Incredible natural beauty with scenic landscapes! Visiting Lalbagh Botanical Garden was amazing.
603,201,538,4,Incredible natural beauty with scenic landscapes! Visiting Lalbagh Botanical Garden was amazing.
604,202,1081,3,Incredible natural beauty with scenic landscapes! Visiting Cubbon Park was amazing.
605,202,1223,4,Incredible natural beauty with scenic landscapes! Visiting Cubbon Park was amazing.
606,202,1252,4,Incredible natural beauty with scenic landscapes! Visiting Cubbon Park was amazing.
607,203,1203,1,Incredible natural beauty with scenic landscapes! Visiting Bannerghatta Biological Park was amazing.
608,203,713,3,Incredible natural beauty with scenic landscapes! Visiting Bannerghatta Biological Park was amazing.
609,203,1732,4,Incredible natural beauty with scenic landscapes! Visiting Bannerghatta Biological Park was amazing.
610,204,1265,2,A peaceful and spiritually uplifting destination. Visiting ISKCON Temple was amazing.
611,204,1667,3,A peaceful and spiritually uplifting destination. Visiting ISKCON Temple was amazing.
612,204,1882,5,A peaceful and spiritually uplifting destination. Visiting ISKCON Temple was amazing.
613,205,1209,1,A wonderful and memorable travel experience! Visiting Visvesvaraya Museum was amazing.
614,205,1377,2,A wonderful and memorable travel experience! Visiting Visvesvaraya Museum was amazing.
615,205,642,1,A wonderful and memorable travel experience! Visiting Visvesvaraya Museum was amazing.
616,206,489,3,Thrilling adventure activities and excitement! Visiting Wonderla was amazing.
617,206,240,2,Thrilling adventure activities and excitement! Visiting Wonderla was amazing.
618,206,765,2,Thrilling adventure activities and excitement! Visiting Wonderla was amazing.
619,207,1047,4,Incredible natural beauty with scenic landscapes! Visiting Nandi Hills was amazing.
620,207,857,5,Incredible natural beauty with scenic landscapes! Visiting Nandi Hills was amazing.
621,207,283,5,Incredible natural beauty with scenic landscapes! Visiting Nandi Hills was amazing.
622,208,786,4,Thrilling adventure activities and excitement! Visiting Skandagiri Hills was amazing.
623,208,381,4,Thrilling adventure activities and excitement! Visiting Skandagiri Hills was amazing.
624,208,1302,5,Thrilling adventure activities and excitement! Visiting Skandagiri Hills was amazing.
625,209,1421,2,Incredible natural beauty with scenic landscapes! Visiting Shivanasamudra Falls was amazing.
626,209,1137,2,Incredible natural beauty with scenic landscapes! Visiting Shivanasamudra Falls was amazing.
627,209,1003,3,Incredible natural beauty with scenic landscapes! Visiting Shivanasamudra Falls was amazing.
628,210,288,2,A historical wonder with rich heritage and architecture! Visiting Talakadu was amazing.
629,210,645,4,A historical wonder with rich heritage and architecture! Visiting Talakadu was amazing.
630,210,1269,1,A historical wonder with rich heritage and architecture! Visiting Talakadu was amazing.
631,211,1773,3,A peaceful and spiritually uplifting destination. Visiting Chamundi Hills was amazing.
632,211,1950,1,A peaceful and spiritually uplifting destination. Visiting Chamundi Hills was amazing.
633,211,993,2,A peaceful and spiritually uplifting destination. Visiting Chamundi Hills was amazing.
634,212,400,4,Incredible natural beauty with scenic landscapes! Visiting Brindavan Gardens was amazing.
635,212,1974,5,Incredible natural beauty with scenic landscapes! Visiting Brindavan Gardens was amazing.
636,212,1036,4,Incredible natural beauty with scenic landscapes! Visiting Brindavan Gardens was amazing.
637,213,838,4,A peaceful and spiritually uplifting destination. Visiting St. Philomena's Cathedral was amazing.
638,213,852,4,A peaceful and spiritually uplifting destination. Visiting St. Philomena's Cathedral was amazing.
639,213,1001,2,A peaceful and spiritually uplifting destination. Visiting St. Philomena's Cathedral was amazing.
640,214,170,5,Incredible natural beauty with scenic landscapes! Visiting Karanji Lake was amazing.
641,214,64,2,Incredible natural beauty with scenic landscapes! Visiting Karanji Lake was amazing.
642,214,599,1,Incredible natural beauty with scenic landscapes! Visiting Karanji Lake was amazing.
643,215,563,2,Incredible natural beauty with scenic landscapes! Visiting Ranganathittu Bird Sanctuary was amazing.
644,215,1102,3,Incredible natural beauty with scenic landscapes! Visiting Ranganathittu Bird Sanctuary was amazing.
645,215,345,4,Incredible natural beauty with scenic landscapes! Visiting Ranganathittu Bird Sanctuary was amazing.
646,216,1159,4,Incredible natural beauty with scenic landscapes! Visiting Abbey Falls was amazing.
647,216,1126,5,Incredible natural beauty with scenic landscapes! Visiting Abbey Falls was amazing.
648,216,232,5,Incredible natural beauty with scenic landscapes! Visiting Abbey Falls was amazing.
649,217,234,3,Incredible natural beauty with scenic landscapes! Visiting Raja's Seat was amazing.
650,217,1588,5,Incredible natural beauty with scenic landscapes! Visiting Raja's Seat was amazing.
651,217,1687,3,Incredible natural beauty with scenic landscapes! Visiting Raja's Seat was amazing.
652,218,1111,1,A peaceful and spiritually uplifting destination. Visiting Tala Kaveri was amazing.
653,218,1557,4,A peaceful and spiritually uplifting destination. Visiting Tala Kaveri was amazing.
654,218,1119,2,A peaceful and spiritually uplifting destination. Visiting Tala Kaveri was amazing.
655,219,871,1,A peaceful and spiritually uplifting destination. Visiting Namdroling Monastery was amazing.
656,219,1508,2,A peaceful and spiritually uplifting destination. Visiting Namdroling Monastery was amazing.
657,219,610,1,A peaceful and spiritually uplifting destination. Visiting Namdroling Monastery was amazing.
658,220,922,3,Thrilling adventure activities and excitement! Visiting Dubare Elephant Camp was amazing.
659,220,714,1,Thrilling adventure activities and excitement! Visiting Dubare Elephant Camp was amazing.
660,220,900,1,Thrilling adventure activities and excitement! Visiting Dubare Elephant Camp was amazing.
661,221,1589,2,Incredible natural beauty with scenic landscapes! Visiting Iruppu Falls was amazing.
662,221,430,5,Incredible natural beauty with scenic landscapes! Visiting Iruppu Falls was amazing.
663,221,1412,3,Incredible natural beauty with scenic landscapes! Visiting Iruppu Falls was amazing.
664,222,1764,5,A peaceful and spiritually uplifting destination. Visiting Murudeshwar Temple was amazing.
665,222,1296,4,A peaceful and spiritually uplifting destination. Visiting Murudeshwar Temple was amazing.
666,222,340,5,A peaceful and spiritually uplifting destination. Visiting Murudeshwar Temple was amazing.
667,223,286,2,Thrilling adventure activities and excitement! Visiting Netrani Island was amazing.
668,223,1667,2,Thrilling adventure activities and excitement! Visiting Netrani Island was amazing.
669,223,1650,1,Thrilling adventure activities and excitement! Visiting Netrani Island was amazing.
670,224,1168,3,Loved the beaches and relaxing coastal vibes! Visiting Om Beach was amazing.
671,224,1091,3,Loved the beaches and relaxing coastal vibes! Visiting Om Beach was amazing.
672,224,1223,5,Loved the beaches and relaxing coastal vibes! Visiting Om Beach was amazing.
673,225,345,3,Loved the beaches and relaxing coastal vibes! Visiting Kudle Beach was amazing.
674,225,1442,3,Loved the beaches and relaxing coastal vibes! Visiting Kudle Beach was amazing.
675,225,593,5,Loved the beaches and relaxing coastal vibes! Visiting Kudle Beach was amazing.
676,226,548,5,A peaceful and spiritually uplifting destination. Visiting Mahabaleshwar Temple was amazing.
677,226,1844,1,A peaceful and spiritually uplifting destination. Visiting Mahabaleshwar Temple was amazing.
678,226,278,4,A peaceful and spiritually uplifting destination. Visiting Mahabaleshwar Temple was amazing.
679,227,1882,1,Loved the beaches and relaxing coastal vibes! Visiting Maravanthe Beach was amazing.
680,227,568,2,Loved the beaches and relaxing coastal vibes! Visiting Maravanthe Beach was amazing.
681,227,1437,2,Loved the beaches and relaxing coastal vibes! Visiting Maravanthe Beach was amazing.
682,228,512,2,A peaceful and spiritually uplifting destination. Visiting Udupi Krishna Temple was amazing.
683,228,1457,3,A peaceful and spiritually uplifting destination. Visiting Udupi Krishna Temple was amazing.
684,228,1697,2,A peaceful and spiritually uplifting destination. Visiting Udupi Krishna Temple was amazing.
685,229,1560,4,Loved the beaches and relaxing coastal vibes! Visiting Malpe Beach was amazing.
686,229,1003,2,Loved the beaches and relaxing coastal vibes! Visiting Malpe Beach was amazing.
687,229,1183,3,Loved the beaches and relaxing coastal vibes! Visiting Malpe Beach was amazing.
688,230,1286,4,Incredible natural beauty with scenic landscapes! Visiting St. Mary's Island was amazing.
689,230,769,4,Incredible natural beauty with scenic landscapes! Visiting St. Mary's Island was amazing.
690,230,155,1,Incredible natural beauty with scenic landscapes! Visiting St. Mary's Island was amazing.
691,231,826,5,A wonderful and memorable travel experience! Visiting Chikmagalur Coffee Museum was amazing.
692,231,1536,3,A wonderful and memorable travel experience! Visiting Chikmagalur Coffee Museum was amazing.
693,231,1423,3,A wonderful and memorable travel experience! Visiting Chikmagalur Coffee Museum was amazing.
694,232,932,4,Thrilling adventure activities and excitement! Visiting Mullayanagiri Peak was amazing.
695,232,671,5,Thrilling adventure activities and excitement! Visiting Mullayanagiri Peak was amazing.
696,232,6,1,Thrilling adventure activities and excitement! Visiting Mullayanagiri Peak was amazing.
697,233,1497,4,A peaceful and spiritually uplifting destination. Visiting Baba Budan Giri was amazing.
698,233,1301,3,A peaceful and spiritually uplifting destination. Visiting Baba Budan Giri was amazing.
699,233,1742,1,A peaceful and spiritually uplifting destination. Visiting Baba Budan Giri was amazing.
700,234,1630,5,Incredible natural beauty with scenic landscapes! Visiting Hebbe Falls was amazing.
701,234,815,2,Incredible natural beauty with scenic landscapes! Visiting Hebbe Falls was amazing.
702,234,1983,4,Incredible natural beauty with scenic landscapes! Visiting Hebbe Falls was amazing.
703,235,1690,2,A peaceful and spiritually uplifting destination. Visiting Bhadrachalam Temple was amazing.
704,235,1014,3,A peaceful and spiritually uplifting destination. Visiting Bhadrachalam Temple was amazing.
705,235,662,3,A peaceful and spiritually uplifting destination. Visiting Bhadrachalam Temple was amazing.
706,236,692,5,A historical wonder with rich heritage and architecture! Visiting Ramappa Temple was amazing.
707,236,1184,2,A historical wonder with rich heritage and architecture! Visiting Ramappa Temple was amazing.
708,236,1160,4,A historical wonder with rich heritage and architecture! Visiting Ramappa Temple was amazing.
709,237,1615,3,A historical wonder with rich heritage and architecture! Visiting Warangal Fort was amazing.
710,237,1832,1,A historical wonder with rich heritage and architecture! Visiting Warangal Fort was amazing.
711,237,95,1,A historical wonder with rich heritage and architecture! Visiting Warangal Fort was amazing.
712,238,1283,4,A peaceful and spiritually uplifting destination. Visiting Thousand Pillar Temple was amazing.
713,238,34,1,A peaceful and spiritually uplifting destination. Visiting Thousand Pillar Temple was amazing.
714,238,1904,2,A peaceful and spiritually uplifting destination. Visiting Thousand Pillar Temple was amazing.
715,239,904,4,Incredible natural beauty with scenic landscapes! Visiting Laknavaram Lake was amazing.
716,239,2,4,Incredible natural beauty with scenic landscapes! Visiting Laknavaram Lake was amazing.
717,239,415,2,Incredible natural beauty with scenic landscapes! Visiting Laknavaram Lake was amazing.
718,240,1807,3,Incredible natural beauty with scenic landscapes! Visiting Pakhal Lake was amazing.
719,240,326,3,Incredible natural beauty with scenic landscapes! Visiting Pakhal Lake was amazing.
720,240,192,3,Incredible natural beauty with scenic landscapes! Visiting Pakhal Lake was amazing.
721,241,513,1,Incredible natural beauty with scenic landscapes! Visiting Kuntala Waterfall was amazing.
722,241,762,2,Incredible natural beauty with scenic landscapes! Visiting Kuntala Waterfall was amazing.
723,241,107,4,Incredible natural beauty with scenic landscapes! Visiting Kuntala Waterfall was amazing.
724,242,1282,3,A peaceful and spiritually uplifting destination. Visiting Birla Mandir Hyderabad was amazing.
725,242,1487,2,A peaceful and spiritually uplifting destination. Visiting Birla Mandir Hyderabad was amazing.
726,242,880,1,A peaceful and spiritually uplifting destination. Visiting Birla Mandir Hyderabad was amazing.
727,243,1442,1,A wonderful and memorable travel experience! Visiting Salur Jung Museum was amazing.
728,243,3,2,A wonderful and memorable travel experience! Visiting Salur Jung Museum was amazing.
729,243,977,1,A wonderful and memorable travel experience! Visiting Salur Jung Museum was amazing.
730,244,272,5,Incredible natural beauty with scenic landscapes! Visiting Nehru Zoological Park was amazing.
731,244,464,5,Incredible natural beauty with scenic landscapes! Visiting Nehru Zoological Park was amazing.
732,244,1393,4,Incredible natural beauty with scenic landscapes! Visiting Nehru Zoological Park was amazing.
733,245,20,1,A wonderful and memorable travel experience! Visiting Ramoji Film City was amazing.
734,245,1425,3,A wonderful and memorable travel experience! Visiting Ramoji Film City was amazing.
735,245,1674,1,A wonderful and memorable travel experience! Visiting Ramoji Film City was amazing.
736,246,1762,4,Incredible natural beauty with scenic landscapes! Visiting Hussain Sagar Lake was amazing.
737,246,1422,2,Incredible natural beauty with scenic landscapes! Visiting Hussain Sagar Lake was amazing.
738,246,979,1,Incredible natural beauty with scenic landscapes! Visiting Hussain Sagar Lake was amazing.
739,247,469,4,A historical wonder with rich heritage and architecture! Visiting Chowmahalla Palace was amazing.
740,247,183,1,A historical wonder with rich heritage and architecture! Visiting Chowmahalla Palace was amazing.
741,247,212,3,A historical wonder with rich heritage and architecture! Visiting Chowmahalla Palace was amazing.
742,248,753,3,A historical wonder with rich heritage and architecture! Visiting Paigah Tombs was amazing.
743,248,281,4,A historical wonder with rich heritage and architecture! Visiting Paigah Tombs was amazing.
744,248,1585,2,A historical wonder with rich heritage and architecture! Visiting Paigah Tombs was amazing.
745,249,1314,2,A historical wonder with rich heritage and architecture! Visiting Qutb Shahi Tombs was amazing.
746,249,141,5,A historical wonder with rich heritage and architecture! Visiting Qutb Shahi Tombs was amazing.
747,249,1154,1,A historical wonder with rich heritage and architecture! Visiting Qutb Shahi Tombs was amazing.
748,250,1250,2,Incredible natural beauty with scenic landscapes! Visiting KBR National Park was amazing.
749,250,902,3,Incredible natural beauty with scenic landscapes! Visiting KBR National Park was amazing.
750,250,1480,2,Incredible natural beauty with scenic landscapes! Visiting KBR National Park was amazing.
751,251,1287,2,A peaceful and spiritually uplifting destination. Visiting Kanaka Durga Temple was amazing.
752,251,1884,4,A peaceful and spiritually uplifting destination. Visiting Kanaka Durga Temple was amazing.
753,251,1262,4,A peaceful and spiritually uplifting destination. Visiting Kanaka Durga Temple was amazing.
754,252,1762,2,A historical wonder with rich heritage and architecture! Visiting Undavalli Caves was amazing.
755,252,178,1,A historical wonder with rich heritage and architecture! Visiting Undavalli Caves was amazing.
756,252,287,1,A historical wonder with rich heritage and architecture! Visiting Undavalli Caves was amazing.
757,253,1208,4,Incredible natural beauty with scenic landscapes! Visiting Prakasam Barrage was amazing.
758,253,720,4,Incredible natural beauty with scenic landscapes! Visiting Prakasam Barrage was amazing.
759,253,645,2,Incredible natural beauty with scenic landscapes! Visiting Prakasam Barrage was amazing.
760,254,508,3,Thrilling adventure activities and excitement! Visiting Bhavani Island was amazing.
761,254,1321,1,Thrilling adventure activities and excitement! Visiting Bhavani Island was amazing.
762,254,509,5,Thrilling adventure activities and excitement! Visiting Bhavani Island was amazing.
763,255,1231,5,A historical wonder with rich heritage and architecture! Visiting Kondapalli Fort was amazing.
764,255,1477,5,A historical wonder with rich heritage and architecture! Visiting Kondapalli Fort was amazing.
765,255,584,1,A historical wonder with rich heritage and architecture! Visiting Kondapalli Fort was amazing.
766,256,1737,3,A historical wonder with rich heritage and architecture! Visiting Amaravati Stupa was amazing.
767,256,421,5,A historical wonder with rich heritage and architecture! Visiting Amaravati Stupa was amazing.
768,256,1243,5,A historical wonder with rich heritage and architecture! Visiting Amaravati Stupa was amazing.
769,257,387,4,Incredible natural beauty with scenic landscapes! Visiting Srisailam Dam was amazing.
770,257,606,1,Incredible natural beauty with scenic landscapes! Visiting Srisailam Dam was amazing.
771,257,1606,2,Incredible natural beauty with scenic landscapes! Visiting Srisailam Dam was amazing.
772,258,1014,4,A peaceful and spiritually uplifting destination. Visiting Mallikarjuna Jyotirlinga was amazing.
773,258,231,2,A peaceful and spiritually uplifting destination. Visiting Mallikarjuna Jyotirlinga was amazing.
774,258,1024,5,A peaceful and spiritually uplifting destination. Visiting Mallikarjuna Jyotirlinga was amazing.
775,259,146,5,A historical wonder with rich heritage and architecture! Visiting Akka Mahadevi Caves was amazing.
776,259,1821,1,A historical wonder with rich heritage and architecture! Visiting Akka Mahadevi Caves was amazing.
777,259,740,3,A historical wonder with rich heritage and architecture! Visiting Akka Mahadevi Caves was amazing.
778,260,271,4,A peaceful and spiritually uplifting destination. Visiting Ahobilam Temple was amazing.
779,260,1763,5,A peaceful and spiritually uplifting destination. Visiting Ahobilam Temple was amazing.
780,260,862,3,A peaceful and spiritually uplifting destination. Visiting Ahobilam Temple was amazing.
781,261,1119,2,A peaceful and spiritually uplifting destination. Visiting Yaganti Temple was amazing.
782,261,1563,4,A peaceful and spiritually uplifting destination. Visiting Yaganti Temple was amazing.
783,261,1955,1,A peaceful and spiritually uplifting destination. Visiting Yaganti Temple was amazing.
784,262,35,5,A historical wonder with rich heritage and architecture! Visiting Gandikota Fort was amazing.
785,262,139,1,A historical wonder with rich heritage and architecture! Visiting Gandikota Fort was amazing.
786,262,537,2,A historical wonder with rich heritage and architecture! Visiting Gandikota Fort was amazing.
787,263,82,1,Incredible natural beauty with scenic landscapes! Visiting Pennar River Gorge was amazing.
788,263,1943,4,Incredible natural beauty with scenic landscapes! Visiting Pennar River Gorge was amazing.
789,263,1038,3,Incredible natural beauty with scenic landscapes! Visiting Pennar River Gorge was amazing.
790,264,1288,5,Incredible natural beauty with scenic landscapes! Visiting Horsley Hills was amazing.
791,264,1572,4,Incredible natural beauty with scenic landscapes! Visiting Horsley Hills was amazing.
792,264,868,4,Incredible natural beauty with scenic landscapes! Visiting Horsley Hills was amazing.
793,265,169,5,Incredible natural beauty with scenic landscapes! Visiting Talakona Waterfalls was amazing.
794,265,1102,5,Incredible natural beauty with scenic landscapes! Visiting Talakona Waterfalls was amazing.
795,265,313,3,Incredible natural beauty with scenic landscapes! Visiting Talakona Waterfalls was amazing.
796,266,172,3,A historical wonder with rich heritage and architecture! Visiting Chandragiri Fort was amazing.
797,266,162,5,A historical wonder with rich heritage and architecture! Visiting Chandragiri Fort was amazing.
798,266,1887,2,A historical wonder with rich heritage and architecture! Visiting Chandragiri Fort was amazing.
799,267,1996,2,A peaceful and spiritually uplifting destination. Visiting Sri Kalahasti Temple was amazing.
800,267,1099,3,A peaceful and spiritually uplifting destination. Visiting Sri Kalahasti Temple was amazing.
801,267,801,5,A peaceful and spiritually uplifting destination. Visiting Sri Kalahasti Temple was amazing.
802,268,1300,1,Incredible natural beauty with scenic landscapes! Visiting Kailasagiri was amazing.
803,268,636,4,Incredible natural beauty with scenic landscapes! Visiting Kailasagiri was amazing.
804,268,1495,2,Incredible natural beauty with scenic landscapes! Visiting Kailasagiri was amazing.
805,269,119,2,A wonderful and memorable travel experience! Visiting INS Kursura Museum was amazing.
806,269,177,4,A wonderful and memorable travel experience! Visiting INS Kursura Museum was amazing.
807,269,238,4,A wonderful and memorable travel experience! Visiting INS Kursura Museum was amazing.
808,270,1254,5,Incredible natural beauty with scenic landscapes! Visiting VUDA Park was amazing.
809,270,113,3,Incredible natural beauty with scenic landscapes! Visiting VUDA Park was amazing.
810,270,1365,2,Incredible natural beauty with scenic landscapes! Visiting VUDA Park was amazing.
811,271,245,1,Loved the beaches and relaxing coastal vibes! Visiting Yarada Beach was amazing.
812,271,1450,2,Loved the beaches and relaxing coastal vibes! Visiting Yarada Beach was amazing.
813,271,1437,1,Loved the beaches and relaxing coastal vibes! Visiting Yarada Beach was amazing.
814,272,336,4,A peaceful and spiritually uplifting destination. Visiting Simhachalam Temple was amazing.
815,272,1952,3,A peaceful and spiritually uplifting destination. Visiting Simhachalam Temple was amazing.
816,272,1072,5,A peaceful and spiritually uplifting destination. Visiting Simhachalam Temple was amazing.
817,273,1604,3,Loved the beaches and relaxing coastal vibes! Visiting Bheemunipatnam Beach was amazing.
818,273,342,3,Loved the beaches and relaxing coastal vibes! Visiting Bheemunipatnam Beach was amazing.
819,273,260,3,Loved the beaches and relaxing coastal vibes! Visiting Bheemunipatnam Beach was amazing.
820,274,1502,1,Loved the beaches and relaxing coastal vibes! Visiting Kakinada Beach was amazing.
821,274,1580,1,Loved the beaches and relaxing coastal vibes! Visiting Kakinada Beach was amazing.
822,274,687,4,Loved the beaches and relaxing coastal vibes! Visiting Kakinada Beach was amazing.
823,275,558,5,Incredible natural beauty with scenic landscapes! Visiting Hope Island was amazing.
824,275,131,3,Incredible natural beauty with scenic landscapes! Visiting Hope Island was amazing.
825,275,1459,5,Incredible natural beauty with scenic landscapes! Visiting Hope Island was amazing.
826,276,1286,1,Incredible natural beauty with scenic landscapes! Visiting Konaseema Backwaters was amazing.
827,276,1017,4,Incredible natural beauty with scenic landscapes! Visiting Konaseema Backwaters was amazing.
828,276,1047,3,Incredible natural beauty with scenic landscapes! Visiting Konaseema Backwaters was amazing.
829,277,114,4,Incredible natural beauty with scenic landscapes! Visiting Kolleru Lake was amazing.
830,277,1760,5,Incredible natural beauty with scenic landscapes! Visiting Kolleru Lake was amazing.
831,277,342,3,Incredible natural beauty with scenic landscapes! Visiting Kolleru Lake was amazing.
832,278,323,3,Incredible natural beauty with scenic landscapes! Visiting Maredumilli Forests was amazing.
833,278,1584,1,Incredible natural beauty with scenic landscapes! Visiting Maredumilli Forests was amazing.
834,278,1832,5,Incredible natural beauty with scenic landscapes! Visiting Maredumilli Forests was amazing.
835,279,1381,1,Incredible natural beauty with scenic landscapes! Visiting Padmapuram Gardens was amazing.
836,279,468,5,Incredible natural beauty with scenic landscapes! Visiting Padmapuram Gardens was amazing.
837,279,6,1,Incredible natural beauty with scenic landscapes! Visiting Padmapuram Gardens was amazing.
838,280,1759,1,A wonderful and memorable travel experience! Visiting Tribal Museum Araku was amazing.
839,280,501,1,A wonderful and memorable travel experience! Visiting Tribal Museum Araku was amazing.
840,280,967,3,A wonderful and memorable travel experience! Visiting Tribal Museum Araku was amazing.
841,281,785,2,A historical wonder with rich heritage and architecture! Visiting Bekal Fort was amazing.
842,281,367,1,A historical wonder with rich heritage and architecture! Visiting Bekal Fort was amazing.
843,281,1133,4,A historical wonder with rich heritage and architecture! Visiting Bekal Fort was amazing.
844,282,460,3,Loved the beaches and relaxing coastal vibes! Visiting Kappil Beach was amazing.
845,282,509,4,Loved the beaches and relaxing coastal vibes! Visiting Kappil Beach was amazing.
846,282,1876,3,Loved the beaches and relaxing coastal vibes! Visiting Kappil Beach was amazing.
847,283,556,1,A historical wonder with rich heritage and architecture! Visiting Anjengo Fort was amazing.
848,283,1171,3,A historical wonder with rich heritage and architecture! Visiting Anjengo Fort was amazing.
849,283,245,5,A historical wonder with rich heritage and architecture! Visiting Anjengo Fort was amazing.
850,284,1379,1,Thrilling adventure activities and excitement! Visiting Jatayu Earth's Center was amazing.
851,284,368,2,Thrilling adventure activities and excitement! Visiting Jatayu Earth's Center was amazing.
852,284,1648,5,Thrilling adventure activities and excitement! Visiting Jatayu Earth's Center was amazing.
853,285,95,4,Incredible natural beauty with scenic landscapes! Visiting Ashtamudi Lake was amazing.
854,285,142,4,Incredible natural beauty with scenic landscapes! Visiting Ashtamudi Lake was amazing.
855,285,1774,3,Incredible natural beauty with scenic landscapes! Visiting Ashtamudi Lake was amazing.
856,286,1585,3,Incredible natural beauty with scenic landscapes! Visiting Munroe Island was amazing.
857,286,671,1,Incredible natural beauty with scenic landscapes! Visiting Munroe Island was amazing.
858,286,1133,4,Incredible natural beauty with scenic landscapes! Visiting Munroe Island was amazing.
859,287,17,3,Loved the beaches and relaxing coastal vibes! Visiting Marari Beach was amazing.
860,287,411,3,Loved the beaches and relaxing coastal vibes! Visiting Marari Beach was amazing.
861,287,1155,3,Loved the beaches and relaxing coastal vibes! Visiting Marari Beach was amazing.
862,288,1515,5,Incredible natural beauty with scenic landscapes! Visiting Kumarakom Bird Sanctuary was amazing.
863,288,497,4,Incredible natural beauty with scenic landscapes! Visiting Kumarakom Bird Sanctuary was amazing.
864,288,755,5,Incredible natural beauty with scenic landscapes! Visiting Kumarakom Bird Sanctuary was amazing.
865,289,1991,4,Incredible natural beauty with scenic landscapes! Visiting Vembanad Lake was amazing.
866,289,1583,2,Incredible natural beauty with scenic landscapes! Visiting Vembanad Lake was amazing.
867,289,1501,5,Incredible natural beauty with scenic landscapes! Visiting Vembanad Lake was amazing.
868,290,1558,2,Incredible natural beauty with scenic landscapes! Visiting Vagamon Meadows was amazing.
869,290,309,1,Incredible natural beauty with scenic landscapes! Visiting Vagamon Meadows was amazing.
870,290,1910,4,Incredible natural beauty with scenic landscapes! Visiting Vagamon Meadows was amazing.
871,291,49,2,Incredible natural beauty with scenic landscapes! Visiting Idukki Arch Dam was amazing.
872,291,1110,3,Incredible natural beauty with scenic landscapes! Visiting Idukki Arch Dam was amazing.
873,291,1303,1,Incredible natural beauty with scenic landscapes! Visiting Idukki Arch Dam was amazing.
874,292,1948,3,Incredible natural beauty with scenic landscapes! Visiting Eravikulam National Park was amazing.
875,292,3,4,Incredible natural beauty with scenic landscapes! Visiting Eravikulam National Park was amazing.
876,292,1739,3,Incredible natural beauty with scenic landscapes! Visiting Eravikulam National Park was amazing.
877,293,213,2,Incredible natural beauty with scenic landscapes! Visiting Mattupetty Dam was amazing.
878,293,1086,2,Incredible natural beauty with scenic landscapes! Visiting Mattupetty Dam was amazing.
879,293,860,4,Incredible natural beauty with scenic landscapes! Visiting Mattupetty Dam was amazing.
880,294,1969,1,Incredible natural beauty with scenic landscapes! Visiting Anamudi Peak was amazing.
881,294,1992,2,Incredible natural beauty with scenic landscapes! Visiting Anamudi Peak was amazing.
882,294,1458,3,Incredible natural beauty with scenic landscapes! Visiting Anamudi Peak was amazing.
883,295,191,1,Incredible natural beauty with scenic landscapes! Visiting Top Station was amazing.
884,295,1887,2,Incredible natural beauty with scenic landscapes! Visiting Top Station was amazing.
885,295,1838,5,Incredible natural beauty with scenic landscapes! Visiting Top Station was amazing.
886,296,846,3,Incredible natural beauty with scenic landscapes! Visiting Athirappilly Falls was amazing.
887,296,939,1,Incredible natural beauty with scenic landscapes! Visiting Athirappilly Falls was amazing.
888,296,1190,1,Incredible natural beauty with scenic landscapes! Visiting Athirappilly Falls was amazing.
889,297,1036,2,Incredible natural beauty with scenic landscapes! Visiting Vazhachal Falls was amazing.
890,297,1306,4,Incredible natural beauty with scenic landscapes! Visiting Vazhachal Falls was amazing.
891,297,154,5,Incredible natural beauty with scenic landscapes! Visiting Vazhachal Falls was amazing.
892,298,1163,1,A peaceful and spiritually uplifting destination. Visiting Guruvayur Temple was amazing.
893,298,891,2,A peaceful and spiritually uplifting destination. Visiting Guruvayur Temple was amazing.
894,298,485,3,A peaceful and spiritually uplifting destination. Visiting Guruvayur Temple was amazing.
895,299,535,3,A wonderful and memorable travel experience! Visiting Kerala Kalamandalam was amazing.
896,299,1897,4,A wonderful and memorable travel experience! Visiting Kerala Kalamandalam was amazing.
897,299,1436,3,A wonderful and memorable travel experience! Visiting Kerala Kalamandalam was amazing.
898,300,652,4,Incredible natural beauty with scenic landscapes! Visiting Silent Valley National Park was amazing.
899,300,557,2,Incredible natural beauty with scenic landscapes! Visiting Silent Valley National Park was amazing.
900,300,153,2,Incredible natural beauty with scenic landscapes! Visiting Silent Valley National Park was amazing.
901,301,279,5,Incredible natural beauty with scenic landscapes! Visiting Malampuzha Dam was amazing.
902,301,224,2,Incredible natural beauty with scenic landscapes! Visiting Malampuzha Dam was amazing.
903,301,217,2,Incredible natural beauty with scenic landscapes! Visiting Malampuzha Dam was amazing.
904,302,921,4,Incredible natural beauty with scenic landscapes! Visiting Nelliyampathy Hills was amazing.
905,302,644,4,Incredible natural beauty with scenic landscapes! Visiting Nelliyampathy Hills was amazing.
906,302,248,5,Incredible natural beauty with scenic landscapes! Visiting Nelliyampathy Hills was amazing.
907,303,734,2,Loved the beaches and relaxing coastal vibes! Visiting Kozhikode Beach was amazing.
908,303,926,3,Loved the beaches and relaxing coastal vibes! Visiting Kozhikode Beach was amazing.
909,303,949,3,Loved the beaches and relaxing coastal vibes! Visiting Kozhikode Beach was amazing.
910,304,1746,1,A historical wonder with rich heritage and architecture! Visiting Kappad Beach was amazing.
911,304,186,2,A historical wonder with rich heritage and architecture! Visiting Kappad Beach was amazing.
912,304,1654,3,A historical wonder with rich heritage and architecture! Visiting Kappad Beach was amazing.
913,305,1693,5,Incredible natural beauty with scenic landscapes! Visiting Thusharagiri Falls was amazing.
914,305,83,2,Incredible natural beauty with scenic landscapes! Visiting Thusharagiri Falls was amazing.
915,305,1712,3,Incredible natural beauty with scenic landscapes! Visiting Thusharagiri Falls was amazing.
916,306,304,1,Incredible natural beauty with scenic landscapes! Visiting Banasura Sagar Dam was amazing.
917,306,1457,2,Incredible natural beauty with scenic landscapes! Visiting Banasura Sagar Dam was amazing.
918,306,1984,3,Incredible natural beauty with scenic landscapes! Visiting Banasura Sagar Dam was amazing.
919,307,812,5,Incredible natural beauty with scenic landscapes! Visiting Pookode Lake was amazing.
920,307,101,3,Incredible natural beauty with scenic landscapes! Visiting Pookode Lake was amazing.
921,307,533,2,Incredible natural beauty with scenic landscapes! Visiting Pookode Lake was amazing.
922,308,64,4,Thrilling adventure activities and excitement! Visiting Chembra Peak was amazing.
923,308,1751,4,Thrilling adventure activities and excitement! Visiting Chembra Peak was amazing.
924,308,1139,5,Thrilling adventure activities and excitement! Visiting Chembra Peak was amazing.
925,309,512,1,Incredible natural beauty with scenic landscapes! Visiting Kuruva Island was amazing.
926,309,947,1,Incredible natural beauty with scenic landscapes! Visiting Kuruva Island was amazing.
927,309,1647,2,Incredible natural beauty with scenic landscapes! Visiting Kuruva Island was amazing.
928,310,249,1,Loved the beaches and relaxing coastal vibes! Visiting Muzhappilangad Drive-in Beach was amazing.
929,310,127,2,Loved the beaches and relaxing coastal vibes! Visiting Muzhappilangad Drive-in Beach was amazing.
930,310,268,2,Loved the beaches and relaxing coastal vibes! Visiting Muzhappilangad Drive-in Beach was amazing.
931,311,1687,4,A historical wonder with rich heritage and architecture! Visiting St. Angelo Fort was amazing.
932,311,763,1,A historical wonder with rich heritage and architecture! Visiting St. Angelo Fort was amazing.
933,311,1193,5,A historical wonder with rich heritage and architecture! Visiting St. Angelo Fort was amazing.
934,312,531,1,Incredible natural beauty with scenic landscapes! Visiting Paithalmala was amazing.
935,312,45,1,Incredible natural beauty with scenic landscapes! Visiting Paithalmala was amazing.
936,312,405,4,Incredible natural beauty with scenic landscapes! Visiting Paithalmala was amazing.
937,313,1658,2,A peaceful and spiritually uplifting destination. Visiting Padmanabhaswamy Temple was amazing.
938,313,189,3,A peaceful and spiritually uplifting destination. Visiting Padmanabhaswamy Temple was amazing.
939,313,251,1,A peaceful and spiritually uplifting destination. Visiting Padmanabhaswamy Temple was amazing.
940,314,1930,4,A wonderful and memorable travel experience! Visiting Napier Museum was amazing.
941,314,104,2,A wonderful and memorable travel experience! Visiting Napier Museum was amazing.
942,314,1893,5,A wonderful and memorable travel experience! Visiting Napier Museum was amazing.
943,315,888,4,Loved the beaches and relaxing coastal vibes! Visiting Shangumugham Beach was amazing.
944,315,1017,1,Loved the beaches and relaxing coastal vibes! Visiting Shangumugham Beach was amazing.
945,315,784,4,Loved the beaches and relaxing coastal vibes! Visiting Shangumugham Beach was amazing.
946,316,354,3,Thrilling adventure activities and excitement! Visiting Agasthyakoodam was amazing.
947,316,440,2,Thrilling adventure activities and excitement! Visiting Agasthyakoodam was amazing.
948,316,564,3,Thrilling adventure activities and excitement! Visiting Agasthyakoodam was amazing.
949,317,914,2,Incredible natural beauty with scenic landscapes! Visiting Poovar Island was amazing.
950,317,71,5,Incredible natural beauty with scenic landscapes! Visiting Poovar Island was amazing.
951,317,1269,5,Incredible natural beauty with scenic landscapes! Visiting Poovar Island was amazing.
952,318,504,3,A historical wonder with rich heritage and architecture! Visiting Vivekananda Rock was amazing.
953,318,1022,4,A historical wonder with rich heritage and architecture! Visiting Vivekananda Rock was amazing.
954,318,1808,5,A historical wonder with rich heritage and architecture! Visiting Vivekananda Rock was amazing.
955,319,982,1,A historical wonder with rich heritage and architecture! Visiting Thiruvalluvar Statue was amazing.
956,319,180,3,A historical wonder with rich heritage and architecture! Visiting Thiruvalluvar Statue was amazing.
957,319,785,2,A historical wonder with rich heritage and architecture! Visiting Thiruvalluvar Statue was amazing.
958,320,859,2,A historical wonder with rich heritage and architecture! Visiting Padmanabhapuram Palace was amazing.
959,320,1317,5,A historical wonder with rich heritage and architecture! Visiting Padmanabhapuram Palace was amazing.
960,320,511,5,A historical wonder with rich heritage and architecture! Visiting Padmanabhapuram Palace was amazing.
961,321,1628,1,A historical wonder with rich heritage and architecture! Visiting Vattakottai Fort was amazing.
962,321,784,3,A historical wonder with rich heritage and architecture! Visiting Vattakottai Fort was amazing.
963,321,983,5,A historical wonder with rich heritage and architecture! Visiting Vattakottai Fort was amazing.
964,322,1601,4,A peaceful and spiritually uplifting destination. Visiting Thanumalayan Temple was amazing.
965,322,705,5,A peaceful and spiritually uplifting destination. Visiting Thanumalayan Temple was amazing.
966,322,1029,3,A peaceful and spiritually uplifting destination. Visiting Thanumalayan Temple was amazing.
967,323,796,3,Incredible natural beauty with scenic landscapes! Visiting Mathur Aqueduct was amazing.
968,323,369,1,Incredible natural beauty with scenic landscapes! Visiting Mathur Aqueduct was amazing.
969,323,654,5,Incredible natural beauty with scenic landscapes! Visiting Mathur Aqueduct was amazing.
970,324,449,1,A peaceful and spiritually uplifting destination. Visiting Arulmigu Ramanathaswamy Temple was amazing.
971,324,1835,3,A peaceful and spiritually uplifting destination. Visiting Arulmigu Ramanathaswamy Temple was amazing.
972,324,120,4,A peaceful and spiritually uplifting destination. Visiting Arulmigu Ramanathaswamy Temple was amazing.
973,325,1085,3,A historical wonder with rich heritage and architecture! Visiting Dhanushkodi Ghost Town was amazing.
974,325,1571,5,A historical wonder with rich heritage and architecture! Visiting Dhanushkodi Ghost Town was amazing.
975,325,477,2,A historical wonder with rich heritage and architecture! Visiting Dhanushkodi Ghost Town was amazing.
976,326,206,2,A historical wonder with rich heritage and architecture! Visiting Pamban Bridge was amazing.
977,326,1346,2,A historical wonder with rich heritage and architecture! Visiting Pamban Bridge was amazing.
978,326,546,5,A historical wonder with rich heritage and architecture! Visiting Pamban Bridge was amazing.
979,327,1672,1,A peaceful and spiritually uplifting destination. Visiting Kothandaramaswamy Temple was amazing.
980,327,1565,2,A peaceful and spiritually uplifting destination. Visiting Kothandaramaswamy Temple was amazing.
981,327,1180,4,A peaceful and spiritually uplifting destination. Visiting Kothandaramaswamy Temple was amazing.
982,328,727,2,A historical wonder with rich heritage and architecture! Visiting Thirumalai Nayakkar Mahal was amazing.
983,328,361,2,A historical wonder with rich heritage and architecture! Visiting Thirumalai Nayakkar Mahal was amazing.
984,328,1214,3,A historical wonder with rich heritage and architecture! Visiting Thirumalai Nayakkar Mahal was amazing.
985,329,1652,3,A wonderful and memorable travel experience! Visiting Gandhi Memorial Museum was amazing.
986,329,1872,5,A wonderful and memorable travel experience! Visiting Gandhi Memorial Museum was amazing.
987,329,58,3,A wonderful and memorable travel experience! Visiting Gandhi Memorial Museum was amazing.
988,330,1941,5,A peaceful and spiritually uplifting destination. Visiting Alagar Koyil was amazing.
989,330,1155,2,A peaceful and spiritually uplifting destination. Visiting Alagar Koyil was amazing.
990,330,1154,2,A peaceful and spiritually uplifting destination. Visiting Alagar Koyil was amazing.
991,331,1714,4,A historical wonder with rich heritage and architecture! Visiting Vandiyur Mariamman Teppakulam was amazing.
992,331,1111,3,A historical wonder with rich heritage and architecture! Visiting Vandiyur Mariamman Teppakulam was amazing.
993,331,360,4,A historical wonder with rich heritage and architecture! Visiting Vandiyur Mariamman Teppakulam was amazing.
994,332,78,1,A historical wonder with rich heritage and architecture! Visiting Chettinad Mansions was amazing.
995,332,116,2,A historical wonder with rich heritage and architecture! Visiting Chettinad Mansions was amazing.
996,332,1233,2,A historical wonder with rich heritage and architecture! Visiting Chettinad Mansions was amazing.
997,333,41,5,A peaceful and spiritually uplifting destination. Visiting Ranganathaswamy Temple was amazing.
998,333,979,1,A peaceful and spiritually uplifting destination. Visiting Ranganathaswamy Temple was amazing.
999,333,680,5,A peaceful and spiritually uplifting destination. Visiting Ranganathaswamy Temple was amazing.
1000,334,413,2,A peaceful and spiritually uplifting destination. Visiting Rockfort Temple was amazing.
1001,334,698,2,A peaceful and spiritually uplifting destination. Visiting Rockfort Temple was amazing.
1002,334,1882,3,A peaceful and spiritually uplifting destination. Visiting Rockfort Temple was amazing.
1003,335,122,1,A peaceful and spiritually uplifting destination. Visiting Jambukeswarar Temple was amazing.
1004,335,303,5,A peaceful and spiritually uplifting destination. Visiting Jambukeswarar Temple was amazing.
1005,335,1444,2,A peaceful and spiritually uplifting destination. Visiting Jambukeswarar Temple was amazing.
1006,336,1586,1,A historical wonder with rich heritage and architecture! Visiting Kallanai Dam was amazing.
1007,336,1734,5,A historical wonder with rich heritage and architecture! Visiting Kallanai Dam was amazing.
1008,336,1763,3,A historical wonder with rich heritage and architecture! Visiting Kallanai Dam was amazing.
1009,337,1968,1,Incredible natural beauty with scenic landscapes! Visiting Puliancholai Falls was amazing.
1010,337,766,4,Incredible natural beauty with scenic landscapes! Visiting Puliancholai Falls was amazing.
1011,337,1201,1,Incredible natural beauty with scenic landscapes! Visiting Puliancholai Falls was amazing.
1012,338,690,3,Incredible natural beauty with scenic landscapes! Visiting Pichavaram Mangrove Forest was amazing.
1013,338,661,2,Incredible natural beauty with scenic landscapes! Visiting Pichavaram Mangrove Forest was amazing.
1014,338,1999,2,Incredible natural beauty with scenic landscapes! Visiting Pichavaram Mangrove Forest was amazing.
1015,339,1500,4,A peaceful and spiritually uplifting destination. Visiting Nataraja Temple was amazing.
1016,339,1622,4,A peaceful and spiritually uplifting destination. Visiting Nataraja Temple was amazing.
1017,339,1330,3,A peaceful and spiritually uplifting destination. Visiting Nataraja Temple was amazing.
1018,340,357,5,A peaceful and spiritually uplifting destination. Visiting Velankanni Church was amazing.
1019,340,1421,5,A peaceful and spiritually uplifting destination. Visiting Velankanni Church was amazing.
1020,340,1612,3,A peaceful and spiritually uplifting destination. Visiting Velankanni Church was amazing.
1021,341,458,5,Incredible natural beauty with scenic landscapes! Visiting Point Calimere Sanctuary was amazing.
1022,341,1669,2,Incredible natural beauty with scenic landscapes! Visiting Point Calimere Sanctuary was amazing.
1023,341,775,3,Incredible natural beauty with scenic landscapes! Visiting Point Calimere Sanctuary was amazing.
1024,342,1504,3,A historical wonder with rich heritage and architecture! Visiting Thanjavur Maratha Palace was amazing.
1025,342,261,2,A historical wonder with rich heritage and architecture! Visiting Thanjavur Maratha Palace was amazing.
1026,342,1493,1,A historical wonder with rich heritage and architecture! Visiting Thanjavur Maratha Palace was amazing.
1027,343,1944,5,A wonderful and memorable travel experience! Visiting Saraswathi Mahal Library was amazing.
1028,343,802,5,A wonderful and memorable travel experience! Visiting Saraswathi Mahal Library was amazing.
1029,343,67,2,A wonderful and memorable travel experience! Visiting Saraswathi Mahal Library was amazing.
1030,344,1234,3,A historical wonder with rich heritage and architecture! Visiting Airavatesvara Temple was amazing.
1031,344,1887,5,A historical wonder with rich heritage and architecture! Visiting Airavatesvara Temple was amazing.
1032,344,453,5,A historical wonder with rich heritage and architecture! Visiting Airavatesvara Temple was amazing.
1033,345,214,4,A historical wonder with rich heritage and architecture! Visiting Gangaikonda Cholapuram was amazing.
1034,345,289,3,A historical wonder with rich heritage and architecture! Visiting Gangaikonda Cholapuram was amazing.
1035,345,1527,1,A historical wonder with rich heritage and architecture! Visiting Gangaikonda Cholapuram was amazing.
1036,346,488,3,A peaceful and spiritually uplifting destination. Visiting Kumbakonam Temples was amazing.
1037,346,655,2,A peaceful and spiritually uplifting destination. Visiting Kumbakonam Temples was amazing.
1038,346,1303,1,A peaceful and spiritually uplifting destination. Visiting Kumbakonam Temples was amazing.
1039,347,1683,3,Incredible natural beauty with scenic landscapes! Visiting Doddabetta Peak was amazing.
1040,347,915,1,Incredible natural beauty with scenic landscapes! Visiting Doddabetta Peak was amazing.
1041,347,544,2,Incredible natural beauty with scenic landscapes! Visiting Doddabetta Peak was amazing.
1042,348,512,1,Incredible natural beauty with scenic landscapes! Visiting Pykara Falls was amazing.
1043,348,718,3,Incredible natural beauty with scenic landscapes! Visiting Pykara Falls was amazing.
1044,348,1612,1,Incredible natural beauty with scenic landscapes! Visiting Pykara Falls was amazing.
1045,349,1476,1,Incredible natural beauty with scenic landscapes! Visiting Mudumalai National Park was amazing.
1046,349,99,4,Incredible natural beauty with scenic landscapes! Visiting Mudumalai National Park was amazing.
1047,349,898,4,Incredible natural beauty with scenic landscapes! Visiting Mudumalai National Park was amazing.
1048,350,1985,2,Incredible natural beauty with scenic landscapes! Visiting Emerald Lake was amazing.
1049,350,1812,4,Incredible natural beauty with scenic landscapes! Visiting Emerald Lake was amazing.
1050,350,1010,4,Incredible natural beauty with scenic landscapes! Visiting Emerald Lake was amazing.
1051,351,720,5,Incredible natural beauty with scenic landscapes! Visiting Coonoor Tea Estates was amazing.
1052,351,769,1,Incredible natural beauty with scenic landscapes! Visiting Coonoor Tea Estates was amazing.
1053,351,1698,4,Incredible natural beauty with scenic landscapes! Visiting Coonoor Tea Estates was amazing.
1054,352,1616,5,Incredible natural beauty with scenic landscapes! Visiting Sim's Park was amazing.
1055,352,1334,2,Incredible natural beauty with scenic landscapes! Visiting Sim's Park was amazing.
1056,352,334,4,Incredible natural beauty with scenic landscapes! Visiting Sim's Park was amazing.
1057,353,151,1,Incredible natural beauty with scenic landscapes! Visiting Dolphin's Nose was amazing.
1058,353,604,1,Incredible natural beauty with scenic landscapes! Visiting Dolphin's Nose was amazing.
1059,353,653,3,Incredible natural beauty with scenic landscapes! Visiting Dolphin's Nose was amazing.
1060,354,1950,1,Incredible natural beauty with scenic landscapes! Visiting Silver Cascade Falls was amazing.
1061,354,152,3,Incredible natural beauty with scenic landscapes! Visiting Silver Cascade Falls was amazing.
1062,354,349,4,Incredible natural beauty with scenic landscapes! Visiting Silver Cascade Falls was amazing.
1063,355,330,1,Incredible natural beauty with scenic landscapes! Visiting Coakers Walk was amazing.
1064,355,1121,1,Incredible natural beauty with scenic landscapes! Visiting Coakers Walk was amazing.
1065,355,693,5,Incredible natural beauty with scenic landscapes! Visiting Coakers Walk was amazing.
1066,356,1257,4,Incredible natural beauty with scenic landscapes! Visiting Pillar Rocks was amazing.
1067,356,1443,1,Incredible natural beauty with scenic landscapes! Visiting Pillar Rocks was amazing.
1068,356,884,2,Incredible natural beauty with scenic landscapes! Visiting Pillar Rocks was amazing.
1069,357,1244,4,Incredible natural beauty with scenic landscapes! Visiting Bryant Park was amazing.
1070,357,322,1,Incredible natural beauty with scenic landscapes! Visiting Bryant Park was amazing.
1071,357,208,3,Incredible natural beauty with scenic landscapes! Visiting Bryant Park was amazing.
1072,358,421,2,Incredible natural beauty with scenic landscapes! Visiting Berijam Lake was amazing.
1073,358,839,5,Incredible natural beauty with scenic landscapes! Visiting Berijam Lake was amazing.
1074,358,1479,5,Incredible natural beauty with scenic landscapes! Visiting Berijam Lake was amazing.
1075,359,544,3,Incredible natural beauty with scenic landscapes! Visiting Yercaud Lake was amazing.
1076,359,610,2,Incredible natural beauty with scenic landscapes! Visiting Yercaud Lake was amazing.
1077,359,197,1,Incredible natural beauty with scenic landscapes! Visiting Yercaud Lake was amazing.
1078,360,805,5,Incredible natural beauty with scenic landscapes! Visiting Pagoda Point was amazing.
1079,360,1126,4,Incredible natural beauty with scenic landscapes! Visiting Pagoda Point was amazing.
1080,360,315,1,Incredible natural beauty with scenic landscapes! Visiting Pagoda Point was amazing.
1081,361,739,1,Incredible natural beauty with scenic landscapes! Visiting Hogenakkal Falls was amazing.
1082,361,876,1,Incredible natural beauty with scenic landscapes! Visiting Hogenakkal Falls was amazing.
1083,361,604,5,Incredible natural beauty with scenic landscapes! Visiting Hogenakkal Falls was amazing.
1084,362,984,2,A historical wonder with rich heritage and architecture! Visiting Vellore Fort was amazing.
1085,362,199,1,A historical wonder with rich heritage and architecture! Visiting Vellore Fort was amazing.
1086,362,424,2,A historical wonder with rich heritage and architecture! Visiting Vellore Fort was amazing.
1087,363,1308,3,A peaceful and spiritually uplifting destination. Visiting Golden Temple Vellore was amazing.
1088,363,168,4,A peaceful and spiritually uplifting destination. Visiting Golden Temple Vellore was amazing.
1089,363,1729,1,A peaceful and spiritually uplifting destination. Visiting Golden Temple Vellore was amazing.
1090,364,632,4,Incredible natural beauty with scenic landscapes! Visiting Yelagiri Hills was amazing.
1091,364,965,4,Incredible natural beauty with scenic landscapes! Visiting Yelagiri Hills was amazing.
1092,364,1833,3,Incredible natural beauty with scenic landscapes! Visiting Yelagiri Hills was amazing.
1093,365,187,5,Incredible natural beauty with scenic landscapes! Visiting Arignar Anna Zoological Park was amazing.
1094,365,794,2,Incredible natural beauty with scenic landscapes! Visiting Arignar Anna Zoological Park was amazing.
1095,365,760,4,Incredible natural beauty with scenic landscapes! Visiting Arignar Anna Zoological Park was amazing.
1096,366,757,2,A peaceful and spiritually uplifting destination. Visiting Kapaleeshwarar Temple was amazing.
1097,366,913,1,A peaceful and spiritually uplifting destination. Visiting Kapaleeshwarar Temple was amazing.
1098,366,540,4,A peaceful and spiritually uplifting destination. Visiting Kapaleeshwarar Temple was amazing.
1099,367,953,3,A peaceful and spiritually uplifting destination. Visiting Santhome Cathedral was amazing.
1100,367,464,3,A peaceful and spiritually uplifting destination. Visiting Santhome Cathedral was amazing.
1101,367,1156,1,A peaceful and spiritually uplifting destination. Visiting Santhome Cathedral was amazing.
1102,368,310,1,Incredible natural beauty with scenic landscapes! Visiting Guindy National Park was amazing.
1103,368,176,3,Incredible natural beauty with scenic landscapes! Visiting Guindy National Park was amazing.
1104,368,1656,5,Incredible natural beauty with scenic landscapes! Visiting Guindy National Park was amazing.
1105,369,848,5,A wonderful and memorable travel experience! Visiting DakshinaChitra was amazing.
1106,369,466,5,A wonderful and memorable travel experience! Visiting DakshinaChitra was amazing.
1107,369,125,4,A wonderful and memorable travel experience! Visiting DakshinaChitra was amazing.
1108,370,1677,5,Thrilling adventure activities and excitement! Visiting Muttukadu Boat House was amazing.
1109,370,858,5,Thrilling adventure activities and excitement! Visiting Muttukadu Boat House was amazing.
1110,370,1408,4,Thrilling adventure activities and excitement! Visiting Muttukadu Boat House was amazing.
1111,371,1173,2,Loved the beaches and relaxing coastal vibes! Visiting Covelong Beach was amazing.
1112,371,976,3,Loved the beaches and relaxing coastal vibes! Visiting Covelong Beach was amazing.
1113,371,162,4,Loved the beaches and relaxing coastal vibes! Visiting Covelong Beach was amazing.
1114,372,1849,1,A historical wonder with rich heritage and architecture! Visiting Mahabalipuram Lighthouse was amazing.
1115,372,1029,5,A historical wonder with rich heritage and architecture! Visiting Mahabalipuram Lighthouse was amazing.
1116,372,1845,5,A historical wonder with rich heritage and architecture! Visiting Mahabalipuram Lighthouse was amazing.
1117,373,1640,5,A historical wonder with rich heritage and architecture! Visiting Five Rathas was amazing.
1118,373,1388,5,A historical wonder with rich heritage and architecture! Visiting Five Rathas was amazing.
1119,373,302,1,A historical wonder with rich heritage and architecture! Visiting Five Rathas was amazing.
1120,374,1945,4,A historical wonder with rich heritage and architecture! Visiting Arjuna's Penance was amazing.
1121,374,355,2,A historical wonder with rich heritage and architecture! Visiting Arjuna's Penance was amazing.
1122,374,1991,2,A historical wonder with rich heritage and architecture! Visiting Arjuna's Penance was amazing.
1123,375,1656,2,Incredible natural beauty with scenic landscapes! Visiting Krishna's Butter Ball was amazing.
1124,375,259,1,Incredible natural beauty with scenic landscapes! Visiting Krishna's Butter Ball was amazing.
1125,375,868,1,Incredible natural beauty with scenic landscapes! Visiting Krishna's Butter Ball was amazing.
1126,376,1400,4,A historical wonder with rich heritage and architecture! Visiting Tiger Cave was amazing.
1127,376,414,2,A historical wonder with rich heritage and architecture! Visiting Tiger Cave was amazing.
1128,376,1709,5,A historical wonder with rich heritage and architecture! Visiting Tiger Cave was amazing.
1129,377,529,3,Incredible natural beauty with scenic landscapes! Visiting Vedanthangal Bird Sanctuary was amazing.
1130,377,1866,1,Incredible natural beauty with scenic landscapes! Visiting Vedanthangal Bird Sanctuary was amazing.
1131,377,179,4,Incredible natural beauty with scenic landscapes! Visiting Vedanthangal Bird Sanctuary was amazing.
1132,378,1140,4,A peaceful and spiritually uplifting destination. Visiting Auroville Matrimandir was amazing.
1133,378,1131,3,A peaceful and spiritually uplifting destination. Visiting Auroville Matrimandir was amazing.
1134,378,1755,3,A peaceful and spiritually uplifting destination. Visiting Auroville Matrimandir was amazing.
1135,379,1065,4,Loved the beaches and relaxing coastal vibes! Visiting Promenade Beach was amazing.
1136,379,1879,1,Loved the beaches and relaxing coastal vibes! Visiting Promenade Beach was amazing.
1137,379,1611,5,Loved the beaches and relaxing coastal vibes! Visiting Promenade Beach was amazing.
1138,380,1204,5,Loved the beaches and relaxing coastal vibes! Visiting Paradise Beach was amazing.
1139,380,1601,4,Loved the beaches and relaxing coastal vibes! Visiting Paradise Beach was amazing.
1140,380,231,4,Loved the beaches and relaxing coastal vibes! Visiting Paradise Beach was amazing.
1141,381,307,2,A peaceful and spiritually uplifting destination. Visiting Sri Aurobindo Ashram was amazing.
1142,381,1161,5,A peaceful and spiritually uplifting destination. Visiting Sri Aurobindo Ashram was amazing.
1143,381,1194,1,A peaceful and spiritually uplifting destination. Visiting Sri Aurobindo Ashram was amazing.
1144,382,1895,1,A wonderful and memorable travel experience! Visiting French Quarter was amazing.
1145,382,1153,1,A wonderful and memorable travel experience! Visiting French Quarter was amazing.
1146,382,1610,3,A wonderful and memorable travel experience! Visiting French Quarter was amazing.
1147,383,1777,5,A peaceful and spiritually uplifting destination. Visiting Basilica of the Sacred Heart was amazing.
1148,383,1803,3,A peaceful and spiritually uplifting destination. Visiting Basilica of the Sacred Heart was amazing.
1149,383,1798,4,A peaceful and spiritually uplifting destination. Visiting Basilica of the Sacred Heart was amazing.
1150,384,541,4,Thrilling adventure activities and excitement! Visiting Chunnambar Boat House was amazing.
1151,384,1342,4,Thrilling adventure activities and excitement! Visiting Chunnambar Boat House was amazing.
1152,384,1172,5,Thrilling adventure activities and excitement! Visiting Chunnambar Boat House was amazing.
1153,385,969,1,A historical wonder with rich heritage and architecture! Visiting Fort St. George was amazing.
1154,385,353,3,A historical wonder with rich heritage and architecture! Visiting Fort St. George was amazing.
1155,385,826,2,A historical wonder with rich heritage and architecture! Visiting Fort St. George was amazing.
1156,386,1267,5,A wonderful and memorable travel experience! Visiting Government Museum was amazing.
1157,386,1395,4,A wonderful and memorable travel experience! Visiting Government Museum was amazing.
1158,386,80,4,A wonderful and memorable travel experience! Visiting Government Museum was amazing.
1159,387,1822,3,Incredible natural beauty with scenic landscapes! Visiting Semmozhi Poonga was amazing.
1160,387,1415,2,Incredible natural beauty with scenic landscapes! Visiting Semmozhi Poonga was amazing.
1161,387,101,4,Incredible natural beauty with scenic landscapes! Visiting Semmozhi Poonga was amazing.
1162,388,1886,3,Loved the beaches and relaxing coastal vibes! Visiting Elliot's Beach was amazing.
1163,388,1838,3,Loved the beaches and relaxing coastal vibes! Visiting Elliot's Beach was amazing.
1164,388,42,3,Loved the beaches and relaxing coastal vibes! Visiting Elliot's Beach was amazing.
1165,389,1675,3,Incredible natural beauty with scenic landscapes! Visiting Pulicat Lake Bird Sanctuary was amazing.
1166,389,637,3,Incredible natural beauty with scenic landscapes! Visiting Pulicat Lake Bird Sanctuary was amazing.
1167,389,1727,4,Incredible natural beauty with scenic landscapes! Visiting Pulicat Lake Bird Sanctuary was amazing.
1168,390,1758,1,A wonderful and memorable travel experience! Visiting Sriharikota ISRO Centre was amazing.
1169,390,1992,2,A wonderful and memorable travel experience! Visiting Sriharikota ISRO Centre was amazing.
1170,390,276,3,A wonderful and memorable travel experience! Visiting Sriharikota ISRO Centre was amazing.
1171,391,1996,4,Incredible natural beauty with scenic landscapes! Visiting Nellapattu Bird Sanctuary was amazing.
1172,391,1586,3,Incredible natural beauty with scenic landscapes! Visiting Nellapattu Bird Sanctuary was amazing.
1173,391,552,4,Incredible natural beauty with scenic landscapes! Visiting Nellapattu Bird Sanctuary was amazing.
1174,392,1239,1,A historical wonder with rich heritage and architecture! Visiting Udayagiri Fort was amazing.
1175,392,385,4,A historical wonder with rich heritage and architecture! Visiting Udayagiri Fort was amazing.
1176,392,433,4,A historical wonder with rich heritage and architecture! Visiting Udayagiri Fort was amazing.
1177,393,1518,4,Incredible natural beauty with scenic landscapes! Visiting Venkiri Hills was amazing.
1178,393,1556,5,Incredible natural beauty with scenic landscapes! Visiting Venkiri Hills was amazing.
1179,393,1777,3,Incredible natural beauty with scenic landscapes! Visiting Venkiri Hills was amazing.
1180,394,1682,1,Incredible natural beauty with scenic landscapes! Visiting Mylavaram Dam was amazing.
1181,394,1056,2,Incredible natural beauty with scenic landscapes! Visiting Mylavaram Dam was amazing.
1182,394,135,3,Incredible natural beauty with scenic landscapes! Visiting Mylavaram Dam was amazing.
1183,395,1454,5,A peaceful and spiritually uplifting destination. Visiting Vontimitta Kodandarama Temple was amazing.
1184,395,827,2,A peaceful and spiritually uplifting destination. Visiting Vontimitta Kodandarama Temple was amazing.
1185,395,1599,5,A peaceful and spiritually uplifting destination. Visiting Vontimitta Kodandarama Temple was amazing.
1186,396,1801,5,A peaceful and spiritually uplifting destination. Visiting Brahmamgari Matham was amazing.
1187,396,60,2,A peaceful and spiritually uplifting destination. Visiting Brahmamgari Matham was amazing.
1188,396,395,2,A peaceful and spiritually uplifting destination. Visiting Brahmamgari Matham was amazing.
1189,397,1715,1,A historical wonder with rich heritage and architecture! Visiting Siddavatam Fort was amazing.
1190,397,511,1,A historical wonder with rich heritage and architecture! Visiting Siddavatam Fort was amazing.
1191,397,935,1,A historical wonder with rich heritage and architecture! Visiting Siddavatam Fort was amazing.
1192,398,1881,3,Thrilling adventure activities and excitement! Visiting Belum Caves Entrance was amazing.
1193,398,1444,2,Thrilling adventure activities and excitement! Visiting Belum Caves Entrance was amazing.
1194,398,562,3,Thrilling adventure activities and excitement! Visiting Belum Caves Entrance was amazing.
1195,399,1687,4,Incredible natural beauty with scenic landscapes! Visiting Rollapadu Wildlife Sanctuary was amazing.
1196,399,1035,4,Incredible natural beauty with scenic landscapes! Visiting Rollapadu Wildlife Sanctuary was amazing.
1197,399,1302,1,Incredible natural beauty with scenic landscapes! Visiting Rollapadu Wildlife Sanctuary was amazing.
1198,400,1396,1,A peaceful and spiritually uplifting destination. Visiting Mantralayam Raghavendra Swamy was amazing.
1199,400,496,3,A peaceful and spiritually uplifting destination. Visiting Mantralayam Raghavendra Swamy was amazing.
1200,400,1002,5,A peaceful and spiritually uplifting destination. Visiting Mantralayam Raghavendra Swamy was amazing.
1201,401,914,2,A historical wonder with rich heritage and architecture! Visiting Kurnool Konda Reddy Fort was amazing.
1202,401,1968,4,A historical wonder with rich heritage and architecture! Visiting Kurnool Konda Reddy Fort was amazing.
1203,401,1202,5,A historical wonder with rich heritage and architecture! Visiting Kurnool Konda Reddy Fort was amazing.
1204,402,717,3,Incredible natural beauty with scenic landscapes! Visiting Orvakal Rock Garden was amazing.
1205,402,335,3,Incredible natural beauty with scenic landscapes! Visiting Orvakal Rock Garden was amazing.
1206,402,1534,1,Incredible natural beauty with scenic landscapes! Visiting Orvakal Rock Garden was amazing.
1207,403,584,1,A peaceful and spiritually uplifting destination. Visiting Mahanandi Temple was amazing.
1208,403,792,1,A peaceful and spiritually uplifting destination. Visiting Mahanandi Temple was amazing.
1209,403,334,5,A peaceful and spiritually uplifting destination. Visiting Mahanandi Temple was amazing.
1210,404,1598,2,A historical wonder with rich heritage and architecture! Visiting Adoni Fort was amazing.
1211,404,1756,2,A historical wonder with rich heritage and architecture! Visiting Adoni Fort was amazing.
1212,404,1326,2,A historical wonder with rich heritage and architecture! Visiting Adoni Fort was amazing.
1213,405,1388,2,A historical wonder with rich heritage and architecture! Visiting Lepakshi Nandi was amazing.
1214,405,552,4,A historical wonder with rich heritage and architecture! Visiting Lepakshi Nandi was amazing.
1215,405,1052,1,A historical wonder with rich heritage and architecture! Visiting Lepakshi Nandi was amazing.
1216,406,1771,1,A historical wonder with rich heritage and architecture! Visiting Veerabhadra Temple Lepakshi was amazing.
1217,406,971,2,A historical wonder with rich heritage and architecture! Visiting Veerabhadra Temple Lepakshi was amazing.
1218,406,1326,2,A historical wonder with rich heritage and architecture! Visiting Veerabhadra Temple Lepakshi was amazing.
1219,407,1232,1,A peaceful and spiritually uplifting destination. Visiting Puttaparthi Prashanthi Nilayam was amazing.
1220,407,459,3,A peaceful and spiritually uplifting destination. Visiting Puttaparthi Prashanthi Nilayam was amazing.
1221,407,1246,3,A peaceful and spiritually uplifting destination. Visiting Puttaparthi Prashanthi Nilayam was amazing.
1222,408,1460,3,A historical wonder with rich heritage and architecture! Visiting Penukonda Fort was amazing.
1223,408,868,4,A historical wonder with rich heritage and architecture! Visiting Penukonda Fort was amazing.
1224,408,1745,3,A historical wonder with rich heritage and architecture! Visiting Penukonda Fort was amazing.
1225,409,941,3,A historical wonder with rich heritage and architecture! Visiting Gooty Fort was amazing.
1226,409,447,4,A historical wonder with rich heritage and architecture! Visiting Gooty Fort was amazing.
1227,409,619,5,A historical wonder with rich heritage and architecture! Visiting Gooty Fort was amazing.
1228,410,1689,5,A peaceful and spiritually uplifting destination. Visiting Hemavathi Temples was amazing.
1229,410,814,5,A peaceful and spiritually uplifting destination. Visiting Hemavathi Temples was amazing.
1230,410,210,1,A peaceful and spiritually uplifting destination. Visiting Hemavathi Temples was amazing.
1231,411,1048,3,A wonderful and memorable travel experience! Visiting Dharmavaram Silk Centre was amazing.
1232,411,1150,5,A wonderful and memorable travel experience! Visiting Dharmavaram Silk Centre was amazing.
1233,411,1248,3,A wonderful and memorable travel experience! Visiting Dharmavaram Silk Centre was amazing.
1234,412,612,1,A historical wonder with rich heritage and architecture! Visiting Rayadurgam Fort was amazing.
1235,412,987,1,A historical wonder with rich heritage and architecture! Visiting Rayadurgam Fort was amazing.
1236,412,689,3,A historical wonder with rich heritage and architecture! Visiting Rayadurgam Fort was amazing.
1237,413,1312,3,Incredible natural beauty with scenic landscapes! Visiting Thimmamma Marrimanu was amazing.
1238,413,1765,3,Incredible natural beauty with scenic landscapes! Visiting Thimmamma Marrimanu was amazing.
1239,413,535,3,Incredible natural beauty with scenic landscapes! Visiting Thimmamma Marrimanu was amazing.
1240,414,386,2,Incredible natural beauty with scenic landscapes! Visiting Ethipothala Falls was amazing.
1241,414,1060,2,Incredible natural beauty with scenic landscapes! Visiting Ethipothala Falls was amazing.
1242,414,1843,1,Incredible natural beauty with scenic landscapes! Visiting Ethipothala Falls was amazing.
1243,415,1650,5,Incredible natural beauty with scenic landscapes! Visiting Uppalapadu Bird Sanctuary was amazing.
1244,415,828,3,Incredible natural beauty with scenic landscapes! Visiting Uppalapadu Bird Sanctuary was amazing.
1245,415,1395,2,Incredible natural beauty with scenic landscapes! Visiting Uppalapadu Bird Sanctuary was amazing.
1246,416,1478,1,A historical wonder with rich heritage and architecture! Visiting Kondaveedu Fort was amazing.
1247,416,1343,4,A historical wonder with rich heritage and architecture! Visiting Kondaveedu Fort was amazing.
1248,416,606,3,A historical wonder with rich heritage and architecture! Visiting Kondaveedu Fort was amazing.
1249,417,1858,4,A wonderful and memorable travel experience! Visiting Amaravati Museum was amazing.
1250,417,829,4,A wonderful and memorable travel experience! Visiting Amaravati Museum was amazing.
1251,417,1509,1,A wonderful and memorable travel experience! Visiting Amaravati Museum was amazing.
1252,418,1195,5,Loved the beaches and relaxing coastal vibes! Visiting Bapatla Beach was amazing.
1253,418,1672,2,Loved the beaches and relaxing coastal vibes! Visiting Bapatla Beach was amazing.
1254,418,703,2,Loved the beaches and relaxing coastal vibes! Visiting Bapatla Beach was amazing.
1255,419,1406,5,A peaceful and spiritually uplifting destination. Visiting Mangalagiri Panakala Swamy was amazing.
1256,419,1308,4,A peaceful and spiritually uplifting destination. Visiting Mangalagiri Panakala Swamy was amazing.
1257,419,1857,3,A peaceful and spiritually uplifting destination. Visiting Mangalagiri Panakala Swamy was amazing.
1258,420,1039,3,Loved the beaches and relaxing coastal vibes! Visiting Suryalanka Beach was amazing.
1259,420,1732,2,Loved the beaches and relaxing coastal vibes! Visiting Suryalanka Beach was amazing.
1260,420,1722,5,Loved the beaches and relaxing coastal vibes! Visiting Suryalanka Beach was amazing.
1261,421,371,3,Loved the beaches and relaxing coastal vibes! Visiting Chirala Beach was amazing.
1262,421,200,4,Loved the beaches and relaxing coastal vibes! Visiting Chirala Beach was amazing.
1263,421,263,3,Loved the beaches and relaxing coastal vibes! Visiting Chirala Beach was amazing.
1264,422,1486,5,Loved the beaches and relaxing coastal vibes! Visiting Vodarevu Beach was amazing.
1265,422,1563,2,Loved the beaches and relaxing coastal vibes! Visiting Vodarevu Beach was amazing.
1266,422,1940,3,Loved the beaches and relaxing coastal vibes! Visiting Vodarevu Beach was amazing.
1267,423,1341,1,Incredible natural beauty with scenic landscapes! Visiting Nagarjuna Sagar Dam was amazing.
1268,423,456,3,Incredible natural beauty with scenic landscapes! Visiting Nagarjuna Sagar Dam was amazing.
1269,423,458,3,Incredible natural beauty with scenic landscapes! Visiting Nagarjuna Sagar Dam was amazing.
1270,424,862,3,A historical wonder with rich heritage and architecture! Visiting Nagarjunakonda Island was amazing.
1271,424,762,3,A historical wonder with rich heritage and architecture! Visiting Nagarjunakonda Island was amazing.
1272,424,1200,3,A historical wonder with rich heritage and architecture! Visiting Nagarjunakonda Island was amazing.
1273,425,950,1,Incredible natural beauty with scenic landscapes! Visiting Kolleru Bird Sanctuary was amazing.
1274,425,964,1,Incredible natural beauty with scenic landscapes! Visiting Kolleru Bird Sanctuary was amazing.
1275,425,1775,5,Incredible natural beauty with scenic landscapes! Visiting Kolleru Bird Sanctuary was amazing.
1276,426,1189,5,A peaceful and spiritually uplifting destination. Visiting Dwaraka Tirumala was amazing.
1277,426,146,4,A peaceful and spiritually uplifting destination. Visiting Dwaraka Tirumala was amazing.
1278,426,1822,2,A peaceful and spiritually uplifting destination. Visiting Dwaraka Tirumala was amazing.
1279,427,1025,1,Incredible natural beauty with scenic landscapes! Visiting Coringa Wildlife Sanctuary was amazing.
1280,427,1777,4,Incredible natural beauty with scenic landscapes! Visiting Coringa Wildlife Sanctuary was amazing.
1281,427,1086,3,Incredible natural beauty with scenic landscapes! Visiting Coringa Wildlife Sanctuary was amazing.
1282,428,847,1,Loved the beaches and relaxing coastal vibes! Visiting Uppada Beach was amazing.
1283,428,1784,2,Loved the beaches and relaxing coastal vibes! Visiting Uppada Beach was amazing.
1284,428,282,2,Loved the beaches and relaxing coastal vibes! Visiting Uppada Beach was amazing.
1285,429,702,4,A peaceful and spiritually uplifting destination. Visiting Annavaram Satyanarayana Swamy was amazing.
1286,429,1167,4,A peaceful and spiritually uplifting destination. Visiting Annavaram Satyanarayana Swamy was amazing.
1287,429,294,3,A peaceful and spiritually uplifting destination. Visiting Annavaram Satyanarayana Swamy was amazing.
1288,430,1767,2,A peaceful and spiritually uplifting destination. Visiting Draksharamam Temple was amazing.
1289,430,1596,1,A peaceful and spiritually uplifting destination. Visiting Draksharamam Temple was amazing.
1290,430,999,3,A peaceful and spiritually uplifting destination. Visiting Draksharamam Temple was amazing.
1291,431,1293,2,Thrilling adventure activities and excitement! Visiting Papi Hills Boat Cruise was amazing.
1292,431,642,1,Thrilling adventure activities and excitement! Visiting Papi Hills Boat Cruise was amazing.
1293,431,10,4,Thrilling adventure activities and excitement! Visiting Papi Hills Boat Cruise was amazing.
1294,432,561,2,A historical wonder with rich heritage and architecture! Visiting Godavari Arch Bridge was amazing.
1295,432,1559,2,A historical wonder with rich heritage and architecture! Visiting Godavari Arch Bridge was amazing.
1296,432,1181,2,A historical wonder with rich heritage and architecture! Visiting Godavari Arch Bridge was amazing.
1297,433,1003,1,A peaceful and spiritually uplifting destination. Visiting ISKCON Rajahmundry was amazing.
1298,433,266,5,A peaceful and spiritually uplifting destination. Visiting ISKCON Rajahmundry was amazing.
1299,433,889,4,A peaceful and spiritually uplifting destination. Visiting ISKCON Rajahmundry was amazing.
1300,434,827,4,A peaceful and spiritually uplifting destination. Visiting Kotipalli Someswara Swamy was amazing.
1301,434,1977,4,A peaceful and spiritually uplifting destination. Visiting Kotipalli Someswara Swamy was amazing.
1302,434,786,1,A peaceful and spiritually uplifting destination. Visiting Kotipalli Someswara Swamy was amazing.
1303,435,78,5,Loved the beaches and relaxing coastal vibes! Visiting Antarvedi Beach was amazing.
1304,435,409,3,Loved the beaches and relaxing coastal vibes! Visiting Antarvedi Beach was amazing.
1305,435,1946,1,Loved the beaches and relaxing coastal vibes! Visiting Antarvedi Beach was amazing.
1306,436,1827,3,Incredible natural beauty with scenic landscapes! Visiting Dhavaleswaram Barrage was amazing.
1307,436,1551,5,Incredible natural beauty with scenic landscapes! Visiting Dhavaleswaram Barrage was amazing.
1308,436,391,1,Incredible natural beauty with scenic landscapes! Visiting Dhavaleswaram Barrage was amazing.
1309,437,1386,1,Incredible natural beauty with scenic landscapes! Visiting Kadiyapulanka Nurseries was amazing.
1310,437,1284,2,Incredible natural beauty with scenic landscapes! Visiting Kadiyapulanka Nurseries was amazing.
1311,437,464,3,Incredible natural beauty with scenic landscapes! Visiting Kadiyapulanka Nurseries was amazing.
1312,438,640,2,A peaceful and spiritually uplifting destination. Visiting Ryali Jaganmohini Temple was amazing.
1313,438,211,4,A peaceful and spiritually uplifting destination. Visiting Ryali Jaganmohini Temple was amazing.
1314,438,1031,5,A peaceful and spiritually uplifting destination. Visiting Ryali Jaganmohini Temple was amazing.
1315,439,627,2,A peaceful and spiritually uplifting destination. Visiting Ainavilli Vinayaka Temple was amazing.
1316,439,134,1,A peaceful and spiritually uplifting destination. Visiting Ainavilli Vinayaka Temple was amazing.
1317,439,611,3,A peaceful and spiritually uplifting destination. Visiting Ainavilli Vinayaka Temple was amazing.
1318,440,934,5,A peaceful and spiritually uplifting destination. Visiting Samalkot Kumara Rama Temple was amazing.
1319,440,1222,5,A peaceful and spiritually uplifting destination. Visiting Samalkot Kumara Rama Temple was amazing.
1320,440,692,4,A peaceful and spiritually uplifting destination. Visiting Samalkot Kumara Rama Temple was amazing.
1321,441,1819,2,A peaceful and spiritually uplifting destination. Visiting Pancharama Kshetras was amazing.
1322,441,702,4,A peaceful and spiritually uplifting destination. Visiting Pancharama Kshetras was amazing.
1323,441,736,2,A peaceful and spiritually uplifting destination. Visiting Pancharama Kshetras was amazing.
1324,442,338,4,A peaceful and spiritually uplifting destination. Visiting Palakollu Ksheera Rama was amazing.
1325,442,40,2,A peaceful and spiritually uplifting destination. Visiting Palakollu Ksheera Rama was amazing.
1326,442,460,2,A peaceful and spiritually uplifting destination. Visiting Palakollu Ksheera Rama was amazing.
1327,443,433,1,A peaceful and spiritually uplifting destination. Visiting Bhimavaram Somarama Temple was amazing.
1328,443,1208,5,A peaceful and spiritually uplifting destination. Visiting Bhimavaram Somarama Temple was amazing.
1329,443,347,1,A peaceful and spiritually uplifting destination. Visiting Bhimavaram Somarama Temple was amazing.
1330,444,751,1,A peaceful and spiritually uplifting destination. Visiting Kolanupaka Jain Temple was amazing.
1331,444,769,3,A peaceful and spiritually uplifting destination. Visiting Kolanupaka Jain Temple was amazing.
1332,444,1580,5,A peaceful and spiritually uplifting destination. Visiting Kolanupaka Jain Temple was amazing.
1333,445,1277,1,A peaceful and spiritually uplifting destination. Visiting Yadagirigutta Temple was amazing.
1334,445,1217,1,A peaceful and spiritually uplifting destination. Visiting Yadagirigutta Temple was amazing.
1335,445,1356,1,A peaceful and spiritually uplifting destination. Visiting Yadagirigutta Temple was amazing.
1336,446,1339,1,A historical wonder with rich heritage and architecture! Visiting Bhongir Fort was amazing.
1337,446,99,1,A historical wonder with rich heritage and architecture! Visiting Bhongir Fort was amazing.
1338,446,854,4,A historical wonder with rich heritage and architecture! Visiting Bhongir Fort was amazing.
1339,447,779,1,Incredible natural beauty with scenic landscapes! Visiting Pillalamarri Banyan Tree was amazing.
1340,447,1121,3,Incredible natural beauty with scenic landscapes! Visiting Pillalamarri Banyan Tree was amazing.
1341,447,972,2,Incredible natural beauty with scenic landscapes! Visiting Pillalamarri Banyan Tree was amazing.
1342,448,421,1,Incredible natural beauty with scenic landscapes! Visiting Jurala Dam was amazing.
1343,448,617,4,Incredible natural beauty with scenic landscapes! Visiting Jurala Dam was amazing.
1344,448,1356,1,Incredible natural beauty with scenic landscapes! Visiting Jurala Dam was amazing.
1345,449,1357,5,A historical wonder with rich heritage and architecture! Visiting Gadwal Fort was amazing.
1346,449,553,5,A historical wonder with rich heritage and architecture! Visiting Gadwal Fort was amazing.
1347,449,1241,2,A historical wonder with rich heritage and architecture! Visiting Gadwal Fort was amazing.
1348,450,858,1,A peaceful and spiritually uplifting destination. Visiting Alampur Jogulamba Temple was amazing.
1349,450,1048,5,A peaceful and spiritually uplifting destination. Visiting Alampur Jogulamba Temple was amazing.
1350,450,242,3,A peaceful and spiritually uplifting destination. Visiting Alampur Jogulamba Temple was amazing.
1351,451,234,1,Incredible natural beauty with scenic landscapes! Visiting Kinnerasani Wildlife Sanctuary was amazing.
1352,451,1020,2,Incredible natural beauty with scenic landscapes! Visiting Kinnerasani Wildlife Sanctuary was amazing.
1353,451,1248,2,Incredible natural beauty with scenic landscapes! Visiting Kinnerasani Wildlife Sanctuary was amazing.
1354,452,1594,3,A historical wonder with rich heritage and architecture! Visiting Medak Fort was amazing.
1355,452,1703,5,A historical wonder with rich heritage and architecture! Visiting Medak Fort was amazing.
1356,452,1993,2,A historical wonder with rich heritage and architecture! Visiting Medak Fort was amazing.
1357,453,734,4,A peaceful and spiritually uplifting destination. Visiting Medak Cathedral was amazing.
1358,453,605,2,A peaceful and spiritually uplifting destination. Visiting Medak Cathedral was amazing.
1359,453,81,5,A peaceful and spiritually uplifting destination. Visiting Medak Cathedral was amazing.
1360,454,1017,2,Incredible natural beauty with scenic landscapes! Visiting Pocharam Wildlife Sanctuary was amazing.
1361,454,1410,4,Incredible natural beauty with scenic landscapes! Visiting Pocharam Wildlife Sanctuary was amazing.
1362,454,678,2,Incredible natural beauty with scenic landscapes! Visiting Pocharam Wildlife Sanctuary was amazing.
1363,455,6,1,A peaceful and spiritually uplifting destination. Visiting Edupayala Vana Durga Bhavani was amazing.
1364,455,1376,1,A peaceful and spiritually uplifting destination. Visiting Edupayala Vana Durga Bhavani was amazing.
1365,455,1858,1,A peaceful and spiritually uplifting destination. Visiting Edupayala Vana Durga Bhavani was amazing.
1366,456,1711,5,A wonderful and memorable travel experience! Visiting Nirmal Toys Craft Centre was amazing.
1367,456,1371,4,A wonderful and memorable travel experience! Visiting Nirmal Toys Craft Centre was amazing.
1368,456,306,1,A wonderful and memorable travel experience! Visiting Nirmal Toys Craft Centre was amazing.
1369,457,1597,5,A peaceful and spiritually uplifting destination. Visiting Basara Gnana Saraswati Temple was amazing.
1370,457,154,1,A peaceful and spiritually uplifting destination. Visiting Basara Gnana Saraswati Temple was amazing.
1371,457,1853,3,A peaceful and spiritually uplifting destination. Visiting Basara Gnana Saraswati Temple was amazing.
1372,458,1320,2,Incredible natural beauty with scenic landscapes! Visiting Kawal Tiger Reserve was amazing.
1373,458,936,3,Incredible natural beauty with scenic landscapes! Visiting Kawal Tiger Reserve was amazing.
1374,458,541,4,Incredible natural beauty with scenic landscapes! Visiting Kawal Tiger Reserve was amazing.
1375,459,103,1,Incredible natural beauty with scenic landscapes! Visiting Pochera Waterfalls was amazing.
1376,459,1666,2,Incredible natural beauty with scenic landscapes! Visiting Pochera Waterfalls was amazing.
1377,459,1791,1,Incredible natural beauty with scenic landscapes! Visiting Pochera Waterfalls was amazing.
1378,460,1746,3,A peaceful and spiritually uplifting destination. Visiting Basar Saraswati Temple was amazing.
1379,460,738,3,A peaceful and spiritually uplifting destination. Visiting Basar Saraswati Temple was amazing.
1380,460,873,1,A peaceful and spiritually uplifting destination. Visiting Basar Saraswati Temple was amazing.
1381,461,195,1,A peaceful and spiritually uplifting destination. Visiting Dharmapuri Narasimha Swamy was amazing.
1382,461,20,2,A peaceful and spiritually uplifting destination. Visiting Dharmapuri Narasimha Swamy was amazing.
1383,461,1359,2,A peaceful and spiritually uplifting destination. Visiting Dharmapuri Narasimha Swamy was amazing.
1384,462,674,3,A peaceful and spiritually uplifting destination. Visiting Kondagattu Anjaneya Swamy was amazing.
1385,462,1832,4,A peaceful and spiritually uplifting destination. Visiting Kondagattu Anjaneya Swamy was amazing.
1386,462,1957,5,A peaceful and spiritually uplifting destination. Visiting Kondagattu Anjaneya Swamy was amazing.
1387,463,550,1,A peaceful and spiritually uplifting destination. Visiting Vemulawada Rajarajeshwara was amazing.
1388,463,764,3,A peaceful and spiritually uplifting destination. Visiting Vemulawada Rajarajeshwara was amazing.
1389,463,375,1,A peaceful and spiritually uplifting destination. Visiting Vemulawada Rajarajeshwara was amazing.
1390,464,821,4,Incredible natural beauty with scenic landscapes! Visiting Lower Manair Dam was amazing.
1391,464,1971,4,Incredible natural beauty with scenic landscapes! Visiting Lower Manair Dam was amazing.
1392,464,557,4,Incredible natural beauty with scenic landscapes! Visiting Lower Manair Dam was amazing.
1393,465,1413,4,A historical wonder with rich heritage and architecture! Visiting Elgandal Fort was amazing.
1394,465,1639,4,A historical wonder with rich heritage and architecture! Visiting Elgandal Fort was amazing.
1395,465,1329,2,A historical wonder with rich heritage and architecture! Visiting Elgandal Fort was amazing.
1396,466,232,2,A historical wonder with rich heritage and architecture! Visiting Jagityal Fort was amazing.
1397,466,1426,1,A historical wonder with rich heritage and architecture! Visiting Jagityal Fort was amazing.
1398,466,1931,2,A historical wonder with rich heritage and architecture! Visiting Jagityal Fort was amazing.
1399,467,213,4,A historical wonder with rich heritage and architecture! Visiting Nagunur Fort Temples was amazing.
1400,467,1867,5,A historical wonder with rich heritage and architecture! Visiting Nagunur Fort Temples was amazing.
1401,467,989,5,A historical wonder with rich heritage and architecture! Visiting Nagunur Fort Temples was amazing.
1402,468,1390,4,A peaceful and spiritually uplifting destination. Visiting Kaleshwaram Temple was amazing.
1403,468,372,5,A peaceful and spiritually uplifting destination. Visiting Kaleshwaram Temple was amazing.
1404,468,778,3,A peaceful and spiritually uplifting destination. Visiting Kaleshwaram Temple was amazing.
1405,469,1253,1,Incredible natural beauty with scenic landscapes! Visiting Bogatha Waterfalls was amazing.
1406,469,1767,2,Incredible natural beauty with scenic landscapes! Visiting Bogatha Waterfalls was amazing.
1407,469,990,4,Incredible natural beauty with scenic landscapes! Visiting Bogatha Waterfalls was amazing.
1408,470,232,4,Incredible natural beauty with scenic landscapes! Visiting Eturnagaram Wildlife Sanctuary was amazing.
1409,470,903,1,Incredible natural beauty with scenic landscapes! Visiting Eturnagaram Wildlife Sanctuary was amazing.
1410,470,130,3,Incredible natural beauty with scenic landscapes! Visiting Eturnagaram Wildlife Sanctuary was amazing.
1411,471,1342,3,Thrilling adventure activities and excitement! Visiting Laknavaram Suspension Bridge was amazing.
1412,471,26,5,Thrilling adventure activities and excitement! Visiting Laknavaram Suspension Bridge was amazing.
1413,471,1572,5,Thrilling adventure activities and excitement! Visiting Laknavaram Suspension Bridge was amazing.
1414,472,1483,5,Incredible natural beauty with scenic landscapes! Visiting Kakatiya Musical Garden was amazing.
1415,472,459,3,Incredible natural beauty with scenic landscapes! Visiting Kakatiya Musical Garden was amazing.
1416,472,1064,5,Incredible natural beauty with scenic landscapes! Visiting Kakatiya Musical Garden was amazing.
1417,473,1410,5,A peaceful and spiritually uplifting destination. Visiting Bhadrakali Temple was amazing.
1418,473,196,4,A peaceful and spiritually uplifting destination. Visiting Bhadrakali Temple was amazing.
1419,473,1356,2,A peaceful and spiritually uplifting destination. Visiting Bhadrakali Temple was amazing.
1420,474,987,3,A historical wonder with rich heritage and architecture! Visiting Pandavula Gutta was amazing.
1421,474,1360,4,A historical wonder with rich heritage and architecture! Visiting Pandavula Gutta was amazing.
1422,474,305,5,A historical wonder with rich heritage and architecture! Visiting Pandavula Gutta was amazing.
1423,475,1827,5,Incredible natural beauty with scenic landscapes! Visiting Ananthagiri Hills Vikarabad was amazing.
1424,475,112,1,Incredible natural beauty with scenic landscapes! Visiting Ananthagiri Hills Vikarabad was amazing.
1425,475,1318,2,Incredible natural beauty with scenic landscapes! Visiting Ananthagiri Hills Vikarabad was amazing.
1426,476,1036,4,Thrilling adventure activities and excitement! Visiting Kotepally Reservoir was amazing.
1427,476,1745,4,Thrilling adventure activities and excitement! Visiting Kotepally Reservoir was amazing.
1428,476,1781,2,Thrilling adventure activities and excitement! Visiting Kotepally Reservoir was amazing.
1429,477,154,4,A peaceful and spiritually uplifting destination. Visiting Chilkur Balaji Temple was amazing.
1430,477,657,2,A peaceful and spiritually uplifting destination. Visiting Chilkur Balaji Temple was amazing.
1431,477,678,3,A peaceful and spiritually uplifting destination. Visiting Chilkur Balaji Temple was amazing.
1432,478,104,5,Incredible natural beauty with scenic landscapes! Visiting Gandipet Lake was amazing.
1433,478,457,5,Incredible natural beauty with scenic landscapes! Visiting Gandipet Lake was amazing.
1434,478,1318,4,Incredible natural beauty with scenic landscapes! Visiting Gandipet Lake was amazing.
1435,479,826,2,Incredible natural beauty with scenic landscapes! Visiting Himayat Sagar Lake was amazing.
1436,479,162,4,Incredible natural beauty with scenic landscapes! Visiting Himayat Sagar Lake was amazing.
1437,479,910,5,Incredible natural beauty with scenic landscapes! Visiting Himayat Sagar Lake was amazing.
1438,480,918,1,Incredible natural beauty with scenic landscapes! Visiting Mrugavani National Park was amazing.
1439,480,1755,4,Incredible natural beauty with scenic landscapes! Visiting Mrugavani National Park was amazing.
1440,480,916,3,Incredible natural beauty with scenic landscapes! Visiting Mrugavani National Park was amazing.
1441,481,244,4,A peaceful and spiritually uplifting destination. Visiting Sanghi Temple was amazing.
1442,481,1527,1,A peaceful and spiritually uplifting destination. Visiting Sanghi Temple was amazing.
1443,481,211,4,A peaceful and spiritually uplifting destination. Visiting Sanghi Temple was amazing.
1444,482,845,1,A wonderful and memorable travel experience! Visiting Mount Opera was amazing.
1445,482,1142,5,A wonderful and memorable travel experience! Visiting Mount Opera was amazing.
1446,482,1,1,A wonderful and memorable travel experience! Visiting Mount Opera was amazing.
1447,483,1622,5,A wonderful and memorable travel experience! Visiting Ocean Park was amazing.
1448,483,1973,5,A wonderful and memorable travel experience! Visiting Ocean Park was amazing.
1449,483,1306,3,A wonderful and memorable travel experience! Visiting Ocean Park was amazing.
1450,484,1823,5,A wonderful and memorable travel experience! Visiting Snow World was amazing.
1451,484,1152,2,A wonderful and memorable travel experience! Visiting Snow World was amazing.
1452,484,1341,4,A wonderful and memorable travel experience! Visiting Snow World was amazing.
1453,485,1947,3,A wonderful and memorable travel experience! Visiting Sudha Car Museum was amazing.
1454,485,745,1,A wonderful and memorable travel experience! Visiting Sudha Car Museum was amazing.
1455,485,1673,2,A wonderful and memorable travel experience! Visiting Sudha Car Museum was amazing.
1456,486,1730,4,A historical wonder with rich heritage and architecture! Visiting Taramati Baradari was amazing.
1457,486,680,5,A historical wonder with rich heritage and architecture! Visiting Taramati Baradari was amazing.
1458,486,1572,5,A historical wonder with rich heritage and architecture! Visiting Taramati Baradari was amazing.
1459,487,1229,4,A historical wonder with rich heritage and architecture! Visiting Purani Haveli was amazing.
1460,487,1468,3,A historical wonder with rich heritage and architecture! Visiting Purani Haveli was amazing.
1461,487,1467,4,A historical wonder with rich heritage and architecture! Visiting Purani Haveli was amazing.
1462,488,234,1,Incredible natural beauty with scenic landscapes! Visiting Lumbini Park was amazing.
1463,488,1556,2,Incredible natural beauty with scenic landscapes! Visiting Lumbini Park was amazing.
1464,488,5,3,Incredible natural beauty with scenic landscapes! Visiting Lumbini Park was amazing.
1465,489,728,3,Incredible natural beauty with scenic landscapes! Visiting NTR Gardens was amazing.
1466,489,1122,5,Incredible natural beauty with scenic landscapes! Visiting NTR Gardens was amazing.
1467,489,766,1,Incredible natural beauty with scenic landscapes! Visiting NTR Gardens was amazing.
1468,490,94,2,Incredible natural beauty with scenic landscapes! Visiting Necklace Road was amazing.
1469,490,1009,2,Incredible natural beauty with scenic landscapes! Visiting Necklace Road was amazing.
1470,490,1684,4,Incredible natural beauty with scenic landscapes! Visiting Necklace Road was amazing.
1471,491,220,3,Incredible natural beauty with scenic landscapes! Visiting Lakeside Marine Drive was amazing.
1472,491,1252,2,Incredible natural beauty with scenic landscapes! Visiting Lakeside Marine Drive was amazing.
1473,491,385,1,Incredible natural beauty with scenic landscapes! Visiting Lakeside Marine Drive was amazing.
1474,492,1906,4,A peaceful and spiritually uplifting destination. Visiting Jagannath Temple Hyderabad was amazing.
1475,492,442,4,A peaceful and spiritually uplifting destination. Visiting Jagannath Temple Hyderabad was amazing.
1476,492,1689,2,A peaceful and spiritually uplifting destination. Visiting Jagannath Temple Hyderabad was amazing.
1477,493,1468,3,Incredible natural beauty with scenic landscapes! Visiting Public Gardens Nampally was amazing.
1478,493,221,4,Incredible natural beauty with scenic landscapes! Visiting Public Gardens Nampally was amazing.
1479,493,96,5,Incredible natural beauty with scenic landscapes! Visiting Public Gardens Nampally was amazing.
1480,494,253,4,A wonderful and memorable travel experience! Visiting State Museum Hyderabad was amazing.
1481,494,937,5,A wonderful and memorable travel experience! Visiting State Museum Hyderabad was amazing.
1482,494,1959,5,A wonderful and memorable travel experience! Visiting State Museum Hyderabad was amazing.
1483,495,276,4,Incredible natural beauty with scenic landscapes! Visiting Kasu Brahmananda Reddy Park was amazing.
1484,495,9,5,Incredible natural beauty with scenic landscapes! Visiting Kasu Brahmananda Reddy Park was amazing.
1485,495,1508,1,Incredible natural beauty with scenic landscapes! Visiting Kasu Brahmananda Reddy Park was amazing.
1486,496,1134,4,Incredible natural beauty with scenic landscapes! Visiting Deer Park Shamirpet was amazing.
1487,496,1718,5,Incredible natural beauty with scenic landscapes! Visiting Deer Park Shamirpet was amazing.
1488,496,990,5,Incredible natural beauty with scenic landscapes! Visiting Deer Park Shamirpet was amazing.
1489,497,1600,2,Incredible natural beauty with scenic landscapes! Visiting Shamirpet Lake was amazing.
1490,497,1417,5,Incredible natural beauty with scenic landscapes! Visiting Shamirpet Lake was amazing.
1491,497,356,2,Incredible natural beauty with scenic landscapes! Visiting Shamirpet Lake was amazing.
1492,498,213,4,A peaceful and spiritually uplifting destination. Visiting Keesara Gutta Temple was amazing.
1493,498,1347,5,A peaceful and spiritually uplifting destination. Visiting Keesara Gutta Temple was amazing.
1494,498,1242,3,A peaceful and spiritually uplifting destination. Visiting Keesara Gutta Temple was amazing.
1495,499,1033,4,A historical wonder with rich heritage and architecture! Visiting Chaya Someswara Temple was amazing.
1496,499,858,5,A historical wonder with rich heritage and architecture! Visiting Chaya Someswara Temple was amazing.
1497,499,1876,2,A historical wonder with rich heritage and architecture! Visiting Chaya Someswara Temple was amazing.
1498,500,561,4,A wonderful and memorable travel experience! Visiting Panagal Museum was amazing.
1499,500,1974,3,A wonderful and memorable travel experience! Visiting Panagal Museum was amazing.
1500,500,1988,3,A wonderful and memorable travel experience! Visiting Panagal Museum was amazing.
1501,501,928,2,A historical wonder with rich heritage and architecture! Visiting Orchha Fort Complex was amazing.
1502,501,283,4,A historical wonder with rich heritage and architecture! Visiting Orchha Fort Complex was amazing.
1503,501,1234,5,A historical wonder with rich heritage and architecture! Visiting Orchha Fort Complex was amazing.
1504,502,613,5,A peaceful and spiritually uplifting destination. Visiting Chaturbhuj Temple was amazing.
1505,502,1763,3,A peaceful and spiritually uplifting destination. Visiting Chaturbhuj Temple was amazing.
1506,502,1458,5,A peaceful and spiritually uplifting destination. Visiting Chaturbhuj Temple was amazing.
1507,503,1296,2,A historical wonder with rich heritage and architecture! Visiting Jahangir Mahal was amazing.
1508,503,412,2,A historical wonder with rich heritage and architecture! Visiting Jahangir Mahal was amazing.
1509,503,1279,3,A historical wonder with rich heritage and architecture! Visiting Jahangir Mahal was amazing.
1510,504,1407,3,A historical wonder with rich heritage and architecture! Visiting Bhimbetka Rock Shelters was amazing.
1511,504,1887,2,A historical wonder with rich heritage and architecture! Visiting Bhimbetka Rock Shelters was amazing.
1512,504,1455,2,A historical wonder with rich heritage and architecture! Visiting Bhimbetka Rock Shelters was amazing.
1513,505,1032,5,A peaceful and spiritually uplifting destination. Visiting Bhojeshwar Temple was amazing.
1514,505,1422,3,A peaceful and spiritually uplifting destination. Visiting Bhojeshwar Temple was amazing.
1515,505,1455,1,A peaceful and spiritually uplifting destination. Visiting Bhojeshwar Temple was amazing.
1516,506,1559,3,A historical wonder with rich heritage and architecture! Visiting Udayagiri Caves was amazing.
1517,506,1152,4,A historical wonder with rich heritage and architecture! Visiting Udayagiri Caves was amazing.
1518,506,1194,5,A historical wonder with rich heritage and architecture! Visiting Udayagiri Caves was amazing.
1519,507,1931,4,A historical wonder with rich heritage and architecture! Visiting Sanchi Stupa 2 was amazing.
1520,507,1381,5,A historical wonder with rich heritage and architecture! Visiting Sanchi Stupa 2 was amazing.
1521,507,586,4,A historical wonder with rich heritage and architecture! Visiting Sanchi Stupa 2 was amazing.
1522,508,1656,1,A historical wonder with rich heritage and architecture! Visiting Mandu Fort was amazing.
1523,508,1071,1,A historical wonder with rich heritage and architecture! Visiting Mandu Fort was amazing.
1524,508,52,4,A historical wonder with rich heritage and architecture! Visiting Mandu Fort was amazing.
1525,509,298,1,A historical wonder with rich heritage and architecture! Visiting Jahaz Mahal was amazing.
1526,509,1373,1,A historical wonder with rich heritage and architecture! Visiting Jahaz Mahal was amazing.
1527,509,410,3,A historical wonder with rich heritage and architecture! Visiting Jahaz Mahal was amazing.
1528,510,1537,2,A historical wonder with rich heritage and architecture! Visiting Rani Roopmati Pavilion was amazing.
1529,510,587,3,A historical wonder with rich heritage and architecture! Visiting Rani Roopmati Pavilion was amazing.
1530,510,300,1,A historical wonder with rich heritage and architecture! Visiting Rani Roopmati Pavilion was amazing.
1531,511,1415,3,A historical wonder with rich heritage and architecture! Visiting Baz Bahadur Palace was amazing.
1532,511,418,5,A historical wonder with rich heritage and architecture! Visiting Baz Bahadur Palace was amazing.
1533,511,67,3,A historical wonder with rich heritage and architecture! Visiting Baz Bahadur Palace was amazing.
1534,512,1668,4,A historical wonder with rich heritage and architecture! Visiting Hindola Mahal was amazing.
1535,512,210,5,A historical wonder with rich heritage and architecture! Visiting Hindola Mahal was amazing.
1536,512,1778,5,A historical wonder with rich heritage and architecture! Visiting Hindola Mahal was amazing.
1537,513,1772,2,A peaceful and spiritually uplifting destination. Visiting Omkareshwar Jyotirlinga was amazing.
1538,513,1521,5,A peaceful and spiritually uplifting destination. Visiting Omkareshwar Jyotirlinga was amazing.
1539,513,797,2,A peaceful and spiritually uplifting destination. Visiting Omkareshwar Jyotirlinga was amazing.
1540,514,1047,3,A historical wonder with rich heritage and architecture! Visiting Maheshwar Ahilya Fort was amazing.
1541,514,1420,1,A historical wonder with rich heritage and architecture! Visiting Maheshwar Ahilya Fort was amazing.
1542,514,1898,4,A historical wonder with rich heritage and architecture! Visiting Maheshwar Ahilya Fort was amazing.
1543,515,794,4,Incredible natural beauty with scenic landscapes! Visiting Patalpani Waterfall was amazing.
1544,515,1960,3,Incredible natural beauty with scenic landscapes! Visiting Patalpani Waterfall was amazing.
1545,515,1979,5,Incredible natural beauty with scenic landscapes! Visiting Patalpani Waterfall was amazing.
1546,516,111,1,A wonderful and memorable travel experience! Visiting Choral Dam was amazing.
1547,516,1524,3,A wonderful and memorable travel experience! Visiting Choral Dam was amazing.
1548,516,416,5,A wonderful and memorable travel experience! Visiting Choral Dam was amazing.
1549,517,1780,4,Incredible natural beauty with scenic landscapes! Visiting Tinchafall was amazing.
1550,517,1700,2,Incredible natural beauty with scenic landscapes! Visiting Tinchafall was amazing.
1551,517,1867,3,Incredible natural beauty with scenic landscapes! Visiting Tinchafall was amazing.
1552,518,1547,5,A historical wonder with rich heritage and architecture! Visiting Lal Bagh Palace was amazing.
1553,518,1120,5,A historical wonder with rich heritage and architecture! Visiting Lal Bagh Palace was amazing.
1554,518,403,2,A historical wonder with rich heritage and architecture! Visiting Lal Bagh Palace was amazing.
1555,519,603,4,A historical wonder with rich heritage and architecture! Visiting Rajwada Palace was amazing.
1556,519,364,1,A historical wonder with rich heritage and architecture! Visiting Rajwada Palace was amazing.
1557,519,383,2,A historical wonder with rich heritage and architecture! Visiting Rajwada Palace was amazing.
1558,520,1506,5,A peaceful and spiritually uplifting destination. Visiting Khajrana Ganesh Temple was amazing.
1559,520,245,4,A peaceful and spiritually uplifting destination. Visiting Khajrana Ganesh Temple was amazing.
1560,520,84,4,A peaceful and spiritually uplifting destination. Visiting Khajrana Ganesh Temple was amazing.
1561,521,572,5,Incredible natural beauty with scenic landscapes! Visiting Upper Lake was amazing.
1562,521,542,2,Incredible natural beauty with scenic landscapes! Visiting Upper Lake was amazing.
1563,521,330,5,Incredible natural beauty with scenic landscapes! Visiting Upper Lake was amazing.
1564,522,1733,3,An exciting wildlife experience close to nature! Visiting Van Vihar National Park was amazing.
1565,522,12,3,An exciting wildlife experience close to nature! Visiting Van Vihar National Park was amazing.
1566,522,956,2,An exciting wildlife experience close to nature! Visiting Van Vihar National Park was amazing.
1567,523,82,2,A wonderful and memorable travel experience! Visiting Bharat Bhavan was amazing.
1568,523,1902,3,A wonderful and memorable travel experience! Visiting Bharat Bhavan was amazing.
1569,523,1223,1,A wonderful and memorable travel experience! Visiting Bharat Bhavan was amazing.
1570,524,1585,5,A wonderful and memorable travel experience! Visiting Tribal Museum Bhopal was amazing.
1571,524,1727,3,A wonderful and memorable travel experience! Visiting Tribal Museum Bhopal was amazing.
1572,524,1005,5,A wonderful and memorable travel experience! Visiting Tribal Museum Bhopal was amazing.
1573,525,1127,3,An exciting wildlife experience close to nature! Visiting Kanha Tiger Reserve was amazing.
1574,525,150,3,An exciting wildlife experience close to nature! Visiting Kanha Tiger Reserve was amazing.
1575,525,1077,2,An exciting wildlife experience close to nature! Visiting Kanha Tiger Reserve was amazing.
1576,526,1960,2,A historical wonder with rich heritage and architecture! Visiting Bandhavgarh Fort was amazing.
1577,526,1067,1,A historical wonder with rich heritage and architecture! Visiting Bandhavgarh Fort was amazing.
1578,526,1611,5,A historical wonder with rich heritage and architecture! Visiting Bandhavgarh Fort was amazing.
1579,527,327,4,An exciting wildlife experience close to nature! Visiting Panna Tiger Reserve was amazing.
1580,527,1113,5,An exciting wildlife experience close to nature! Visiting Panna Tiger Reserve was amazing.
1581,527,827,1,An exciting wildlife experience close to nature! Visiting Panna Tiger Reserve was amazing.
1582,528,716,2,Incredible natural beauty with scenic landscapes! Visiting Pandav Falls was amazing.
1583,528,1810,2,Incredible natural beauty with scenic landscapes! Visiting Pandav Falls was amazing.
1584,528,1359,3,Incredible natural beauty with scenic landscapes! Visiting Pandav Falls was amazing.
1585,529,679,3,Incredible natural beauty with scenic landscapes! Visiting Dhuandhar Falls was amazing.
1586,529,602,2,Incredible natural beauty with scenic landscapes! Visiting Dhuandhar Falls was amazing.
1587,529,1947,5,Incredible natural beauty with scenic landscapes! Visiting Dhuandhar Falls was amazing.
1588,530,1087,4,Incredible natural beauty with scenic landscapes! Visiting Bhedaghat Marble Rocks was amazing.
1589,530,1150,1,Incredible natural beauty with scenic landscapes! Visiting Bhedaghat Marble Rocks was amazing.
1590,530,235,3,Incredible natural beauty with scenic landscapes! Visiting Bhedaghat Marble Rocks was amazing.
1591,531,913,2,A historical wonder with rich heritage and architecture! Visiting Madan Mahal Fort was amazing.
1592,531,1853,5,A historical wonder with rich heritage and architecture! Visiting Madan Mahal Fort was amazing.
1593,531,1882,5,A historical wonder with rich heritage and architecture! Visiting Madan Mahal Fort was amazing.
1594,532,500,1,A peaceful and spiritually uplifting destination. Visiting Chausath Yogini Temple was amazing.
1595,532,1398,3,A peaceful and spiritually uplifting destination. Visiting Chausath Yogini Temple was amazing.
1596,532,782,1,A peaceful and spiritually uplifting destination. Visiting Chausath Yogini Temple was amazing.
1597,533,791,3,A peaceful and spiritually uplifting destination. Visiting Amarkantak Temple was amazing.
1598,533,1107,3,A peaceful and spiritually uplifting destination. Visiting Amarkantak Temple was amazing.
1599,533,51,5,A peaceful and spiritually uplifting destination. Visiting Amarkantak Temple was amazing.
1600,534,1684,3,A peaceful and spiritually uplifting destination. Visiting Narmada Udgam was amazing.
1601,534,1054,5,A peaceful and spiritually uplifting destination. Visiting Narmada Udgam was amazing.
1602,534,913,4,A peaceful and spiritually uplifting destination. Visiting Narmada Udgam was amazing.
1603,535,90,3,Incredible natural beauty with scenic landscapes! Visiting Dudhdhara Falls was amazing.
1604,535,1840,2,Incredible natural beauty with scenic landscapes! Visiting Dudhdhara Falls was amazing.
1605,535,657,5,Incredible natural beauty with scenic landscapes! Visiting Dudhdhara Falls was amazing.
1606,536,169,1,An exciting wildlife experience close to nature! Visiting Gwalior Zoo was amazing.
1607,536,343,5,An exciting wildlife experience close to nature! Visiting Gwalior Zoo was amazing.
1608,536,1093,1,An exciting wildlife experience close to nature! Visiting Gwalior Zoo was amazing.
1609,537,1284,1,A historical wonder with rich heritage and architecture! Visiting Jai Vilas Palace Museum was amazing.
1610,537,432,2,A historical wonder with rich heritage and architecture! Visiting Jai Vilas Palace Museum was amazing.
1611,537,1772,4,A historical wonder with rich heritage and architecture! Visiting Jai Vilas Palace Museum was amazing.
1612,538,1712,1,A peaceful and spiritually uplifting destination. Visiting Teli Ka Mandir was amazing.
1613,538,422,5,A peaceful and spiritually uplifting destination. Visiting Teli Ka Mandir was amazing.
1614,538,1698,4,A peaceful and spiritually uplifting destination. Visiting Teli Ka Mandir was amazing.
1615,539,1325,1,A peaceful and spiritually uplifting destination. Visiting Saas Bahu Temple was amazing.
1616,539,1530,2,A peaceful and spiritually uplifting destination. Visiting Saas Bahu Temple was amazing.
1617,539,49,4,A peaceful and spiritually uplifting destination. Visiting Saas Bahu Temple was amazing.
1618,540,1469,3,A peaceful and spiritually uplifting destination. Visiting Sun Temple Gwalior was amazing.
1619,540,78,1,A peaceful and spiritually uplifting destination. Visiting Sun Temple Gwalior was amazing.
1620,540,151,1,A peaceful and spiritually uplifting destination. Visiting Sun Temple Gwalior was amazing.
1621,541,365,3,Incredible natural beauty with scenic landscapes! Visiting Chitrakote Falls was amazing.
1622,541,1143,1,Incredible natural beauty with scenic landscapes! Visiting Chitrakote Falls was amazing.
1623,541,1178,2,Incredible natural beauty with scenic landscapes! Visiting Chitrakote Falls was amazing.
1624,542,1866,3,Incredible natural beauty with scenic landscapes! Visiting Teerathgarh Falls was amazing.
1625,542,835,4,Incredible natural beauty with scenic landscapes! Visiting Teerathgarh Falls was amazing.
1626,542,924,4,Incredible natural beauty with scenic landscapes! Visiting Teerathgarh Falls was amazing.
1627,543,887,3,Thrilling adventure activities and excitement! Visiting Kutumsar Caves was amazing.
1628,543,35,4,Thrilling adventure activities and excitement! Visiting Kutumsar Caves was amazing.
1629,543,1379,1,Thrilling adventure activities and excitement! Visiting Kutumsar Caves was amazing.
1630,544,1096,1,An exciting wildlife experience close to nature! Visiting Kanger Valley National Park was amazing.
1631,544,1314,5,An exciting wildlife experience close to nature! Visiting Kanger Valley National Park was amazing.
1632,544,130,5,An exciting wildlife experience close to nature! Visiting Kanger Valley National Park was amazing.
1633,545,94,1,A peaceful and spiritually uplifting destination. Visiting Danteshwari Temple was amazing.
1634,545,733,5,A peaceful and spiritually uplifting destination. Visiting Danteshwari Temple was amazing.
1635,545,218,3,A peaceful and spiritually uplifting destination. Visiting Danteshwari Temple was amazing.
1636,546,1612,3,A historical wonder with rich heritage and architecture! Visiting Bhoramdeo Temple was amazing.
1637,546,1243,1,A historical wonder with rich heritage and architecture! Visiting Bhoramdeo Temple was amazing.
1638,546,577,4,A historical wonder with rich heritage and architecture! Visiting Bhoramdeo Temple was amazing.
1639,547,782,4,Pleasant weather and stunning hill views! Visiting Mainpat Hill Station was amazing.
1640,547,1684,1,Pleasant weather and stunning hill views! Visiting Mainpat Hill Station was amazing.
1641,547,971,2,Pleasant weather and stunning hill views! Visiting Mainpat Hill Station was amazing.
1642,548,1093,2,A historical wonder with rich heritage and architecture! Visiting Sirpur Group of Monuments was amazing.
1643,548,280,4,A historical wonder with rich heritage and architecture! Visiting Sirpur Group of Monuments was amazing.
1644,548,1632,5,A historical wonder with rich heritage and architecture! Visiting Sirpur Group of Monuments was amazing.
1645,549,605,2,An exciting wildlife experience close to nature! Visiting Barnawapara Sanctuary was amazing.
1646,549,611,3,An exciting wildlife experience close to nature! Visiting Barnawapara Sanctuary was amazing.
1647,549,1961,1,An exciting wildlife experience close to nature! Visiting Barnawapara Sanctuary was amazing.
1648,550,1134,5,A peaceful and spiritually uplifting destination. Visiting Dongargarh Bamleshwari was amazing.
1649,550,290,1,A peaceful and spiritually uplifting destination. Visiting Dongargarh Bamleshwari was amazing.
1650,550,86,1,A peaceful and spiritually uplifting destination. Visiting Dongargarh Bamleshwari was amazing.
1651,551,1173,5,Incredible natural beauty with scenic landscapes! Visiting Lansdowne Tip-In-Top was amazing.
1652,551,808,5,Incredible natural beauty with scenic landscapes! Visiting Lansdowne Tip-In-Top was amazing.
1653,551,1122,1,Incredible natural beauty with scenic landscapes! Visiting Lansdowne Tip-In-Top was amazing.
1654,552,625,2,A wonderful and memorable travel experience! Visiting Bhulla Tal Lake was amazing.
1655,552,1533,3,A wonderful and memorable travel experience! Visiting Bhulla Tal Lake was amazing.
1656,552,434,4,A wonderful and memorable travel experience! Visiting Bhulla Tal Lake was amazing.
1657,553,1855,5,A peaceful and spiritually uplifting destination. Visiting Tarkeshwar Mahadev was amazing.
1658,553,292,2,A peaceful and spiritually uplifting destination. Visiting Tarkeshwar Mahadev was amazing.
1659,553,377,2,A peaceful and spiritually uplifting destination. Visiting Tarkeshwar Mahadev was amazing.
1660,554,1264,3,A historical wonder with rich heritage and architecture! Visiting Pithoragarh Fort was amazing.
1661,554,398,1,A historical wonder with rich heritage and architecture! Visiting Pithoragarh Fort was amazing.
1662,554,372,5,A historical wonder with rich heritage and architecture! Visiting Pithoragarh Fort was amazing.
1663,555,1746,1,Incredible natural beauty with scenic landscapes! Visiting Chandak Hills was amazing.
1664,555,1744,5,Incredible natural beauty with scenic landscapes! Visiting Chandak Hills was amazing.
1665,555,945,5,Incredible natural beauty with scenic landscapes! Visiting Chandak Hills was amazing.
1666,556,150,3,Thrilling adventure activities and excitement! Visiting Munsiyari Khalia Top was amazing.
1667,556,1376,1,Thrilling adventure activities and excitement! Visiting Munsiyari Khalia Top was amazing.
1668,556,514,1,Thrilling adventure activities and excitement! Visiting Munsiyari Khalia Top was amazing.
1669,557,405,5,Incredible natural beauty with scenic landscapes! Visiting Birthi Falls was amazing.
1670,557,998,3,Incredible natural beauty with scenic landscapes! Visiting Birthi Falls was amazing.
1671,557,732,2,Incredible natural beauty with scenic landscapes! Visiting Birthi Falls was amazing.
1672,558,1375,2,Thrilling adventure activities and excitement! Visiting Chopta Tungnath Trek was amazing.
1673,558,205,3,Thrilling adventure activities and excitement! Visiting Chopta Tungnath Trek was amazing.
1674,558,1269,1,Thrilling adventure activities and excitement! Visiting Chopta Tungnath Trek was amazing.
1675,559,1844,2,Thrilling adventure activities and excitement! Visiting Chandrashila Peak was amazing.
1676,559,651,4,Thrilling adventure activities and excitement! Visiting Chandrashila Peak was amazing.
1677,559,923,3,Thrilling adventure activities and excitement! Visiting Chandrashila Peak was amazing.
1678,560,1263,3,Incredible natural beauty with scenic landscapes! Visiting Deoria Tal was amazing.
1679,560,1421,5,Incredible natural beauty with scenic landscapes! Visiting Deoria Tal was amazing.
1680,560,313,5,Incredible natural beauty with scenic landscapes! Visiting Deoria Tal was amazing.
1681,561,1161,3,A peaceful and spiritually uplifting destination. Visiting Joshimath Narasimha Temple was amazing.
1682,561,1655,3,A peaceful and spiritually uplifting destination. Visiting Joshimath Narasimha Temple was amazing.
1683,561,1964,4,A peaceful and spiritually uplifting destination. Visiting Joshimath Narasimha Temple was amazing.
1684,562,346,1,A wonderful and memorable travel experience! Visiting Auli Artificial Lake was amazing.
1685,562,642,2,A wonderful and memorable travel experience! Visiting Auli Artificial Lake was amazing.
1686,562,1610,2,A wonderful and memorable travel experience! Visiting Auli Artificial Lake was amazing.
1687,563,1459,4,Thrilling adventure activities and excitement! Visiting Gorson Bugyal was amazing.
1688,563,567,3,Thrilling adventure activities and excitement! Visiting Gorson Bugyal was amazing.
1689,563,276,3,Thrilling adventure activities and excitement! Visiting Gorson Bugyal was amazing.
1690,564,1798,4,Incredible natural beauty with scenic landscapes! Visiting Chenap Lake was amazing.
1691,564,948,4,Incredible natural beauty with scenic landscapes! Visiting Chenap Lake was amazing.
1692,564,735,3,Incredible natural beauty with scenic landscapes! Visiting Chenap Lake was amazing.
1693,565,998,5,A wonderful and memorable travel experience! Visiting Mana Village was amazing.
1694,565,223,2,A wonderful and memorable travel experience! Visiting Mana Village was amazing.
1695,565,1323,5,A wonderful and memorable travel experience! Visiting Mana Village was amazing.
1696,566,168,3,Incredible natural beauty with scenic landscapes! Visiting Vasudhara Falls was amazing.
1697,566,1759,2,Incredible natural beauty with scenic landscapes! Visiting Vasudhara Falls was amazing.
1698,566,1826,5,Incredible natural beauty with scenic landscapes! Visiting Vasudhara Falls was amazing.
1699,567,403,3,A peaceful and spiritually uplifting destination. Visiting Hemkund Sahib was amazing.
1700,567,1503,1,A peaceful and spiritually uplifting destination. Visiting Hemkund Sahib was amazing.
1701,567,1490,1,A peaceful and spiritually uplifting destination. Visiting Hemkund Sahib was amazing.
1702,568,1828,1,An exciting wildlife experience close to nature! Visiting Binsar Wildlife Sanctuary was amazing.
1703,568,1740,5,An exciting wildlife experience close to nature! Visiting Binsar Wildlife Sanctuary was amazing.
1704,568,1294,1,An exciting wildlife experience close to nature! Visiting Binsar Wildlife Sanctuary was amazing.
1705,569,1665,5,Incredible natural beauty with scenic landscapes! Visiting Zero Point Binsar was amazing.
1706,569,1186,4,Incredible natural beauty with scenic landscapes! Visiting Zero Point Binsar was amazing.
1707,569,1576,5,Incredible natural beauty with scenic landscapes! Visiting Zero Point Binsar was amazing.
1708,570,436,1,A peaceful and spiritually uplifting destination. Visiting Kasar Devi Temple was amazing.
1709,570,1130,3,A peaceful and spiritually uplifting destination. Visiting Kasar Devi Temple was amazing.
1710,570,1114,5,A peaceful and spiritually uplifting destination. Visiting Kasar Devi Temple was amazing.
1711,571,967,2,A peaceful and spiritually uplifting destination. Visiting Jageshwar Dham was amazing.
1712,571,750,4,A peaceful and spiritually uplifting destination. Visiting Jageshwar Dham was amazing.
1713,571,458,5,A peaceful and spiritually uplifting destination. Visiting Jageshwar Dham was amazing.
1714,572,1502,3,A historical wonder with rich heritage and architecture! Visiting Katarmal Sun Temple was amazing.
1715,572,275,4,A historical wonder with rich heritage and architecture! Visiting Katarmal Sun Temple was amazing.
1716,572,1027,5,A historical wonder with rich heritage and architecture! Visiting Katarmal Sun Temple was amazing.
1717,573,186,4,A wonderful and memorable travel experience! Visiting Ranikhet Golf Course was amazing.
1718,573,746,5,A wonderful and memorable travel experience! Visiting Ranikhet Golf Course was amazing.
1719,573,22,2,A wonderful and memorable travel experience! Visiting Ranikhet Golf Course was amazing.
1720,574,1737,5,A peaceful and spiritually uplifting destination. Visiting Jhoola Devi Temple was amazing.
1721,574,1402,2,A peaceful and spiritually uplifting destination. Visiting Jhoola Devi Temple was amazing.
1722,574,1551,5,A peaceful and spiritually uplifting destination. Visiting Jhoola Devi Temple was amazing.
1723,575,288,4,Incredible natural beauty with scenic landscapes! Visiting Chaubatia Gardens was amazing.
1724,575,327,2,Incredible natural beauty with scenic landscapes! Visiting Chaubatia Gardens was amazing.
1725,575,1160,5,Incredible natural beauty with scenic landscapes! Visiting Chaubatia Gardens was amazing.
1726,576,1351,2,Incredible natural beauty with scenic landscapes! Visiting Kausani Tea Estate was amazing.
1727,576,1508,4,Incredible natural beauty with scenic landscapes! Visiting Kausani Tea Estate was amazing.
1728,576,1924,3,Incredible natural beauty with scenic landscapes! Visiting Kausani Tea Estate was amazing.
1729,577,83,2,A historical wonder with rich heritage and architecture! Visiting Anasakti Ashram was amazing.
1730,577,1560,4,A historical wonder with rich heritage and architecture! Visiting Anasakti Ashram was amazing.
1731,577,475,1,A historical wonder with rich heritage and architecture! Visiting Anasakti Ashram was amazing.
1732,578,542,3,A historical wonder with rich heritage and architecture! Visiting Baijnath Temple Complex was amazing.
1733,578,480,1,A historical wonder with rich heritage and architecture! Visiting Baijnath Temple Complex was amazing.
1734,578,1370,2,A historical wonder with rich heritage and architecture! Visiting Baijnath Temple Complex was amazing.
1735,579,1061,3,A peaceful and spiritually uplifting destination. Visiting Mukteshwar Dham was amazing.
1736,579,795,4,A peaceful and spiritually uplifting destination. Visiting Mukteshwar Dham was amazing.
1737,579,1880,4,A peaceful and spiritually uplifting destination. Visiting Mukteshwar Dham was amazing.
1738,580,1806,1,Thrilling adventure activities and excitement! Visiting Chauli Ki Jali was amazing.
1739,580,82,3,Thrilling adventure activities and excitement! Visiting Chauli Ki Jali was amazing.
1740,580,212,5,Thrilling adventure activities and excitement! Visiting Chauli Ki Jali was amazing.
1741,581,1298,3,Incredible natural beauty with scenic landscapes! Visiting Sat Tal Lakes was amazing.
1742,581,1710,3,Incredible natural beauty with scenic landscapes! Visiting Sat Tal Lakes was amazing.
1743,581,1186,5,Incredible natural beauty with scenic landscapes! Visiting Sat Tal Lakes was amazing.
1744,582,1168,2,A wonderful and memorable travel experience! Visiting Naukuchiatal was amazing.
1745,582,772,4,A wonderful and memorable travel experience! Visiting Naukuchiatal was amazing.
1746,582,749,5,A wonderful and memorable travel experience! Visiting Naukuchiatal was amazing.
1747,583,1339,1,A wonderful and memorable travel experience! Visiting Bhimtal Island Museum was amazing.
1748,583,1059,3,A wonderful and memorable travel experience! Visiting Bhimtal Island Museum was amazing.
1749,583,771,2,A wonderful and memorable travel experience! Visiting Bhimtal Island Museum was amazing.
1750,584,1058,4,A peaceful and spiritually uplifting destination. Visiting Kainchi Dham Ashram was amazing.
1751,584,723,3,A peaceful and spiritually uplifting destination. Visiting Kainchi Dham Ashram was amazing.
1752,584,998,4,A peaceful and spiritually uplifting destination. Visiting Kainchi Dham Ashram was amazing.
1753,585,1817,5,A peaceful and spiritually uplifting destination. Visiting Golu Devta Temple was amazing.
1754,585,14,5,A peaceful and spiritually uplifting destination. Visiting Golu Devta Temple was amazing.
1755,585,1807,2,A peaceful and spiritually uplifting destination. Visiting Golu Devta Temple was amazing.
1756,586,901,2,Incredible natural beauty with scenic landscapes! Visiting Dhanaulti Eco Park was amazing.
1757,586,472,1,Incredible natural beauty with scenic landscapes! Visiting Dhanaulti Eco Park was amazing.
1758,586,1054,3,Incredible natural beauty with scenic landscapes! Visiting Dhanaulti Eco Park was amazing.
1759,587,434,2,A peaceful and spiritually uplifting destination. Visiting Surkanda Devi Temple was amazing.
1760,587,383,2,A peaceful and spiritually uplifting destination. Visiting Surkanda Devi Temple was amazing.
1761,587,742,5,A peaceful and spiritually uplifting destination. Visiting Surkanda Devi Temple was amazing.
1762,588,1470,1,A wonderful and memorable travel experience! Visiting Tehri Dam was amazing.
1763,588,1354,2,A wonderful and memorable travel experience! Visiting Tehri Dam was amazing.
1764,588,850,3,A wonderful and memorable travel experience! Visiting Tehri Dam was amazing.
1765,589,1476,1,A wonderful and memorable travel experience! Visiting Kanatal Hill Top was amazing.
1766,589,987,4,A wonderful and memorable travel experience! Visiting Kanatal Hill Top was amazing.
1767,589,982,2,A wonderful and memorable travel experience! Visiting Kanatal Hill Top was amazing.
1768,590,1210,2,Incredible natural beauty with scenic landscapes! Visiting Robber's Cave was amazing.
1769,590,1326,4,Incredible natural beauty with scenic landscapes! Visiting Robber's Cave was amazing.
1770,590,46,2,Incredible natural beauty with scenic landscapes! Visiting Robber's Cave was amazing.
1771,591,89,2,Incredible natural beauty with scenic landscapes! Visiting Sahastradhara was amazing.
1772,591,1175,5,Incredible natural beauty with scenic landscapes! Visiting Sahastradhara was amazing.
1773,591,330,2,Incredible natural beauty with scenic landscapes! Visiting Sahastradhara was amazing.
1774,592,1290,5,A peaceful and spiritually uplifting destination. Visiting Tapkeshwar Temple was amazing.
1775,592,81,5,A peaceful and spiritually uplifting destination. Visiting Tapkeshwar Temple was amazing.
1776,592,301,1,A peaceful and spiritually uplifting destination. Visiting Tapkeshwar Temple was amazing.
1777,593,341,3,A peaceful and spiritually uplifting destination. Visiting Mindrolling Monastery was amazing.
1778,593,1890,2,A peaceful and spiritually uplifting destination. Visiting Mindrolling Monastery was amazing.
1779,593,1059,4,A peaceful and spiritually uplifting destination. Visiting Mindrolling Monastery was amazing.
1780,594,1228,5,A wonderful and memorable travel experience! Visiting Forest Research Institute was amazing.
1781,594,1306,1,A wonderful and memorable travel experience! Visiting Forest Research Institute was amazing.
1782,594,1800,3,A wonderful and memorable travel experience! Visiting Forest Research Institute was amazing.
1783,595,1940,1,A wonderful and memorable travel experience! Visiting Paltan Bazaar was amazing.
1784,595,444,4,A wonderful and memorable travel experience! Visiting Paltan Bazaar was amazing.
1785,595,1243,4,A wonderful and memorable travel experience! Visiting Paltan Bazaar was amazing.
1786,596,1777,4,An exciting wildlife experience close to nature! Visiting Malsi Deer Park was amazing.
1787,596,350,2,An exciting wildlife experience close to nature! Visiting Malsi Deer Park was amazing.
1788,596,1701,4,An exciting wildlife experience close to nature! Visiting Malsi Deer Park was amazing.
1789,597,1231,2,An exciting wildlife experience close to nature! Visiting Rajaji National Park was amazing.
1790,597,1628,5,An exciting wildlife experience close to nature! Visiting Rajaji National Park was amazing.
1791,597,1681,2,An exciting wildlife experience close to nature! Visiting Rajaji National Park was amazing.
1792,598,1277,5,A peaceful and spiritually uplifting destination. Visiting Chandi Devi Temple was amazing.
1793,598,542,2,A peaceful and spiritually uplifting destination. Visiting Chandi Devi Temple was amazing.
1794,598,1484,3,A peaceful and spiritually uplifting destination. Visiting Chandi Devi Temple was amazing.
1795,599,1889,4,A peaceful and spiritually uplifting destination. Visiting Mansa Devi Temple was amazing.
1796,599,1222,5,A peaceful and spiritually uplifting destination. Visiting Mansa Devi Temple was amazing.
1797,599,141,2,A peaceful and spiritually uplifting destination. Visiting Mansa Devi Temple was amazing.
1798,600,775,4,A peaceful and spiritually uplifting destination. Visiting Daksh Prajapati Temple was amazing.
1799,600,271,1,A peaceful and spiritually uplifting destination. Visiting Daksh Prajapati Temple was amazing.
1800,600,34,2,A peaceful and spiritually uplifting destination. Visiting Daksh Prajapati Temple was amazing.
1801,601,1071,5,A wonderful and memorable travel experience! Visiting Majuli Island Village was amazing.
1802,601,1402,4,A wonderful and memorable travel experience! Visiting Majuli Island Village was amazing.
1803,601,1693,2,A wonderful and memorable travel experience! Visiting Majuli Island Village was amazing.
1804,602,1241,1,A peaceful and spiritually uplifting destination. Visiting Kamalabari Satra was amazing.
1805,602,364,4,A peaceful and spiritually uplifting destination. Visiting Kamalabari Satra was amazing.
1806,602,1847,5,A peaceful and spiritually uplifting destination. Visiting Kamalabari Satra was amazing.
1807,603,1229,1,A peaceful and spiritually uplifting destination. Visiting Auniati Satra was amazing.
1808,603,1798,5,A peaceful and spiritually uplifting destination. Visiting Auniati Satra was amazing.
1809,603,1031,1,A peaceful and spiritually uplifting destination. Visiting Auniati Satra was amazing.
1810,604,191,4,A peaceful and spiritually uplifting destination. Visiting Dakhinpat Satra was amazing.
1811,604,1351,2,A peaceful and spiritually uplifting destination. Visiting Dakhinpat Satra was amazing.
1812,604,1848,5,A peaceful and spiritually uplifting destination. Visiting Dakhinpat Satra was amazing.
1813,605,1105,1,A peaceful and spiritually uplifting destination. Visiting Sivasagar Sivadol was amazing.
1814,605,1837,4,A peaceful and spiritually uplifting destination. Visiting Sivasagar Sivadol was amazing.
1815,605,1070,4,A peaceful and spiritually uplifting destination. Visiting Sivasagar Sivadol was amazing.
1816,606,759,1,A historical wonder with rich heritage and architecture! Visiting Rang Ghar was amazing.
1817,606,1429,5,A historical wonder with rich heritage and architecture! Visiting Rang Ghar was amazing.
1818,606,879,2,A historical wonder with rich heritage and architecture! Visiting Rang Ghar was amazing.
1819,607,1922,4,A historical wonder with rich heritage and architecture! Visiting Talatal Ghar was amazing.
1820,607,1618,4,A historical wonder with rich heritage and architecture! Visiting Talatal Ghar was amazing.
1821,607,718,5,A historical wonder with rich heritage and architecture! Visiting Talatal Ghar was amazing.
1822,608,1648,5,A historical wonder with rich heritage and architecture! Visiting Charaideo Maidam was amazing.
1823,608,201,4,A historical wonder with rich heritage and architecture! Visiting Charaideo Maidam was amazing.
1824,608,275,3,A historical wonder with rich heritage and architecture! Visiting Charaideo Maidam was amazing.
1825,609,978,2,An exciting wildlife experience close to nature! Visiting Pobitora Wildlife Sanctuary was amazing.
1826,609,1864,1,An exciting wildlife experience close to nature! Visiting Pobitora Wildlife Sanctuary was amazing.
1827,609,581,5,An exciting wildlife experience close to nature! Visiting Pobitora Wildlife Sanctuary was amazing.
1828,610,1796,5,An exciting wildlife experience close to nature! Visiting Orang National Park was amazing.
1829,610,837,3,An exciting wildlife experience close to nature! Visiting Orang National Park was amazing.
1830,610,388,1,An exciting wildlife experience close to nature! Visiting Orang National Park was amazing.
1831,611,1453,1,An exciting wildlife experience close to nature! Visiting Dibru-Saikhowa Park was amazing.
1832,611,1184,5,An exciting wildlife experience close to nature! Visiting Dibru-Saikhowa Park was amazing.
1833,611,242,5,An exciting wildlife experience close to nature! Visiting Dibru-Saikhowa Park was amazing.
1834,612,15,4,A wonderful and memorable travel experience! Visiting Digboi Oil Well No 1 was amazing.
1835,612,1341,2,A wonderful and memorable travel experience! Visiting Digboi Oil Well No 1 was amazing.
1836,612,1409,3,A wonderful and memorable travel experience! Visiting Digboi Oil Well No 1 was amazing.
1837,613,838,3,A historical wonder with rich heritage and architecture! Visiting Digboi War Cemetery was amazing.
1838,613,219,2,A historical wonder with rich heritage and architecture! Visiting Digboi War Cemetery was amazing.
1839,613,873,5,A historical wonder with rich heritage and architecture! Visiting Digboi War Cemetery was amazing.
1840,614,520,3,A peaceful and spiritually uplifting destination. Visiting Umananda Temple was amazing.
1841,614,1751,5,A peaceful and spiritually uplifting destination. Visiting Umananda Temple was amazing.
1842,614,868,5,A peaceful and spiritually uplifting destination. Visiting Umananda Temple was amazing.
1843,615,749,5,A wonderful and memorable travel experience! Visiting Assam State Museum was amazing.
1844,615,565,4,A wonderful and memorable travel experience! Visiting Assam State Museum was amazing.
1845,615,1547,2,A wonderful and memorable travel experience! Visiting Assam State Museum was amazing.
1846,616,847,5,A wonderful and memorable travel experience! Visiting Guwahati Planetarium was amazing.
1847,616,1606,5,A wonderful and memorable travel experience! Visiting Guwahati Planetarium was amazing.
1848,616,989,2,A wonderful and memorable travel experience! Visiting Guwahati Planetarium was amazing.
1849,617,759,5,A wonderful and memorable travel experience! Visiting Accoland was amazing.
1850,617,1137,4,A wonderful and memorable travel experience! Visiting Accoland was amazing.
1851,617,520,3,A wonderful and memorable travel experience! Visiting Accoland was amazing.
1852,618,1184,3,A historical wonder with rich heritage and architecture! Visiting Madan Kamdev Ruins was amazing.
1853,618,1586,4,A historical wonder with rich heritage and architecture! Visiting Madan Kamdev Ruins was amazing.
1854,618,1507,2,A historical wonder with rich heritage and architecture! Visiting Madan Kamdev Ruins was amazing.
1855,619,1752,1,A peaceful and spiritually uplifting destination. Visiting Hajo Powa Mecca was amazing.
1856,619,1532,2,A peaceful and spiritually uplifting destination. Visiting Hajo Powa Mecca was amazing.
1857,619,915,2,A peaceful and spiritually uplifting destination. Visiting Hajo Powa Mecca was amazing.
1858,620,206,2,A peaceful and spiritually uplifting destination. Visiting Hayagriva Madhava Temple was amazing.
1859,620,1042,4,A peaceful and spiritually uplifting destination. Visiting Hayagriva Madhava Temple was amazing.
1860,620,1610,3,A peaceful and spiritually uplifting destination. Visiting Hayagriva Madhava Temple was amazing.
1861,621,1641,5,A wonderful and memorable travel experience! Visiting Mokokchung Village was amazing.
1862,621,1258,1,A wonderful and memorable travel experience! Visiting Mokokchung Village was amazing.
1863,621,330,4,A wonderful and memorable travel experience! Visiting Mokokchung Village was amazing.
1864,622,1976,1,A wonderful and memorable travel experience! Visiting Ungma Village was amazing.
1865,622,1648,1,A wonderful and memorable travel experience! Visiting Ungma Village was amazing.
1866,622,1687,2,A wonderful and memorable travel experience! Visiting Ungma Village was amazing.
1867,623,966,5,Incredible natural beauty with scenic landscapes! Visiting Longkhum Village was amazing.
1868,623,892,1,Incredible natural beauty with scenic landscapes! Visiting Longkhum Village was amazing.
1869,623,132,3,Incredible natural beauty with scenic landscapes! Visiting Longkhum Village was amazing.
1870,624,455,3,A historical wonder with rich heritage and architecture! Visiting Kohima War Cemetery was amazing.
1871,624,164,5,A historical wonder with rich heritage and architecture! Visiting Kohima War Cemetery was amazing.
1872,624,78,4,A historical wonder with rich heritage and architecture! Visiting Kohima War Cemetery was amazing.
1873,625,1907,4,A wonderful and memorable travel experience! Visiting Kisama Heritage Village was amazing.
1874,625,1258,5,A wonderful and memorable travel experience! Visiting Kisama Heritage Village was amazing.
1875,625,587,5,A wonderful and memorable travel experience! Visiting Kisama Heritage Village was amazing.
1876,626,118,2,Thrilling adventure activities and excitement! Visiting Dzukou Valley was amazing.
1877,626,1312,4,Thrilling adventure activities and excitement! Visiting Dzukou Valley was amazing.
1878,626,900,1,Thrilling adventure activities and excitement! Visiting Dzukou Valley was amazing.
1879,627,414,5,Thrilling adventure activities and excitement! Visiting Japfu Peak was amazing.
1880,627,586,2,Thrilling adventure activities and excitement! Visiting Japfu Peak was amazing.
1881,627,69,5,Thrilling adventure activities and excitement! Visiting Japfu Peak was amazing.
1882,628,1046,5,A wonderful and memorable travel experience! Visiting Kohima State Museum was amazing.
1883,628,1431,2,A wonderful and memorable travel experience! Visiting Kohima State Museum was amazing.
1884,628,1260,2,A wonderful and memorable travel experience! Visiting Kohima State Museum was amazing.
1885,629,1381,1,A wonderful and memorable travel experience! Visiting Khonoma Green Village was amazing.
1886,629,737,2,A wonderful and memorable travel experience! Visiting Khonoma Green Village was amazing.
1887,629,1342,1,A wonderful and memorable travel experience! Visiting Khonoma Green Village was amazing.
1888,630,1999,2,Incredible natural beauty with scenic landscapes! Visiting Tura Peak was amazing.
1889,630,178,3,Incredible natural beauty with scenic landscapes! Visiting Tura Peak was amazing.
1890,630,1597,4,Incredible natural beauty with scenic landscapes! Visiting Tura Peak was amazing.
1891,631,724,4,An exciting wildlife experience close to nature! Visiting Nokrek National Park was amazing.
1892,631,831,5,An exciting wildlife experience close to nature! Visiting Nokrek National Park was amazing.
1893,631,411,5,An exciting wildlife experience close to nature! Visiting Nokrek National Park was amazing.
1894,632,32,1,Thrilling adventure activities and excitement! Visiting Siju Caves was amazing.
1895,632,1883,1,Thrilling adventure activities and excitement! Visiting Siju Caves was amazing.
1896,632,1126,3,Thrilling adventure activities and excitement! Visiting Siju Caves was amazing.
1897,633,1488,5,An exciting wildlife experience close to nature! Visiting Balpakram National Park was amazing.
1898,633,1874,5,An exciting wildlife experience close to nature! Visiting Balpakram National Park was amazing.
1899,633,713,3,An exciting wildlife experience close to nature! Visiting Balpakram National Park was amazing.
1900,634,1973,3,Incredible natural beauty with scenic landscapes! Visiting Elephant Falls was amazing.
1901,634,464,5,Incredible natural beauty with scenic landscapes! Visiting Elephant Falls was amazing.
1902,634,1973,2,Incredible natural beauty with scenic landscapes! Visiting Elephant Falls was amazing.
1903,635,932,4,Incredible natural beauty with scenic landscapes! Visiting Shillong Peak was amazing.
1904,635,1178,1,Incredible natural beauty with scenic landscapes! Visiting Shillong Peak was amazing.
1905,635,535,2,Incredible natural beauty with scenic landscapes! Visiting Shillong Peak was amazing.
1906,636,834,5,A wonderful and memorable travel experience! Visiting Ward's Lake was amazing.
1907,636,219,5,A wonderful and memorable travel experience! Visiting Ward's Lake was amazing.
1908,636,149,5,A wonderful and memorable travel experience! Visiting Ward's Lake was amazing.
1909,637,603,3,A wonderful and memorable travel experience! Visiting Don Bosco Museum was amazing.
1910,637,1940,1,A wonderful and memorable travel experience! Visiting Don Bosco Museum was amazing.
1911,637,1645,5,A wonderful and memorable travel experience! Visiting Don Bosco Museum was amazing.
1912,638,1960,3,Thrilling adventure activities and excitement! Visiting Mawsmai Cave was amazing.
1913,638,1795,5,Thrilling adventure activities and excitement! Visiting Mawsmai Cave was amazing.
1914,638,1666,5,Thrilling adventure activities and excitement! Visiting Mawsmai Cave was amazing.
1915,639,513,4,Incredible natural beauty with scenic landscapes! Visiting Nohkalikai Falls was amazing.
1916,639,1979,4,Incredible natural beauty with scenic landscapes! Visiting Nohkalikai Falls was amazing.
1917,639,1154,4,Incredible natural beauty with scenic landscapes! Visiting Nohkalikai Falls was amazing.
1918,640,1577,2,Incredible natural beauty with scenic landscapes! Visiting Seven Sisters Falls was amazing.
1919,640,1552,3,Incredible natural beauty with scenic landscapes! Visiting Seven Sisters Falls was amazing.
1920,640,1969,4,Incredible natural beauty with scenic landscapes! Visiting Seven Sisters Falls was amazing.
1921,641,1396,4,Incredible natural beauty with scenic landscapes! Visiting Mawsynram Village was amazing.
1922,641,1837,5,Incredible natural beauty with scenic landscapes! Visiting Mawsynram Village was amazing.
1923,641,1766,1,Incredible natural beauty with scenic landscapes! Visiting Mawsynram Village was amazing.
1924,642,988,1,Thrilling adventure activities and excitement! Visiting Krem Puri Cave was amazing.
1925,642,529,1,Thrilling adventure activities and excitement! Visiting Krem Puri Cave was amazing.
1926,642,784,2,Thrilling adventure activities and excitement! Visiting Krem Puri Cave was amazing.
1927,643,1387,2,A wonderful and memorable travel experience! Visiting Mawlynnong Clean Village was amazing.
1928,643,1639,3,A wonderful and memorable travel experience! Visiting Mawlynnong Clean Village was amazing.
1929,643,845,3,A wonderful and memorable travel experience! Visiting Mawlynnong Clean Village was amazing.
1930,644,1058,5,Incredible natural beauty with scenic landscapes! Visiting Dawki Umngot River was amazing.
1931,644,20,3,Incredible natural beauty with scenic landscapes! Visiting Dawki Umngot River was amazing.
1932,644,509,3,Incredible natural beauty with scenic landscapes! Visiting Dawki Umngot River was amazing.
1933,645,191,4,Thrilling adventure activities and excitement! Visiting Shnongpdeng was amazing.
1934,645,1380,3,Thrilling adventure activities and excitement! Visiting Shnongpdeng was amazing.
1935,645,156,5,Thrilling adventure activities and excitement! Visiting Shnongpdeng was amazing.
1936,646,1908,2,Incredible natural beauty with scenic landscapes! Visiting Laitlum Canyons was amazing.
1937,646,976,3,Incredible natural beauty with scenic landscapes! Visiting Laitlum Canyons was amazing.
1938,646,725,2,Incredible natural beauty with scenic landscapes! Visiting Laitlum Canyons was amazing.
1939,647,1832,5,A wonderful and memorable travel experience! Visiting Umiam Lake View Point was amazing.
1940,647,552,2,A wonderful and memorable travel experience! Visiting Umiam Lake View Point was amazing.
1941,647,1940,2,A wonderful and memorable travel experience! Visiting Umiam Lake View Point was amazing.
1942,648,1022,2,A historical wonder with rich heritage and architecture! Visiting Kangla Fort was amazing.
1943,648,481,2,A historical wonder with rich heritage and architecture! Visiting Kangla Fort was amazing.
1944,648,1788,3,A historical wonder with rich heritage and architecture! Visiting Kangla Fort was amazing.
1945,649,424,2,A wonderful and memorable travel experience! Visiting IMA Market was amazing.
1946,649,416,2,A wonderful and memorable travel experience! Visiting IMA Market was amazing.
1947,649,1713,5,A wonderful and memorable travel experience! Visiting IMA Market was amazing.
1948,650,730,2,An exciting wildlife experience close to nature! Visiting Keibul Lamjao Park was amazing.
1949,650,1596,1,An exciting wildlife experience close to nature! Visiting Keibul Lamjao Park was amazing.
1950,650,246,1,An exciting wildlife experience close to nature! Visiting Keibul Lamjao Park was amazing.
1951,651,1385,4,A historical wonder with rich heritage and architecture! Visiting Lothal Dockyard Ruins was amazing.
1952,651,1258,1,A historical wonder with rich heritage and architecture! Visiting Lothal Dockyard Ruins was amazing.
1953,651,1566,5,A historical wonder with rich heritage and architecture! Visiting Lothal Dockyard Ruins was amazing.
1954,652,1962,1,A wonderful and memorable travel experience! Visiting Lothal Museum was amazing.
1955,652,1737,4,A wonderful and memorable travel experience! Visiting Lothal Museum was amazing.
1956,652,761,5,A wonderful and memorable travel experience! Visiting Lothal Museum was amazing.
1957,653,646,4,A historical wonder with rich heritage and architecture! Visiting Dholavira Ancient City was amazing.
1958,653,1840,5,A historical wonder with rich heritage and architecture! Visiting Dholavira Ancient City was amazing.
1959,653,1780,3,A historical wonder with rich heritage and architecture! Visiting Dholavira Ancient City was amazing.
1960,654,1006,2,A wonderful and memorable travel experience! Visiting Wood Fossil Park was amazing.
1961,654,1566,5,A wonderful and memorable travel experience! Visiting Wood Fossil Park was amazing.
1962,654,574,4,A wonderful and memorable travel experience! Visiting Wood Fossil Park was amazing.
1963,655,455,5,A wonderful and memorable travel experience! Visiting White Rann Tent City was amazing.
1964,655,263,1,A wonderful and memorable travel experience! Visiting White Rann Tent City was amazing.
1965,655,1077,4,A wonderful and memorable travel experience! Visiting White Rann Tent City was amazing.
1966,656,980,5,Incredible natural beauty with scenic landscapes! Visiting Kala Dungar was amazing.
1967,656,67,5,Incredible natural beauty with scenic landscapes! Visiting Kala Dungar was amazing.
1968,656,712,4,Incredible natural beauty with scenic landscapes! Visiting Kala Dungar was amazing.
1969,657,1763,2,A historical wonder with rich heritage and architecture! Visiting Aina Mahal was amazing.
1970,657,937,1,A historical wonder with rich heritage and architecture! Visiting Aina Mahal was amazing.
1971,657,1431,5,A historical wonder with rich heritage and architecture! Visiting Aina Mahal was amazing.
1972,658,943,3,A historical wonder with rich heritage and architecture! Visiting Prag Mahal was amazing.
1973,658,1412,1,A historical wonder with rich heritage and architecture! Visiting Prag Mahal was amazing.
1974,658,25,2,A historical wonder with rich heritage and architecture! Visiting Prag Mahal was amazing.
1975,659,778,5,A wonderful and memorable travel experience! Visiting Kutch Museum was amazing.
1976,659,207,3,A wonderful and memorable travel experience! Visiting Kutch Museum was amazing.
1977,659,741,5,A wonderful and memorable travel experience! Visiting Kutch Museum was amazing.
1978,660,1766,3,A peaceful and spiritually uplifting destination. Visiting Swaminarayan Temple Bhuj was amazing.
1979,660,384,5,A peaceful and spiritually uplifting destination. Visiting Swaminarayan Temple Bhuj was amazing.
1980,660,539,2,A peaceful and spiritually uplifting destination. Visiting Swaminarayan Temple Bhuj was amazing.
1981,661,552,4,A wonderful and memorable travel experience! Visiting Hamirsar Lake was amazing.
1982,661,1964,5,A wonderful and memorable travel experience! Visiting Hamirsar Lake was amazing.
1983,661,703,3,A wonderful and memorable travel experience! Visiting Hamirsar Lake was amazing.
1984,662,377,4,A wonderful and memorable travel experience! Visiting Mandvi Ship Building was amazing.
1985,662,869,2,A wonderful and memorable travel experience! Visiting Mandvi Ship Building was amazing.
1986,662,859,3,A wonderful and memorable travel experience! Visiting Mandvi Ship Building was amazing.
1987,663,748,4,A wonderful and memorable travel experience! Visiting Vijay Vilas Palace Garden was amazing.
1988,663,573,4,A wonderful and memorable travel experience! Visiting Vijay Vilas Palace Garden was amazing.
1989,663,369,5,A wonderful and memorable travel experience! Visiting Vijay Vilas Palace Garden was amazing.
1990,664,269,5,A peaceful and spiritually uplifting destination. Visiting 72 Jinalaya Temple was amazing.
1991,664,1405,2,A peaceful and spiritually uplifting destination. Visiting 72 Jinalaya Temple was amazing.
1992,664,1668,1,A peaceful and spiritually uplifting destination. Visiting 72 Jinalaya Temple was amazing.
1993,665,1477,3,An exciting wildlife experience close to nature! Visiting Narala Marine Park was amazing.
1994,665,1647,2,An exciting wildlife experience close to nature! Visiting Narala Marine Park was amazing.
1995,665,1138,4,An exciting wildlife experience close to nature! Visiting Narala Marine Park was amazing.
1996,666,1754,4,A historical wonder with rich heritage and architecture! Visiting Lakhota Palace was amazing.
1997,666,402,2,A historical wonder with rich heritage and architecture! Visiting Lakhota Palace was amazing.
1998,666,1639,2,A historical wonder with rich heritage and architecture! Visiting Lakhota Palace was amazing.
1999,667,969,1,A peaceful and spiritually uplifting destination. Visiting Bala Hanuman Temple was amazing.
2000,667,362,4,A peaceful and spiritually uplifting destination. Visiting Bala Hanuman Temple was amazing.
2001,667,1024,2,A peaceful and spiritually uplifting destination. Visiting Bala Hanuman Temple was amazing.
2002,668,1830,5,An exciting wildlife experience close to nature! Visiting Khijadiya Bird Sanctuary was amazing.
2003,668,1094,3,An exciting wildlife experience close to nature! Visiting Khijadiya Bird Sanctuary was amazing.
2004,668,1609,4,An exciting wildlife experience close to nature! Visiting Khijadiya Bird Sanctuary was amazing.
2005,669,615,3,A peaceful and spiritually uplifting destination. Visiting Bet Dwarka was amazing.
2006,669,1152,5,A peaceful and spiritually uplifting destination. Visiting Bet Dwarka was amazing.
2007,669,98,4,A peaceful and spiritually uplifting destination. Visiting Bet Dwarka was amazing.
2008,670,203,2,A peaceful and spiritually uplifting destination. Visiting Nageshwar Jyotirlinga was amazing.
2009,670,123,2,A peaceful and spiritually uplifting destination. Visiting Nageshwar Jyotirlinga was amazing.
2010,670,1667,3,A peaceful and spiritually uplifting destination. Visiting Nageshwar Jyotirlinga was amazing.
2011,671,976,1,A peaceful and spiritually uplifting destination. Visiting Gomti Ghat was amazing.
2012,671,922,3,A peaceful and spiritually uplifting destination. Visiting Gomti Ghat was amazing.
2013,671,533,3,A peaceful and spiritually uplifting destination. Visiting Gomti Ghat was amazing.
2014,672,738,5,Loved the beaches and relaxing coastal vibes! Visiting Dwarka Beach was amazing.
2015,672,1142,3,Loved the beaches and relaxing coastal vibes! Visiting Dwarka Beach was amazing.
2016,672,705,1,Loved the beaches and relaxing coastal vibes! Visiting Dwarka Beach was amazing.
2017,673,844,1,A wonderful and memorable travel experience! Visiting Sudama Setu was amazing.
2018,673,720,5,A wonderful and memorable travel experience! Visiting Sudama Setu was amazing.
2019,673,408,5,A wonderful and memorable travel experience! Visiting Sudama Setu was amazing.
2020,674,1180,5,Loved the beaches and relaxing coastal vibes! Visiting Porbandar Chowpati was amazing.
2021,674,358,3,Loved the beaches and relaxing coastal vibes! Visiting Porbandar Chowpati was amazing.
2022,674,728,3,Loved the beaches and relaxing coastal vibes! Visiting Porbandar Chowpati was amazing.
2023,675,1379,5,A historical wonder with rich heritage and architecture! Visiting Kirti Mandir was amazing.
2024,675,999,4,A historical wonder with rich heritage and architecture! Visiting Kirti Mandir was amazing.
2025,675,1822,1,A historical wonder with rich heritage and architecture! Visiting Kirti Mandir was amazing.
2026,676,781,5,A wonderful and memorable travel experience! Visiting Tara Mandir Planetarium was amazing.
2027,676,587,4,A wonderful and memorable travel experience! Visiting Tara Mandir Planetarium was amazing.
2028,676,1294,2,A wonderful and memorable travel experience! Visiting Tara Mandir Planetarium was amazing.
2029,677,1779,2,Loved the beaches and relaxing coastal vibes! Visiting Somnath Beach was amazing.
2030,677,1312,3,Loved the beaches and relaxing coastal vibes! Visiting Somnath Beach was amazing.
2031,677,864,5,Loved the beaches and relaxing coastal vibes! Visiting Somnath Beach was amazing.
2032,678,1171,4,A peaceful and spiritually uplifting destination. Visiting Bhalka Tirth was amazing.
2033,678,1739,1,A peaceful and spiritually uplifting destination. Visiting Bhalka Tirth was amazing.
2034,678,163,2,A peaceful and spiritually uplifting destination. Visiting Bhalka Tirth was amazing.
2035,679,704,2,A peaceful and spiritually uplifting destination. Visiting Triveni Sangam Somnath was amazing.
2036,679,643,3,A peaceful and spiritually uplifting destination. Visiting Triveni Sangam Somnath was amazing.
2037,679,1338,3,A peaceful and spiritually uplifting destination. Visiting Triveni Sangam Somnath was amazing.
2038,680,1455,3,A historical wonder with rich heritage and architecture! Visiting Junagadh Mahabat Maqbara was amazing.
2039,680,1240,4,A historical wonder with rich heritage and architecture! Visiting Junagadh Mahabat Maqbara was amazing.
2040,680,556,4,A historical wonder with rich heritage and architecture! Visiting Junagadh Mahabat Maqbara was amazing.
2041,681,1600,3,A historical wonder with rich heritage and architecture! Visiting Uparkot Buddhist Caves was amazing.
2042,681,1532,5,A historical wonder with rich heritage and architecture! Visiting Uparkot Buddhist Caves was amazing.
2043,681,1067,4,A historical wonder with rich heritage and architecture! Visiting Uparkot Buddhist Caves was amazing.
2044,682,848,2,A historical wonder with rich heritage and architecture! Visiting Edicts of Ashoka was amazing.
2045,682,377,1,A historical wonder with rich heritage and architecture! Visiting Edicts of Ashoka was amazing.
2046,682,257,2,A historical wonder with rich heritage and architecture! Visiting Edicts of Ashoka was amazing.
2047,683,1356,3,A peaceful and spiritually uplifting destination. Visiting Datar Hill was amazing.
2048,683,1927,1,A peaceful and spiritually uplifting destination. Visiting Datar Hill was amazing.
2049,683,432,2,A peaceful and spiritually uplifting destination. Visiting Datar Hill was amazing.
2050,684,814,1,An exciting wildlife experience close to nature! Visiting Sasan Gir Safari was amazing.
2051,684,196,1,An exciting wildlife experience close to nature! Visiting Sasan Gir Safari was amazing.
2052,684,1919,4,An exciting wildlife experience close to nature! Visiting Sasan Gir Safari was amazing.
2053,685,1124,1,An exciting wildlife experience close to nature! Visiting Devalia Safari Park was amazing.
2054,685,54,4,An exciting wildlife experience close to nature! Visiting Devalia Safari Park was amazing.
2055,685,1074,1,An exciting wildlife experience close to nature! Visiting Devalia Safari Park was amazing.
2056,686,213,3,Incredible natural beauty with scenic landscapes! Visiting Tulsi Shyam Springs was amazing.
2057,686,1266,2,Incredible natural beauty with scenic landscapes! Visiting Tulsi Shyam Springs was amazing.
2058,686,173,4,Incredible natural beauty with scenic landscapes! Visiting Tulsi Shyam Springs was amazing.
2059,687,634,2,Thrilling adventure activities and excitement! Visiting Diu Naida Caves was amazing.
2060,687,507,3,Thrilling adventure activities and excitement! Visiting Diu Naida Caves was amazing.
2061,687,908,2,Thrilling adventure activities and excitement! Visiting Diu Naida Caves was amazing.
2062,688,269,5,A peaceful and spiritually uplifting destination. Visiting St. Paul's Church was amazing.
2063,688,1718,2,A peaceful and spiritually uplifting destination. Visiting St. Paul's Church was amazing.
2064,688,59,1,A peaceful and spiritually uplifting destination. Visiting St. Paul's Church was amazing.
2065,689,1359,3,A wonderful and memorable travel experience! Visiting Diu Shell Museum was amazing.
2066,689,1763,3,A wonderful and memorable travel experience! Visiting Diu Shell Museum was amazing.
2067,689,1770,4,A wonderful and memorable travel experience! Visiting Diu Shell Museum was amazing.
2068,690,957,5,Loved the beaches and relaxing coastal vibes! Visiting Ghoghla Beach was amazing.
2069,690,1915,3,Loved the beaches and relaxing coastal vibes! Visiting Ghoghla Beach was amazing.
2070,690,1124,4,Loved the beaches and relaxing coastal vibes! Visiting Ghoghla Beach was amazing.
2071,691,277,5,A wonderful and memorable travel experience! Visiting Sunset Point Diu was amazing.
2072,691,363,5,A wonderful and memorable travel experience! Visiting Sunset Point Diu was amazing.
2073,691,1224,4,A wonderful and memorable travel experience! Visiting Sunset Point Diu was amazing.
2074,692,1293,5,Loved the beaches and relaxing coastal vibes! Visiting Chakratirth Beach was amazing.
2075,692,891,5,Loved the beaches and relaxing coastal vibes! Visiting Chakratirth Beach was amazing.
2076,692,1311,5,Loved the beaches and relaxing coastal vibes! Visiting Chakratirth Beach was amazing.
2077,693,635,3,A wonderful and memorable travel experience! Visiting Saputara Lake was amazing.
2078,693,987,5,A wonderful and memorable travel experience! Visiting Saputara Lake was amazing.
2079,693,466,1,A wonderful and memorable travel experience! Visiting Saputara Lake was amazing.
2080,694,905,3,Thrilling adventure activities and excitement! Visiting Saputara Ropeway was amazing.
2081,694,750,4,Thrilling adventure activities and excitement! Visiting Saputara Ropeway was amazing.
2082,694,533,2,Thrilling adventure activities and excitement! Visiting Saputara Ropeway was amazing.
2083,695,622,1,Incredible natural beauty with scenic landscapes! Visiting Gira Waterfalls was amazing.
2084,695,1,5,Incredible natural beauty with scenic landscapes! Visiting Gira Waterfalls was amazing.
2085,695,1670,2,Incredible natural beauty with scenic landscapes! Visiting Gira Waterfalls was amazing.
2086,696,705,3,An exciting wildlife experience close to nature! Visiting Vansda National Park was amazing.
2087,696,961,5,An exciting wildlife experience close to nature! Visiting Vansda National Park was amazing.
2088,696,18,4,An exciting wildlife experience close to nature! Visiting Vansda National Park was amazing.
2089,697,1940,4,A historical wonder with rich heritage and architecture! Visiting Dandi Memorial was amazing.
2090,697,614,1,A historical wonder with rich heritage and architecture! Visiting Dandi Memorial was amazing.
2091,697,1569,4,A historical wonder with rich heritage and architecture! Visiting Dandi Memorial was amazing.
2092,698,1635,3,Loved the beaches and relaxing coastal vibes! Visiting Tithal Beach was amazing.
2093,698,1223,2,Loved the beaches and relaxing coastal vibes! Visiting Tithal Beach was amazing.
2094,698,1632,1,Loved the beaches and relaxing coastal vibes! Visiting Tithal Beach was amazing.
2095,699,1123,3,Pleasant weather and stunning hill views! Visiting Wilson Hills was amazing.
2096,699,387,4,Pleasant weather and stunning hill views! Visiting Wilson Hills was amazing.
2097,699,1807,5,Pleasant weather and stunning hill views! Visiting Wilson Hills was amazing.
2098,700,896,4,A historical wonder with rich heritage and architecture! Visiting Daman Lighthouse was amazing.
2099,700,512,2,A historical wonder with rich heritage and architecture! Visiting Daman Lighthouse was amazing.
2100,700,1465,4,A historical wonder with rich heritage and architecture! Visiting Daman Lighthouse was amazing.
2101,701,1697,4,A historical wonder with rich heritage and architecture! Visiting Ross Island (Netaji Subhash Chandra Bose Dweep) was amazing.
2102,701,452,3,A historical wonder with rich heritage and architecture! Visiting Ross Island (Netaji Subhash Chandra Bose Dweep) was amazing.
2103,701,163,4,A historical wonder with rich heritage and architecture! Visiting Ross Island (Netaji Subhash Chandra Bose Dweep) was amazing.
2104,702,1281,2,Thrilling adventure activities and excitement! Visiting North Bay Island was amazing.
2105,702,1059,5,Thrilling adventure activities and excitement! Visiting North Bay Island was amazing.
2106,702,1654,3,Thrilling adventure activities and excitement! Visiting North Bay Island was amazing.
2107,703,584,5,Incredible natural beauty with scenic landscapes! Visiting Chidiya Tapu Sunset Point was amazing.
2108,703,1657,3,Incredible natural beauty with scenic landscapes! Visiting Chidiya Tapu Sunset Point was amazing.
2109,703,846,2,Incredible natural beauty with scenic landscapes! Visiting Chidiya Tapu Sunset Point was amazing.
2110,704,1748,1,Loved the beaches and relaxing coastal vibes! Visiting Corbyn's Cove Beach was amazing.
2111,704,374,2,Loved the beaches and relaxing coastal vibes! Visiting Corbyn's Cove Beach was amazing.
2112,704,594,1,Loved the beaches and relaxing coastal vibes! Visiting Corbyn's Cove Beach was amazing.
2113,705,1305,4,A wonderful and memorable travel experience! Visiting Samudrika Marine Museum was amazing.
2114,705,1266,4,A wonderful and memorable travel experience! Visiting Samudrika Marine Museum was amazing.
2115,705,558,5,A wonderful and memorable travel experience! Visiting Samudrika Marine Museum was amazing.
2116,706,1008,2,An exciting wildlife experience close to nature! Visiting Mount Harriet National Park was amazing.
2117,706,657,1,An exciting wildlife experience close to nature! Visiting Mount Harriet National Park was amazing.
2118,706,312,1,An exciting wildlife experience close to nature! Visiting Mount Harriet National Park was amazing.
2119,707,1986,5,Thrilling adventure activities and excitement! Visiting Baratang Limestone Caves was amazing.
2120,707,46,2,Thrilling adventure activities and excitement! Visiting Baratang Limestone Caves was amazing.
2121,707,1992,1,Thrilling adventure activities and excitement! Visiting Baratang Limestone Caves was amazing.
2122,708,578,3,Incredible natural beauty with scenic landscapes! Visiting Mud Volcano Baratang was amazing.
2123,708,257,4,Incredible natural beauty with scenic landscapes! Visiting Mud Volcano Baratang was amazing.
2124,708,1490,1,Incredible natural beauty with scenic landscapes! Visiting Mud Volcano Baratang was amazing.
2125,709,477,1,Thrilling adventure activities and excitement! Visiting Elephant Beach was amazing.
2126,709,309,1,Thrilling adventure activities and excitement! Visiting Elephant Beach was amazing.
2127,709,1011,2,Thrilling adventure activities and excitement! Visiting Elephant Beach was amazing.
2128,710,701,4,Loved the beaches and relaxing coastal vibes! Visiting Kalapathar Beach was amazing.
2129,710,639,4,Loved the beaches and relaxing coastal vibes! Visiting Kalapathar Beach was amazing.
2130,710,761,4,Loved the beaches and relaxing coastal vibes! Visiting Kalapathar Beach was amazing.
2131,711,1428,1,Incredible natural beauty with scenic landscapes! Visiting Neil Island (Shaheed Dweep) was amazing.
2132,711,677,1,Incredible natural beauty with scenic landscapes! Visiting Neil Island (Shaheed Dweep) was amazing.
2133,711,1728,2,Incredible natural beauty with scenic landscapes! Visiting Neil Island (Shaheed Dweep) was amazing.
2134,712,115,3,Loved the beaches and relaxing coastal vibes! Visiting Bharatpur Beach was amazing.
2135,712,1589,4,Loved the beaches and relaxing coastal vibes! Visiting Bharatpur Beach was amazing.
2136,712,147,5,Loved the beaches and relaxing coastal vibes! Visiting Bharatpur Beach was amazing.
2137,713,963,2,Loved the beaches and relaxing coastal vibes! Visiting Laxmanpur Beach was amazing.
2138,713,394,3,Loved the beaches and relaxing coastal vibes! Visiting Laxmanpur Beach was amazing.
2139,713,1674,4,Loved the beaches and relaxing coastal vibes! Visiting Laxmanpur Beach was amazing.
2140,714,1697,1,Incredible natural beauty with scenic landscapes! Visiting Natural Bridge Neil Island was amazing.
2141,714,250,2,Incredible natural beauty with scenic landscapes! Visiting Natural Bridge Neil Island was amazing.
2142,714,789,4,Incredible natural beauty with scenic landscapes! Visiting Natural Bridge Neil Island was amazing.
2143,715,507,1,Thrilling adventure activities and excitement! Visiting Jolly Buoy Island was amazing.
2144,715,408,4,Thrilling adventure activities and excitement! Visiting Jolly Buoy Island was amazing.
2145,715,1506,1,Thrilling adventure activities and excitement! Visiting Jolly Buoy Island was amazing.
2146,716,1068,2,Incredible natural beauty with scenic landscapes! Visiting Red Skin Island was amazing.
2147,716,969,4,Incredible natural beauty with scenic landscapes! Visiting Red Skin Island was amazing.
2148,716,1396,3,Incredible natural beauty with scenic landscapes! Visiting Red Skin Island was amazing.
2149,717,1918,3,Loved the beaches and relaxing coastal vibes! Visiting Wandoor Beach was amazing.
2150,717,325,1,Loved the beaches and relaxing coastal vibes! Visiting Wandoor Beach was amazing.
2151,717,1526,5,Loved the beaches and relaxing coastal vibes! Visiting Wandoor Beach was amazing.
2152,718,1067,1,An exciting wildlife experience close to nature! Visiting Mahatma Gandhi Marine National Park was amazing.
2153,718,519,4,An exciting wildlife experience close to nature! Visiting Mahatma Gandhi Marine National Park was amazing.
2154,718,1308,3,An exciting wildlife experience close to nature! Visiting Mahatma Gandhi Marine National Park was amazing.
2155,719,407,3,Incredible natural beauty with scenic landscapes! Visiting Ross and Smith Islands was amazing.
2156,719,1818,1,Incredible natural beauty with scenic landscapes! Visiting Ross and Smith Islands was amazing.
2157,719,1769,2,Incredible natural beauty with scenic landscapes! Visiting Ross and Smith Islands was amazing.
2158,720,1994,1,Thrilling adventure activities and excitement! Visiting Saddle Peak National Park was amazing.
2159,720,484,4,Thrilling adventure activities and excitement! Visiting Saddle Peak National Park was amazing.
2160,720,665,1,Thrilling adventure activities and excitement! Visiting Saddle Peak National Park was amazing.
2161,721,343,3,A wonderful and memorable travel experience! Visiting Shantiniketan (Visva-Bharati) was amazing.
2162,721,1198,1,A wonderful and memorable travel experience! Visiting Shantiniketan (Visva-Bharati) was amazing.
2163,721,811,2,A wonderful and memorable travel experience! Visiting Shantiniketan (Visva-Bharati) was amazing.
2164,722,19,1,A historical wonder with rich heritage and architecture! Visiting Tagore's Ashram was amazing.
2165,722,1191,4,A historical wonder with rich heritage and architecture! Visiting Tagore's Ashram was amazing.
2166,722,1410,5,A historical wonder with rich heritage and architecture! Visiting Tagore's Ashram was amazing.
2167,723,318,3,A wonderful and memorable travel experience! Visiting Kala Bhavan was amazing.
2168,723,1579,1,A wonderful and memorable travel experience! Visiting Kala Bhavan was amazing.
2169,723,510,2,A wonderful and memorable travel experience! Visiting Kala Bhavan was amazing.
2170,724,1024,1,A wonderful and memorable travel experience! Visiting Amar Kutir was amazing.
2171,724,1405,5,A wonderful and memorable travel experience! Visiting Amar Kutir was amazing.
2172,724,694,1,A wonderful and memorable travel experience! Visiting Amar Kutir was amazing.
2173,725,123,3,Incredible natural beauty with scenic landscapes! Visiting Kopai River View was amazing.
2174,725,1321,2,Incredible natural beauty with scenic landscapes! Visiting Kopai River View was amazing.
2175,725,1437,5,Incredible natural beauty with scenic landscapes! Visiting Kopai River View was amazing.
2176,726,1621,1,A peaceful and spiritually uplifting destination. Visiting Tarapith Temple was amazing.
2177,726,258,4,A peaceful and spiritually uplifting destination. Visiting Tarapith Temple was amazing.
2178,726,477,3,A peaceful and spiritually uplifting destination. Visiting Tarapith Temple was amazing.
2179,727,1144,3,A historical wonder with rich heritage and architecture! Visiting Bishnupur Terracotta Temples was amazing.
2180,727,1650,4,A historical wonder with rich heritage and architecture! Visiting Bishnupur Terracotta Temples was amazing.
2181,727,1502,2,A historical wonder with rich heritage and architecture! Visiting Bishnupur Terracotta Temples was amazing.
2182,728,44,4,A historical wonder with rich heritage and architecture! Visiting Rasmancha was amazing.
2183,728,734,2,A historical wonder with rich heritage and architecture! Visiting Rasmancha was amazing.
2184,728,514,1,A historical wonder with rich heritage and architecture! Visiting Rasmancha was amazing.
2185,729,994,4,A historical wonder with rich heritage and architecture! Visiting Jorganda Gate was amazing.
2186,729,1145,3,A historical wonder with rich heritage and architecture! Visiting Jorganda Gate was amazing.
2187,729,1112,4,A historical wonder with rich heritage and architecture! Visiting Jorganda Gate was amazing.
2188,730,389,5,A peaceful and spiritually uplifting destination. Visiting Madan Mohan Temple was amazing.
2189,730,383,5,A peaceful and spiritually uplifting destination. Visiting Madan Mohan Temple was amazing.
2190,730,713,3,A peaceful and spiritually uplifting destination. Visiting Madan Mohan Temple was amazing.
2191,731,1500,4,Thrilling adventure activities and excitement! Visiting Susunia Hills was amazing.
2192,731,564,5,Thrilling adventure activities and excitement! Visiting Susunia Hills was amazing.
2193,731,1873,5,Thrilling adventure activities and excitement! Visiting Susunia Hills was amazing.
2194,732,329,1,Incredible natural beauty with scenic landscapes! Visiting Biharinath Hill was amazing.
2195,732,1088,2,Incredible natural beauty with scenic landscapes! Visiting Biharinath Hill was amazing.
2196,732,921,3,Incredible natural beauty with scenic landscapes! Visiting Biharinath Hill was amazing.
2197,733,1679,3,A wonderful and memorable travel experience! Visiting Mukutmanipur Dam was amazing.
2198,733,1110,3,A wonderful and memorable travel experience! Visiting Mukutmanipur Dam was amazing.
2199,733,930,1,A wonderful and memorable travel experience! Visiting Mukutmanipur Dam was amazing.
2200,734,1590,5,Incredible natural beauty with scenic landscapes! Visiting Jhilimili Forest was amazing.
2201,734,777,2,Incredible natural beauty with scenic landscapes! Visiting Jhilimili Forest was amazing.
2202,734,1809,1,Incredible natural beauty with scenic landscapes! Visiting Jhilimili Forest was amazing.
2203,735,1270,3,A historical wonder with rich heritage and architecture! Visiting Murshidabad Hazarduari Palace was amazing.
2204,735,1590,5,A historical wonder with rich heritage and architecture! Visiting Murshidabad Hazarduari Palace was amazing.
2205,735,490,3,A historical wonder with rich heritage and architecture! Visiting Murshidabad Hazarduari Palace was amazing.
2206,736,1477,1,A historical wonder with rich heritage and architecture! Visiting Katra Masjid was amazing.
2207,736,1349,5,A historical wonder with rich heritage and architecture! Visiting Katra Masjid was amazing.
2208,736,1678,4,A historical wonder with rich heritage and architecture! Visiting Katra Masjid was amazing.
2209,737,389,5,A historical wonder with rich heritage and architecture! Visiting Nashipur Rajbari was amazing.
2210,737,1400,4,A historical wonder with rich heritage and architecture! Visiting Nashipur Rajbari was amazing.
2211,737,1569,5,A historical wonder with rich heritage and architecture! Visiting Nashipur Rajbari was amazing.
2212,738,316,5,A historical wonder with rich heritage and architecture! Visiting Imambara Hooghly was amazing.
2213,738,580,3,A historical wonder with rich heritage and architecture! Visiting Imambara Hooghly was amazing.
2214,738,840,3,A historical wonder with rich heritage and architecture! Visiting Imambara Hooghly was amazing.
2215,739,227,1,A peaceful and spiritually uplifting destination. Visiting Bandel Church was amazing.
2216,739,1072,1,A peaceful and spiritually uplifting destination. Visiting Bandel Church was amazing.
2217,739,90,2,A peaceful and spiritually uplifting destination. Visiting Bandel Church was amazing.
2218,740,366,1,A peaceful and spiritually uplifting destination. Visiting Hangseshwari Temple was amazing.
2219,740,414,1,A peaceful and spiritually uplifting destination. Visiting Hangseshwari Temple was amazing.
2220,740,995,2,A peaceful and spiritually uplifting destination. Visiting Hangseshwari Temple was amazing.
2221,741,203,1,A wonderful and memorable travel experience! Visiting Chandannagar Museum was amazing.
2222,741,1170,4,A wonderful and memorable travel experience! Visiting Chandannagar Museum was amazing.
2223,741,1348,4,A wonderful and memorable travel experience! Visiting Chandannagar Museum was amazing.
2224,742,1077,5,A peaceful and spiritually uplifting destination. Visiting Sacred Heart Church was amazing.
2225,742,1437,5,A peaceful and spiritually uplifting destination. Visiting Sacred Heart Church was amazing.
2226,742,525,1,A peaceful and spiritually uplifting destination. Visiting Sacred Heart Church was amazing.
2227,743,751,2,A wonderful and memorable travel experience! Visiting Eden Gardens was amazing.
2228,743,1241,1,A wonderful and memorable travel experience! Visiting Eden Gardens was amazing.
2229,743,27,2,A wonderful and memorable travel experience! Visiting Eden Gardens was amazing.
2230,744,1343,4,A wonderful and memorable travel experience! Visiting Princep Ghat was amazing.
2231,744,1902,1,A wonderful and memorable travel experience! Visiting Princep Ghat was amazing.
2232,744,959,1,A wonderful and memorable travel experience! Visiting Princep Ghat was amazing.
2233,745,740,5,A wonderful and memorable travel experience! Visiting Indian Museum was amazing.
2234,745,1523,4,A wonderful and memorable travel experience! Visiting Indian Museum was amazing.
2235,745,1684,3,A wonderful and memorable travel experience! Visiting Indian Museum was amazing.
2236,746,1627,1,A historical wonder with rich heritage and architecture! Visiting Marble Palace was amazing.
2237,746,1687,5,A historical wonder with rich heritage and architecture! Visiting Marble Palace was amazing.
2238,746,545,5,A historical wonder with rich heritage and architecture! Visiting Marble Palace was amazing.
2239,747,84,1,A wonderful and memorable travel experience! Visiting Birla Planetarium Kolkata was amazing.
2240,747,1709,3,A wonderful and memorable travel experience! Visiting Birla Planetarium Kolkata was amazing.
2241,747,160,2,A wonderful and memorable travel experience! Visiting Birla Planetarium Kolkata was amazing.
2242,748,1968,5,A wonderful and memorable travel experience! Visiting Nicco Park was amazing.
2243,748,199,1,A wonderful and memorable travel experience! Visiting Nicco Park was amazing.
2244,748,1486,2,A wonderful and memorable travel experience! Visiting Nicco Park was amazing.
2245,749,1089,4,Incredible natural beauty with scenic landscapes! Visiting Eco Park New Town was amazing.
2246,749,389,2,Incredible natural beauty with scenic landscapes! Visiting Eco Park New Town was amazing.
2247,749,1078,2,Incredible natural beauty with scenic landscapes! Visiting Eco Park New Town was amazing.
2248,750,1168,2,A wonderful and memorable travel experience! Visiting Mother's Wax Museum was amazing.
2249,750,1144,5,A wonderful and memorable travel experience! Visiting Mother's Wax Museum was amazing.
2250,750,851,1,A wonderful and memorable travel experience! Visiting Mother's Wax Museum was amazing.
2251,751,1570,5,A peaceful and spiritually uplifting destination. Visiting St. Paul's Cathedral was amazing.
2252,751,734,4,A peaceful and spiritually uplifting destination. Visiting St. Paul's Cathedral was amazing.
2253,751,1439,4,A peaceful and spiritually uplifting destination. Visiting St. Paul's Cathedral was amazing.
2254,752,1809,1,A peaceful and spiritually uplifting destination. Visiting Kalighat Kali Temple was amazing.
2255,752,342,2,A peaceful and spiritually uplifting destination. Visiting Kalighat Kali Temple was amazing.
2256,752,1127,4,A peaceful and spiritually uplifting destination. Visiting Kalighat Kali Temple was amazing.
2257,753,1034,3,A peaceful and spiritually uplifting destination. Visiting Belur Math was amazing.
2258,753,1347,2,A peaceful and spiritually uplifting destination. Visiting Belur Math was amazing.
2259,753,1094,5,A peaceful and spiritually uplifting destination. Visiting Belur Math was amazing.
2260,754,908,3,Incredible natural beauty with scenic landscapes! Visiting Botanical Garden Howrah was amazing.
2261,754,1849,3,Incredible natural beauty with scenic landscapes! Visiting Botanical Garden Howrah was amazing.
2262,754,1127,3,Incredible natural beauty with scenic landscapes! Visiting Botanical Garden Howrah was amazing.
2263,755,1731,3,Loved the beaches and relaxing coastal vibes! Visiting Digha Beach was amazing.
2264,755,845,4,Loved the beaches and relaxing coastal vibes! Visiting Digha Beach was amazing.
2265,755,1692,3,Loved the beaches and relaxing coastal vibes! Visiting Digha Beach was amazing.
2266,756,1247,2,Loved the beaches and relaxing coastal vibes! Visiting Mandarmani Beach was amazing.
2267,756,1154,5,Loved the beaches and relaxing coastal vibes! Visiting Mandarmani Beach was amazing.
2268,756,439,4,Loved the beaches and relaxing coastal vibes! Visiting Mandarmani Beach was amazing.
2269,757,1569,5,Loved the beaches and relaxing coastal vibes! Visiting Tajpur Beach was amazing.
2270,757,1897,3,Loved the beaches and relaxing coastal vibes! Visiting Tajpur Beach was amazing.
2271,757,738,4,Loved the beaches and relaxing coastal vibes! Visiting Tajpur Beach was amazing.
2272,758,917,4,Loved the beaches and relaxing coastal vibes! Visiting Shankarpur Beach was amazing.
2273,758,1,1,Loved the beaches and relaxing coastal vibes! Visiting Shankarpur Beach was amazing.
2274,758,583,5,Loved the beaches and relaxing coastal vibes! Visiting Shankarpur Beach was amazing.
2275,759,34,5,Loved the beaches and relaxing coastal vibes! Visiting Bakkhali Beach was amazing.
2276,759,277,3,Loved the beaches and relaxing coastal vibes! Visiting Bakkhali Beach was amazing.
2277,759,14,3,Loved the beaches and relaxing coastal vibes! Visiting Bakkhali Beach was amazing.
2278,760,455,2,Incredible natural beauty with scenic landscapes! Visiting Henry's Island was amazing.
2279,760,1753,3,Incredible natural beauty with scenic landscapes! Visiting Henry's Island was amazing.
2280,760,45,3,Incredible natural beauty with scenic landscapes! Visiting Henry's Island was amazing.
2281,761,1883,5,A peaceful and spiritually uplifting destination. Visiting Gangasagar (Sagar Island) was amazing.
2282,761,1048,5,A peaceful and spiritually uplifting destination. Visiting Gangasagar (Sagar Island) was amazing.
2283,761,1169,5,A peaceful and spiritually uplifting destination. Visiting Gangasagar (Sagar Island) was amazing.
2284,762,317,1,A peaceful and spiritually uplifting destination. Visiting Mayapur ISKCON Temple was amazing.
2285,762,78,4,A peaceful and spiritually uplifting destination. Visiting Mayapur ISKCON Temple was amazing.
2286,762,729,2,A peaceful and spiritually uplifting destination. Visiting Mayapur ISKCON Temple was amazing.
2287,763,284,3,A peaceful and spiritually uplifting destination. Visiting Nabadwip Temples was amazing.
2288,763,752,5,A peaceful and spiritually uplifting destination. Visiting Nabadwip Temples was amazing.
2289,763,512,2,A peaceful and spiritually uplifting destination. Visiting Nabadwip Temples was amazing.
2290,764,525,3,An exciting wildlife experience close to nature! Visiting Bethuadahari Wildlife Sanctuary was amazing.
2291,764,189,5,An exciting wildlife experience close to nature! Visiting Bethuadahari Wildlife Sanctuary was amazing.
2292,764,819,5,An exciting wildlife experience close to nature! Visiting Bethuadahari Wildlife Sanctuary was amazing.
2293,765,1880,2,A historical wonder with rich heritage and architecture! Visiting Batasia Loop was amazing.
2294,765,1504,1,A historical wonder with rich heritage and architecture! Visiting Batasia Loop was amazing.
2295,765,1482,3,A historical wonder with rich heritage and architecture! Visiting Batasia Loop was amazing.
2296,766,1624,4,Incredible natural beauty with scenic landscapes! Visiting Tiger Hill Sunrise was amazing.
2297,766,355,4,Incredible natural beauty with scenic landscapes! Visiting Tiger Hill Sunrise was amazing.
2298,766,1692,5,Incredible natural beauty with scenic landscapes! Visiting Tiger Hill Sunrise was amazing.
2299,767,1679,1,A peaceful and spiritually uplifting destination. Visiting Peace Pagoda Darjeeling was amazing.
2300,767,1220,3,A peaceful and spiritually uplifting destination. Visiting Peace Pagoda Darjeeling was amazing.
2301,767,77,5,A peaceful and spiritually uplifting destination. Visiting Peace Pagoda Darjeeling was amazing.
2302,768,782,1,A wonderful and memorable travel experience! Visiting Himalayan Mountaineering Institute was amazing.
2303,768,1598,1,A wonderful and memorable travel experience! Visiting Himalayan Mountaineering Institute was amazing.
2304,768,1888,3,A wonderful and memorable travel experience! Visiting Himalayan Mountaineering Institute was amazing.
2305,769,713,4,An exciting wildlife experience close to nature! Visiting Padmaja Naidu Zoo was amazing.
2306,769,854,1,An exciting wildlife experience close to nature! Visiting Padmaja Naidu Zoo was amazing.
2307,769,1782,2,An exciting wildlife experience close to nature! Visiting Padmaja Naidu Zoo was amazing.
2308,770,1532,5,Incredible natural beauty with scenic landscapes! Visiting Happy Valley Tea Estate was amazing.
2309,770,1902,1,Incredible natural beauty with scenic landscapes! Visiting Happy Valley Tea Estate was amazing.
2310,770,1299,4,Incredible natural beauty with scenic landscapes! Visiting Happy Valley Tea Estate was amazing.
2311,771,111,3,A wonderful and memorable travel experience! Visiting Mirik Lake (Sumendu Lake) was amazing.
2312,771,1074,1,A wonderful and memorable travel experience! Visiting Mirik Lake (Sumendu Lake) was amazing.
2313,771,654,5,A wonderful and memorable travel experience! Visiting Mirik Lake (Sumendu Lake) was amazing.
2314,772,1157,2,A wonderful and memorable travel experience! Visiting Pashupati Market was amazing.
2315,772,670,5,A wonderful and memorable travel experience! Visiting Pashupati Market was amazing.
2316,772,1430,2,A wonderful and memorable travel experience! Visiting Pashupati Market was amazing.
2317,773,314,1,Thrilling adventure activities and excitement! Visiting Sandakphu Trek was amazing.
2318,773,1380,4,Thrilling adventure activities and excitement! Visiting Sandakphu Trek was amazing.
2319,773,1989,4,Thrilling adventure activities and excitement! Visiting Sandakphu Trek was amazing.
2320,774,1542,5,An exciting wildlife experience close to nature! Visiting Singalila National Park was amazing.
2321,774,1179,5,An exciting wildlife experience close to nature! Visiting Singalila National Park was amazing.
2322,774,185,2,An exciting wildlife experience close to nature! Visiting Singalila National Park was amazing.
2323,775,885,3,Incredible natural beauty with scenic landscapes! Visiting Kalimpong Pine View Nursery was amazing.
2324,775,1611,4,Incredible natural beauty with scenic landscapes! Visiting Kalimpong Pine View Nursery was amazing.
2325,775,304,2,Incredible natural beauty with scenic landscapes! Visiting Kalimpong Pine View Nursery was amazing.
2326,776,689,1,A peaceful and spiritually uplifting destination. Visiting Durpin Monastery was amazing.
2327,776,975,5,A peaceful and spiritually uplifting destination. Visiting Durpin Monastery was amazing.
2328,776,1527,1,A peaceful and spiritually uplifting destination. Visiting Durpin Monastery was amazing.
2329,777,1123,4,A historical wonder with rich heritage and architecture! Visiting Morgan House was amazing.
2330,777,538,1,A historical wonder with rich heritage and architecture! Visiting Morgan House was amazing.
2331,777,817,5,A historical wonder with rich heritage and architecture! Visiting Morgan House was amazing.
2332,778,890,2,Incredible natural beauty with scenic landscapes! Visiting Deolo Hill was amazing.
2333,778,1561,2,Incredible natural beauty with scenic landscapes! Visiting Deolo Hill was amazing.
2334,778,985,5,Incredible natural beauty with scenic landscapes! Visiting Deolo Hill was amazing.
2335,779,406,4,A peaceful and spiritually uplifting destination. Visiting Lava Monastery was amazing.
2336,779,810,5,A peaceful and spiritually uplifting destination. Visiting Lava Monastery was amazing.
2337,779,402,5,A peaceful and spiritually uplifting destination. Visiting Lava Monastery was amazing.
2338,780,1262,5,An exciting wildlife experience close to nature! Visiting Neora Valley National Park was amazing.
2339,780,505,2,An exciting wildlife experience close to nature! Visiting Neora Valley National Park was amazing.
2340,780,147,3,An exciting wildlife experience close to nature! Visiting Neora Valley National Park was amazing.
2341,781,1591,4,An exciting wildlife experience close to nature! Visiting Gorumara National Park was amazing.
2342,781,663,5,An exciting wildlife experience close to nature! Visiting Gorumara National Park was amazing.
2343,781,184,1,An exciting wildlife experience close to nature! Visiting Gorumara National Park was amazing.
2344,782,1376,4,An exciting wildlife experience close to nature! Visiting Jaldapara National Park was amazing.
2345,782,868,3,An exciting wildlife experience close to nature! Visiting Jaldapara National Park was amazing.
2346,782,714,2,An exciting wildlife experience close to nature! Visiting Jaldapara National Park was amazing.
2347,783,657,3,A historical wonder with rich heritage and architecture! Visiting Buxa Fort was amazing.
2348,783,1217,1,A historical wonder with rich heritage and architecture! Visiting Buxa Fort was amazing.
2349,783,1577,3,A historical wonder with rich heritage and architecture! Visiting Buxa Fort was amazing.
2350,784,347,3,Incredible natural beauty with scenic landscapes! Visiting Jayanti River Bed was amazing.
2351,784,1263,4,Incredible natural beauty with scenic landscapes! Visiting Jayanti River Bed was amazing.
2352,784,1277,2,Incredible natural beauty with scenic landscapes! Visiting Jayanti River Bed was amazing.
2353,785,903,1,An exciting wildlife experience close to nature! Visiting Chilapata Forest was amazing.
2354,785,1893,2,An exciting wildlife experience close to nature! Visiting Chilapata Forest was amazing.
2355,785,409,3,An exciting wildlife experience close to nature! Visiting Chilapata Forest was amazing.
2356,786,320,1,Incredible natural beauty with scenic landscapes! Visiting Bindu Dam was amazing.
2357,786,231,1,Incredible natural beauty with scenic landscapes! Visiting Bindu Dam was amazing.
2358,786,498,5,Incredible natural beauty with scenic landscapes! Visiting Bindu Dam was amazing.
2359,787,1898,2,A historical wonder with rich heritage and architecture! Visiting Udayagiri and Khandagiri Caves was amazing.
2360,787,1780,3,A historical wonder with rich heritage and architecture! Visiting Udayagiri and Khandagiri Caves was amazing.
2361,787,29,3,A historical wonder with rich heritage and architecture! Visiting Udayagiri and Khandagiri Caves was amazing.
2362,788,1421,1,A peaceful and spiritually uplifting destination. Visiting Lingaraja Temple was amazing.
2363,788,625,4,A peaceful and spiritually uplifting destination. Visiting Lingaraja Temple was amazing.
2364,788,965,1,A peaceful and spiritually uplifting destination. Visiting Lingaraja Temple was amazing.
2365,789,680,2,An exciting wildlife experience close to nature! Visiting Nandankanan Zoological Park was amazing.
2366,789,1516,5,An exciting wildlife experience close to nature! Visiting Nandankanan Zoological Park was amazing.
2367,789,434,2,An exciting wildlife experience close to nature! Visiting Nandankanan Zoological Park was amazing.
2368,790,1120,5,A peaceful and spiritually uplifting destination. Visiting Dhauli Shanti Stupa was amazing.
2369,790,1537,3,A peaceful and spiritually uplifting destination. Visiting Dhauli Shanti Stupa was amazing.
2370,790,1124,4,A peaceful and spiritually uplifting destination. Visiting Dhauli Shanti Stupa was amazing.
2371,791,1276,2,A wonderful and memorable travel experience! Visiting Odisha State Museum was amazing.
2372,791,1424,1,A wonderful and memorable travel experience! Visiting Odisha State Museum was amazing.
2373,791,772,5,A wonderful and memorable travel experience! Visiting Odisha State Museum was amazing.
2374,792,1856,5,A wonderful and memorable travel experience! Visiting Kala Bhoomi Crafts Museum was amazing.
2375,792,90,3,A wonderful and memorable travel experience! Visiting Kala Bhoomi Crafts Museum was amazing.
2376,792,349,1,A wonderful and memorable travel experience! Visiting Kala Bhoomi Crafts Museum was amazing.
2377,793,582,2,A peaceful and spiritually uplifting destination. Visiting Mukteswara Temple was amazing.
2378,793,1617,5,A peaceful and spiritually uplifting destination. Visiting Mukteswara Temple was amazing.
2379,793,556,1,A peaceful and spiritually uplifting destination. Visiting Mukteswara Temple was amazing.
2380,794,953,1,A historical wonder with rich heritage and architecture! Visiting Rajarani Temple was amazing.
2381,794,137,4,A historical wonder with rich heritage and architecture! Visiting Rajarani Temple was amazing.
2382,794,1353,3,A historical wonder with rich heritage and architecture! Visiting Rajarani Temple was amazing.
2383,795,1358,3,Incredible natural beauty with scenic landscapes! Visiting Ekaterini Kanan was amazing.
2384,795,1771,1,Incredible natural beauty with scenic landscapes! Visiting Ekaterini Kanan was amazing.
2385,795,40,3,Incredible natural beauty with scenic landscapes! Visiting Ekaterini Kanan was amazing.
2386,796,1777,4,A wonderful and memorable travel experience! Visiting Konark Sun Temple Museum was amazing.
2387,796,474,4,A wonderful and memorable travel experience! Visiting Konark Sun Temple Museum was amazing.
2388,796,1042,1,A wonderful and memorable travel experience! Visiting Konark Sun Temple Museum was amazing.
2389,797,1852,3,Loved the beaches and relaxing coastal vibes! Visiting Chandrabhaga Beach was amazing.
2390,797,993,5,Loved the beaches and relaxing coastal vibes! Visiting Chandrabhaga Beach was amazing.
2391,797,1089,1,Loved the beaches and relaxing coastal vibes! Visiting Chandrabhaga Beach was amazing.
2392,798,382,2,Loved the beaches and relaxing coastal vibes! Visiting Puri Golden Beach was amazing.
2393,798,1026,4,Loved the beaches and relaxing coastal vibes! Visiting Puri Golden Beach was amazing.
2394,798,1149,1,Loved the beaches and relaxing coastal vibes! Visiting Puri Golden Beach was amazing.
2395,799,82,2,A peaceful and spiritually uplifting destination. Visiting Swargadwar Beach was amazing.
2396,799,1889,5,A peaceful and spiritually uplifting destination. Visiting Swargadwar Beach was amazing.
2397,799,625,3,A peaceful and spiritually uplifting destination. Visiting Swargadwar Beach was amazing.
2398,800,1004,4,An exciting wildlife experience close to nature! Visiting Chilika Lake (Mangalajodi) was amazing.
2399,800,1525,2,An exciting wildlife experience close to nature! Visiting Chilika Lake (Mangalajodi) was amazing.
2400,800,38,3,An exciting wildlife experience close to nature! Visiting Chilika Lake (Mangalajodi) was amazing.
2401,801,1402,3,Incredible natural beauty with scenic landscapes! Visiting Chilika Lake (Satapada Dolphin Point) was amazing.
2402,801,728,3,Incredible natural beauty with scenic landscapes! Visiting Chilika Lake (Satapada Dolphin Point) was amazing.
2403,801,484,5,Incredible natural beauty with scenic landscapes! Visiting Chilika Lake (Satapada Dolphin Point) was amazing.
2404,802,565,1,A wonderful and memorable travel experience! Visiting Pipili Village was amazing.
2405,802,1282,3,A wonderful and memorable travel experience! Visiting Pipili Village was amazing.
2406,802,1800,4,A wonderful and memorable travel experience! Visiting Pipili Village was amazing.
2407,803,1824,1,A wonderful and memorable travel experience! Visiting Raghurajpur Artist Village was amazing.
2408,803,1934,5,A wonderful and memorable travel experience! Visiting Raghurajpur Artist Village was amazing.
2409,803,1944,3,A wonderful and memorable travel experience! Visiting Raghurajpur Artist Village was amazing.
2410,804,462,2,A peaceful and spiritually uplifting destination. Visiting Sakshi Gopal Temple was amazing.
2411,804,700,4,A peaceful and spiritually uplifting destination. Visiting Sakshi Gopal Temple was amazing.
2412,804,1346,2,A peaceful and spiritually uplifting destination. Visiting Sakshi Gopal Temple was amazing.
2413,805,180,4,Loved the beaches and relaxing coastal vibes! Visiting Gopalpur Beach was amazing.
2414,805,1067,5,Loved the beaches and relaxing coastal vibes! Visiting Gopalpur Beach was amazing.
2415,805,1788,2,Loved the beaches and relaxing coastal vibes! Visiting Gopalpur Beach was amazing.
2416,806,855,2,A peaceful and spiritually uplifting destination. Visiting Tara Tarini Hill Shrine was amazing.
2417,806,1174,2,A peaceful and spiritually uplifting destination. Visiting Tara Tarini Hill Shrine was amazing.
2418,806,874,3,A peaceful and spiritually uplifting destination. Visiting Tara Tarini Hill Shrine was amazing.
2419,807,1864,5,A wonderful and memorable travel experience! Visiting Tampara Lake was amazing.
2420,807,675,4,A wonderful and memorable travel experience! Visiting Tampara Lake was amazing.
2421,807,1111,2,A wonderful and memorable travel experience! Visiting Tampara Lake was amazing.
2422,808,424,2,An exciting wildlife experience close to nature! Visiting Rushikulya Turtle Nesting Site was amazing.
2423,808,1190,5,An exciting wildlife experience close to nature! Visiting Rushikulya Turtle Nesting Site was amazing.
2424,808,1401,2,An exciting wildlife experience close to nature! Visiting Rushikulya Turtle Nesting Site was amazing.
2425,809,1767,2,Pleasant weather and stunning hill views! Visiting Daringbadi (Odisha's Kashmir) was amazing.
2426,809,633,5,Pleasant weather and stunning hill views! Visiting Daringbadi (Odisha's Kashmir) was amazing.
2427,809,1863,2,Pleasant weather and stunning hill views! Visiting Daringbadi (Odisha's Kashmir) was amazing.
2428,810,881,2,An exciting wildlife experience close to nature! Visiting Simlipal National Park was amazing.
2429,810,1344,5,An exciting wildlife experience close to nature! Visiting Simlipal National Park was amazing.
2430,810,1879,2,An exciting wildlife experience close to nature! Visiting Simlipal National Park was amazing.
2431,811,651,1,Incredible natural beauty with scenic landscapes! Visiting Barehipani Falls was amazing.
2432,811,1142,5,Incredible natural beauty with scenic landscapes! Visiting Barehipani Falls was amazing.
2433,811,1943,1,Incredible natural beauty with scenic landscapes! Visiting Barehipani Falls was amazing.
2434,812,378,3,A peaceful and spiritually uplifting destination. Visiting Khiching Temple was amazing.
2435,812,1720,2,A peaceful and spiritually uplifting destination. Visiting Khiching Temple was amazing.
2436,812,1490,1,A peaceful and spiritually uplifting destination. Visiting Khiching Temple was amazing.
2437,813,1568,3,A peaceful and spiritually uplifting destination. Visiting Baripada Jagannath Temple was amazing.
2438,813,1803,4,A peaceful and spiritually uplifting destination. Visiting Baripada Jagannath Temple was amazing.
2439,813,1969,4,A peaceful and spiritually uplifting destination. Visiting Baripada Jagannath Temple was amazing.
2440,814,622,4,Loved the beaches and relaxing coastal vibes! Visiting Chandipur Sea Beach was amazing.
2441,814,1528,3,Loved the beaches and relaxing coastal vibes! Visiting Chandipur Sea Beach was amazing.
2442,814,312,2,Loved the beaches and relaxing coastal vibes! Visiting Chandipur Sea Beach was amazing.
2443,815,219,2,A peaceful and spiritually uplifting destination. Visiting Panchalingeshwar Temple was amazing.
2444,815,379,1,A peaceful and spiritually uplifting destination. Visiting Panchalingeshwar Temple was amazing.
2445,815,1562,5,A peaceful and spiritually uplifting destination. Visiting Panchalingeshwar Temple was amazing.
2446,816,1264,3,An exciting wildlife experience close to nature! Visiting Bhitarkanika Mangroves was amazing.
2447,816,1241,5,An exciting wildlife experience close to nature! Visiting Bhitarkanika Mangroves was amazing.
2448,816,1255,2,An exciting wildlife experience close to nature! Visiting Bhitarkanika Mangroves was amazing.
2449,817,1222,2,An exciting wildlife experience close to nature! Visiting Gahirmatha Marine Sanctuary was amazing.
2450,817,473,1,An exciting wildlife experience close to nature! Visiting Gahirmatha Marine Sanctuary was amazing.
2451,817,736,1,An exciting wildlife experience close to nature! Visiting Gahirmatha Marine Sanctuary was amazing.
2452,818,1410,4,A wonderful and memorable travel experience! Visiting Hirakud Dam was amazing.
2453,818,275,5,A wonderful and memorable travel experience! Visiting Hirakud Dam was amazing.
2454,818,1733,5,A wonderful and memorable travel experience! Visiting Hirakud Dam was amazing.
2455,819,961,3,A peaceful and spiritually uplifting destination. Visiting Samaleswari Temple was amazing.
2456,819,377,4,A peaceful and spiritually uplifting destination. Visiting Samaleswari Temple was amazing.
2457,819,1007,4,A peaceful and spiritually uplifting destination. Visiting Samaleswari Temple was amazing.
2458,820,282,2,An exciting wildlife experience close to nature! Visiting Debrigarh Wildlife Sanctuary was amazing.
2459,820,396,2,An exciting wildlife experience close to nature! Visiting Debrigarh Wildlife Sanctuary was amazing.
2460,820,67,4,An exciting wildlife experience close to nature! Visiting Debrigarh Wildlife Sanctuary was amazing.
2461,821,1566,1,A historical wonder with rich heritage and architecture! Visiting Leaning Temple of Huma was amazing.
2462,821,1896,3,A historical wonder with rich heritage and architecture! Visiting Leaning Temple of Huma was amazing.
2463,821,1947,4,A historical wonder with rich heritage and architecture! Visiting Leaning Temple of Huma was amazing.
2464,822,456,2,Incredible natural beauty with scenic landscapes! Visiting Khandadhar Falls was amazing.
2465,822,1552,2,Incredible natural beauty with scenic landscapes! Visiting Khandadhar Falls was amazing.
2466,822,136,2,Incredible natural beauty with scenic landscapes! Visiting Khandadhar Falls was amazing.
2467,823,1899,4,A peaceful and spiritually uplifting destination. Visiting Ghatgaon Tarini Temple was amazing.
2468,823,1776,5,A peaceful and spiritually uplifting destination. Visiting Ghatgaon Tarini Temple was amazing.
2469,823,1004,3,A peaceful and spiritually uplifting destination. Visiting Ghatgaon Tarini Temple was amazing.
2470,824,1776,4,A peaceful and spiritually uplifting destination. Visiting Gupteswar Cave was amazing.
2471,824,1818,2,A peaceful and spiritually uplifting destination. Visiting Gupteswar Cave was amazing.
2472,824,876,4,A peaceful and spiritually uplifting destination. Visiting Gupteswar Cave was amazing.
2473,825,1590,1,Incredible natural beauty with scenic landscapes! Visiting Duduma Waterfall was amazing.
2474,825,1246,4,Incredible natural beauty with scenic landscapes! Visiting Duduma Waterfall was amazing.
2475,825,1475,3,Incredible natural beauty with scenic landscapes! Visiting Duduma Waterfall was amazing.
2476,826,808,5,A wonderful and memorable travel experience! Visiting Kolab Dam was amazing.
2477,826,1924,5,A wonderful and memorable travel experience! Visiting Kolab Dam was amazing.
2478,826,1217,5,A wonderful and memorable travel experience! Visiting Kolab Dam was amazing.
2479,827,1076,1,A wonderful and memorable travel experience! Visiting Tribal Museum Koraput was amazing.
2480,827,1067,1,A wonderful and memorable travel experience! Visiting Tribal Museum Koraput was amazing.
2481,827,925,4,A wonderful and memorable travel experience! Visiting Tribal Museum Koraput was amazing.
2482,828,1694,1,A wonderful and memorable travel experience! Visiting Sunabeda Aero Engine Factory was amazing.
2483,828,1798,2,A wonderful and memorable travel experience! Visiting Sunabeda Aero Engine Factory was amazing.
2484,828,1063,5,A wonderful and memorable travel experience! Visiting Sunabeda Aero Engine Factory was amazing.
2485,829,811,1,A peaceful and spiritually uplifting destination. Visiting Kapilash Temple was amazing.
2486,829,1143,4,A peaceful and spiritually uplifting destination. Visiting Kapilash Temple was amazing.
2487,829,1058,1,A peaceful and spiritually uplifting destination. Visiting Kapilash Temple was amazing.
2488,830,389,3,Incredible natural beauty with scenic landscapes! Visiting Saptasajya Hill was amazing.
2489,830,901,4,Incredible natural beauty with scenic landscapes! Visiting Saptasajya Hill was amazing.
2490,830,1812,3,Incredible natural beauty with scenic landscapes! Visiting Saptasajya Hill was amazing.
2491,831,1585,3,A peaceful and spiritually uplifting destination. Visiting Mahima Gadi was amazing.
2492,831,945,2,A peaceful and spiritually uplifting destination. Visiting Mahima Gadi was amazing.
2493,831,866,3,A peaceful and spiritually uplifting destination. Visiting Mahima Gadi was amazing.
2494,832,1256,1,A wonderful and memorable travel experience! Visiting Cuttack Maritime Museum was amazing.
2495,832,1414,5,A wonderful and memorable travel experience! Visiting Cuttack Maritime Museum was amazing.
2496,832,1851,2,A wonderful and memorable travel experience! Visiting Cuttack Maritime Museum was amazing.
2497,833,950,4,A historical wonder with rich heritage and architecture! Visiting Netaji Birthplace Museum was amazing.
2498,833,186,5,A historical wonder with rich heritage and architecture! Visiting Netaji Birthplace Museum was amazing.
2499,833,232,2,A historical wonder with rich heritage and architecture! Visiting Netaji Birthplace Museum was amazing.
2500,834,1595,5,A historical wonder with rich heritage and architecture! Visiting Barabati Fort Ruins was amazing.
2501,834,1921,5,A historical wonder with rich heritage and architecture! Visiting Barabati Fort Ruins was amazing.
2502,834,278,4,A historical wonder with rich heritage and architecture! Visiting Barabati Fort Ruins was amazing.
2503,835,847,3,A peaceful and spiritually uplifting destination. Visiting Dhabaleswar Island Temple was amazing.
2504,835,924,1,A peaceful and spiritually uplifting destination. Visiting Dhabaleswar Island Temple was amazing.
2505,835,367,4,A peaceful and spiritually uplifting destination. Visiting Dhabaleswar Island Temple was amazing.
2506,836,1209,2,A historical wonder with rich heritage and architecture! Visiting Ratnagiri Buddhist Excavations was amazing.
2507,836,1808,4,A historical wonder with rich heritage and architecture! Visiting Ratnagiri Buddhist Excavations was amazing.
2508,836,185,3,A historical wonder with rich heritage and architecture! Visiting Ratnagiri Buddhist Excavations was amazing.
2509,837,664,2,A historical wonder with rich heritage and architecture! Visiting Udayagiri Buddhist Monastery was amazing.
2510,837,1472,1,A historical wonder with rich heritage and architecture! Visiting Udayagiri Buddhist Monastery was amazing.
2511,837,187,1,A historical wonder with rich heritage and architecture! Visiting Udayagiri Buddhist Monastery was amazing.
2512,838,1447,4,A historical wonder with rich heritage and architecture! Visiting Lalitgiri Stupa was amazing.
2513,838,1299,3,A historical wonder with rich heritage and architecture! Visiting Lalitgiri Stupa was amazing.
2514,838,175,5,A historical wonder with rich heritage and architecture! Visiting Lalitgiri Stupa was amazing.
2515,839,1449,4,A peaceful and spiritually uplifting destination. Visiting Biraja Temple was amazing.
2516,839,1489,5,A peaceful and spiritually uplifting destination. Visiting Biraja Temple was amazing.
2517,839,1254,2,A peaceful and spiritually uplifting destination. Visiting Biraja Temple was amazing.
2518,840,776,5,A wonderful and memorable travel experience! Visiting Gangtok MG Marg was amazing.
2519,840,780,1,A wonderful and memorable travel experience! Visiting Gangtok MG Marg was amazing.
2520,840,1574,2,A wonderful and memorable travel experience! Visiting Gangtok MG Marg was amazing.
2521,841,1869,3,Incredible natural beauty with scenic landscapes! Visiting Tsomgo Lake (Changu Lake) was amazing.
2522,841,1159,2,Incredible natural beauty with scenic landscapes! Visiting Tsomgo Lake (Changu Lake) was amazing.
2523,841,333,2,Incredible natural beauty with scenic landscapes! Visiting Tsomgo Lake (Changu Lake) was amazing.
2524,842,367,1,A peaceful and spiritually uplifting destination. Visiting Baba Harbhajan Singh Mandir was amazing.
2525,842,860,3,A peaceful and spiritually uplifting destination. Visiting Baba Harbhajan Singh Mandir was amazing.
2526,842,634,4,A peaceful and spiritually uplifting destination. Visiting Baba Harbhajan Singh Mandir was amazing.
2527,843,592,2,Thrilling adventure activities and excitement! Visiting Nathu La Pass Border was amazing.
2528,843,241,2,Thrilling adventure activities and excitement! Visiting Nathu La Pass Border was amazing.
2529,843,1967,2,Thrilling adventure activities and excitement! Visiting Nathu La Pass Border was amazing.
2530,844,8,5,A peaceful and spiritually uplifting destination. Visiting Enchey Monastery was amazing.
2531,844,1568,3,A peaceful and spiritually uplifting destination. Visiting Enchey Monastery was amazing.
2532,844,26,4,A peaceful and spiritually uplifting destination. Visiting Enchey Monastery was amazing.
2533,845,1020,4,A wonderful and memorable travel experience! Visiting Namgyal Institute of Tibetology was amazing.
2534,845,1114,1,A wonderful and memorable travel experience! Visiting Namgyal Institute of Tibetology was amazing.
2535,845,1246,4,A wonderful and memorable travel experience! Visiting Namgyal Institute of Tibetology was amazing.
2536,846,488,2,Incredible natural beauty with scenic landscapes! Visiting Ban Jhakri Falls was amazing.
2537,846,1206,4,Incredible natural beauty with scenic landscapes! Visiting Ban Jhakri Falls was amazing.
2538,846,930,4,Incredible natural beauty with scenic landscapes! Visiting Ban Jhakri Falls was amazing.
2539,847,905,1,Incredible natural beauty with scenic landscapes! Visiting Ganesh Tok Viewpoint was amazing.
2540,847,1232,5,Incredible natural beauty with scenic landscapes! Visiting Ganesh Tok Viewpoint was amazing.
2541,847,14,2,Incredible natural beauty with scenic landscapes! Visiting Ganesh Tok Viewpoint was amazing.
2542,848,1807,5,A peaceful and spiritually uplifting destination. Visiting Hanuman Tok was amazing.
2543,848,570,5,A peaceful and spiritually uplifting destination. Visiting Hanuman Tok was amazing.
2544,848,1288,5,A peaceful and spiritually uplifting destination. Visiting Hanuman Tok was amazing.
2545,849,1680,2,Incredible natural beauty with scenic landscapes! Visiting Tashi Viewpoint was amazing.
2546,849,101,2,Incredible natural beauty with scenic landscapes! Visiting Tashi Viewpoint was amazing.
2547,849,304,1,Incredible natural beauty with scenic landscapes! Visiting Tashi Viewpoint was amazing.
2548,850,1338,3,A peaceful and spiritually uplifting destination. Visiting Rumtek Dharma Chakra Centre was amazing.
2549,850,76,2,A peaceful and spiritually uplifting destination. Visiting Rumtek Dharma Chakra Centre was amazing.
2550,850,1749,1,A peaceful and spiritually uplifting destination. Visiting Rumtek Dharma Chakra Centre was amazing.
2551,851,1367,5,Thrilling adventure activities and excitement! Visiting Zuluk Silk Route was amazing.
2552,851,1717,5,Thrilling adventure activities and excitement! Visiting Zuluk Silk Route was amazing.
2553,851,612,3,Thrilling adventure activities and excitement! Visiting Zuluk Silk Route was amazing.
2554,852,1885,1,Incredible natural beauty with scenic landscapes! Visiting Kupup Elephant Lake was amazing.
2555,852,101,1,Incredible natural beauty with scenic landscapes! Visiting Kupup Elephant Lake was amazing.
2556,852,854,2,Incredible natural beauty with scenic landscapes! Visiting Kupup Elephant Lake was amazing.
2557,853,331,3,Thrilling adventure activities and excitement! Visiting Pelling Skywalk was amazing.
2558,853,1252,5,Thrilling adventure activities and excitement! Visiting Pelling Skywalk was amazing.
2559,853,1173,5,Thrilling adventure activities and excitement! Visiting Pelling Skywalk was amazing.
2560,854,364,4,A historical wonder with rich heritage and architecture! Visiting Rabdentse Ruins was amazing.
2561,854,1535,5,A historical wonder with rich heritage and architecture! Visiting Rabdentse Ruins was amazing.
2562,854,738,1,A historical wonder with rich heritage and architecture! Visiting Rabdentse Ruins was amazing.
2563,855,191,3,A peaceful and spiritually uplifting destination. Visiting Sangachoeling Monastery was amazing.
2564,855,662,3,A peaceful and spiritually uplifting destination. Visiting Sangachoeling Monastery was amazing.
2565,855,1839,4,A peaceful and spiritually uplifting destination. Visiting Sangachoeling Monastery was amazing.
2566,856,1680,1,A peaceful and spiritually uplifting destination. Visiting Pemayangtse Monastery was amazing.
2567,856,1554,4,A peaceful and spiritually uplifting destination. Visiting Pemayangtse Monastery was amazing.
2568,856,1728,5,A peaceful and spiritually uplifting destination. Visiting Pemayangtse Monastery was amazing.
2569,857,133,3,A peaceful and spiritually uplifting destination. Visiting Khecheopalri Wish-Fulfilling Lake was amazing.
2570,857,965,2,A peaceful and spiritually uplifting destination. Visiting Khecheopalri Wish-Fulfilling Lake was amazing.
2571,857,250,3,A peaceful and spiritually uplifting destination. Visiting Khecheopalri Wish-Fulfilling Lake was amazing.
2572,858,675,5,Incredible natural beauty with scenic landscapes! Visiting Kanchenjunga Falls was amazing.
2573,858,848,5,Incredible natural beauty with scenic landscapes! Visiting Kanchenjunga Falls was amazing.
2574,858,430,2,Incredible natural beauty with scenic landscapes! Visiting Kanchenjunga Falls was amazing.
2575,859,1254,1,Incredible natural beauty with scenic landscapes! Visiting Rimbi Orange Garden was amazing.
2576,859,224,5,Incredible natural beauty with scenic landscapes! Visiting Rimbi Orange Garden was amazing.
2577,859,1495,5,Incredible natural beauty with scenic landscapes! Visiting Rimbi Orange Garden was amazing.
2578,860,180,4,A wonderful and memorable travel experience! Visiting Singshore Bridge was amazing.
2579,860,1483,5,A wonderful and memorable travel experience! Visiting Singshore Bridge was amazing.
2580,860,1913,3,A wonderful and memorable travel experience! Visiting Singshore Bridge was amazing.
2581,861,875,5,Incredible natural beauty with scenic landscapes! Visiting Lachung Village was amazing.
2582,861,1737,3,Incredible natural beauty with scenic landscapes! Visiting Lachung Village was amazing.
2583,861,532,5,Incredible natural beauty with scenic landscapes! Visiting Lachung Village was amazing.
2584,862,1178,5,Incredible natural beauty with scenic landscapes! Visiting Yumthang Valley of Flowers was amazing.
2585,862,725,2,Incredible natural beauty with scenic landscapes! Visiting Yumthang Valley of Flowers was amazing.
2586,862,1259,5,Incredible natural beauty with scenic landscapes! Visiting Yumthang Valley of Flowers was amazing.
2587,863,1017,5,Thrilling adventure activities and excitement! Visiting Zero Point (Yumesamdong) was amazing.
2588,863,1494,4,Thrilling adventure activities and excitement! Visiting Zero Point (Yumesamdong) was amazing.
2589,863,1009,2,Thrilling adventure activities and excitement! Visiting Zero Point (Yumesamdong) was amazing.
2590,864,1810,5,Incredible natural beauty with scenic landscapes! Visiting Lachen Village was amazing.
2591,864,477,3,Incredible natural beauty with scenic landscapes! Visiting Lachen Village was amazing.
2592,864,397,1,Incredible natural beauty with scenic landscapes! Visiting Lachen Village was amazing.
2593,865,243,1,Incredible natural beauty with scenic landscapes! Visiting Gurudongmar Sacred Lake was amazing.
2594,865,953,1,Incredible natural beauty with scenic landscapes! Visiting Gurudongmar Sacred Lake was amazing.
2595,865,1511,2,Incredible natural beauty with scenic landscapes! Visiting Gurudongmar Sacred Lake was amazing.
2596,866,1638,5,Incredible natural beauty with scenic landscapes! Visiting Thangu Valley was amazing.
2597,866,850,4,Incredible natural beauty with scenic landscapes! Visiting Thangu Valley was amazing.
2598,866,94,3,Incredible natural beauty with scenic landscapes! Visiting Thangu Valley was amazing.
2599,867,717,5,Incredible natural beauty with scenic landscapes! Visiting Chopta Valley was amazing.
2600,867,1651,2,Incredible natural beauty with scenic landscapes! Visiting Chopta Valley was amazing.
2601,867,24,2,Incredible natural beauty with scenic landscapes! Visiting Chopta Valley was amazing.
2602,868,1414,3,A peaceful and spiritually uplifting destination. Visiting Namchi Chardham (Siddheshwar Dham) was amazing.
2603,868,522,1,A peaceful and spiritually uplifting destination. Visiting Namchi Chardham (Siddheshwar Dham) was amazing.
2604,868,631,3,A peaceful and spiritually uplifting destination. Visiting Namchi Chardham (Siddheshwar Dham) was amazing.
2605,869,1038,5,A peaceful and spiritually uplifting destination. Visiting Samdruptse Statue was amazing.
2606,869,664,1,A peaceful and spiritually uplifting destination. Visiting Samdruptse Statue was amazing.
2607,869,234,3,A peaceful and spiritually uplifting destination. Visiting Samdruptse Statue was amazing.
2608,870,700,4,Incredible natural beauty with scenic landscapes! Visiting Temi Tea Garden was amazing.
2609,870,1484,5,Incredible natural beauty with scenic landscapes! Visiting Temi Tea Garden was amazing.
2610,870,1262,1,Incredible natural beauty with scenic landscapes! Visiting Temi Tea Garden was amazing.
2611,871,1705,2,A peaceful and spiritually uplifting destination. Visiting Ravangla Buddha Park (Tathagata Tsal) was amazing.
2612,871,398,3,A peaceful and spiritually uplifting destination. Visiting Ravangla Buddha Park (Tathagata Tsal) was amazing.
2613,871,1708,3,A peaceful and spiritually uplifting destination. Visiting Ravangla Buddha Park (Tathagata Tsal) was amazing.
2614,872,1889,4,A peaceful and spiritually uplifting destination. Visiting Bon Monastery was amazing.
2615,872,1877,4,A peaceful and spiritually uplifting destination. Visiting Bon Monastery was amazing.
2616,872,1633,1,A peaceful and spiritually uplifting destination. Visiting Bon Monastery was amazing.
2617,873,1323,2,An exciting wildlife experience close to nature! Visiting Maenam Wildlife Sanctuary was amazing.
2618,873,987,2,An exciting wildlife experience close to nature! Visiting Maenam Wildlife Sanctuary was amazing.
2619,873,1285,4,An exciting wildlife experience close to nature! Visiting Maenam Wildlife Sanctuary was amazing.
2620,874,1827,5,A historical wonder with rich heritage and architecture! Visiting Yuksom Coronation Site was amazing.
2621,874,1835,3,A historical wonder with rich heritage and architecture! Visiting Yuksom Coronation Site was amazing.
2622,874,948,4,A historical wonder with rich heritage and architecture! Visiting Yuksom Coronation Site was amazing.
2623,875,1901,1,A peaceful and spiritually uplifting destination. Visiting Dubdi Monastery was amazing.
2624,875,1711,5,A peaceful and spiritually uplifting destination. Visiting Dubdi Monastery was amazing.
2625,875,614,5,A peaceful and spiritually uplifting destination. Visiting Dubdi Monastery was amazing.
2626,876,1485,3,A peaceful and spiritually uplifting destination. Visiting Tashiding Monastery was amazing.
2627,876,1138,5,A peaceful and spiritually uplifting destination. Visiting Tashiding Monastery was amazing.
2628,876,39,2,A peaceful and spiritually uplifting destination. Visiting Tashiding Monastery was amazing.
2629,877,1183,3,Incredible natural beauty with scenic landscapes! Visiting Varsey Rhododendron Sanctuary was amazing.
2630,877,1638,3,Incredible natural beauty with scenic landscapes! Visiting Varsey Rhododendron Sanctuary was amazing.
2631,877,136,2,Incredible natural beauty with scenic landscapes! Visiting Varsey Rhododendron Sanctuary was amazing.
2632,878,575,1,Thrilling adventure activities and excitement! Visiting Goechala Trek Base was amazing.
2633,878,695,4,Thrilling adventure activities and excitement! Visiting Goechala Trek Base was amazing.
2634,878,1284,5,Thrilling adventure activities and excitement! Visiting Goechala Trek Base was amazing.
2635,879,1726,2,Incredible natural beauty with scenic landscapes! Visiting Ziro Pine Grove was amazing.
2636,879,1170,5,Incredible natural beauty with scenic landscapes! Visiting Ziro Pine Grove was amazing.
2637,879,798,2,Incredible natural beauty with scenic landscapes! Visiting Ziro Pine Grove was amazing.
2638,880,1219,1,An exciting wildlife experience close to nature! Visiting Talley Valley Wildlife Sanctuary was amazing.
2639,880,1771,3,An exciting wildlife experience close to nature! Visiting Talley Valley Wildlife Sanctuary was amazing.
2640,880,1445,3,An exciting wildlife experience close to nature! Visiting Talley Valley Wildlife Sanctuary was amazing.
2641,881,1454,1,A peaceful and spiritually uplifting destination. Visiting Meghna Cave Temple was amazing.
2642,881,557,4,A peaceful and spiritually uplifting destination. Visiting Meghna Cave Temple was amazing.
2643,881,178,4,A peaceful and spiritually uplifting destination. Visiting Meghna Cave Temple was amazing.
2644,882,1797,2,A historical wonder with rich heritage and architecture! Visiting Tawang War Memorial was amazing.
2645,882,762,4,A historical wonder with rich heritage and architecture! Visiting Tawang War Memorial was amazing.
2646,882,1699,3,A historical wonder with rich heritage and architecture! Visiting Tawang War Memorial was amazing.
2647,883,443,5,Incredible natural beauty with scenic landscapes! Visiting Sela Pass was amazing.
2648,883,620,2,Incredible natural beauty with scenic landscapes! Visiting Sela Pass was amazing.
2649,883,230,3,Incredible natural beauty with scenic landscapes! Visiting Sela Pass was amazing.
2650,884,1608,1,Incredible natural beauty with scenic landscapes! Visiting Madhuri Lake (Sangetsar) was amazing.
2651,884,1593,2,Incredible natural beauty with scenic landscapes! Visiting Madhuri Lake (Sangetsar) was amazing.
2652,884,1871,1,Incredible natural beauty with scenic landscapes! Visiting Madhuri Lake (Sangetsar) was amazing.
2653,885,909,5,Incredible natural beauty with scenic landscapes! Visiting Nuranang Falls (Bong Bong Falls) was amazing.
2654,885,52,4,Incredible natural beauty with scenic landscapes! Visiting Nuranang Falls (Bong Bong Falls) was amazing.
2655,885,1854,5,Incredible natural beauty with scenic landscapes! Visiting Nuranang Falls (Bong Bong Falls) was amazing.
2656,886,316,2,Thrilling adventure activities and excitement! Visiting Bum La Pass Border was amazing.
2657,886,697,4,Thrilling adventure activities and excitement! Visiting Bum La Pass Border was amazing.
2658,886,1501,5,Thrilling adventure activities and excitement! Visiting Bum La Pass Border was amazing.
2659,887,636,3,Incredible natural beauty with scenic landscapes! Visiting P.T. Tso Lake was amazing.
2660,887,294,1,Incredible natural beauty with scenic landscapes! Visiting P.T. Tso Lake was amazing.
2661,887,1684,5,Incredible natural beauty with scenic landscapes! Visiting P.T. Tso Lake was amazing.
2662,888,1386,2,Thrilling adventure activities and excitement! Visiting Gorichen Peak was amazing.
2663,888,421,1,Thrilling adventure activities and excitement! Visiting Gorichen Peak was amazing.
2664,888,941,4,Thrilling adventure activities and excitement! Visiting Gorichen Peak was amazing.
2665,889,1462,5,A peaceful and spiritually uplifting destination. Visiting Bomdila Monastery was amazing.
2666,889,238,1,A peaceful and spiritually uplifting destination. Visiting Bomdila Monastery was amazing.
2667,889,637,1,A peaceful and spiritually uplifting destination. Visiting Bomdila Monastery was amazing.
2668,890,1408,5,An exciting wildlife experience close to nature! Visiting Eaglenest Wildlife Sanctuary was amazing.
2669,890,1786,1,An exciting wildlife experience close to nature! Visiting Eaglenest Wildlife Sanctuary was amazing.
2670,890,683,4,An exciting wildlife experience close to nature! Visiting Eaglenest Wildlife Sanctuary was amazing.
2671,891,1822,1,Incredible natural beauty with scenic landscapes! Visiting Dirang Valley was amazing.
2672,891,212,5,Incredible natural beauty with scenic landscapes! Visiting Dirang Valley was amazing.
2673,891,1570,3,Incredible natural beauty with scenic landscapes! Visiting Dirang Valley was amazing.
2674,892,47,5,Incredible natural beauty with scenic landscapes! Visiting Sangti Valley was amazing.
2675,892,1554,3,Incredible natural beauty with scenic landscapes! Visiting Sangti Valley was amazing.
2676,892,1309,2,Incredible natural beauty with scenic landscapes! Visiting Sangti Valley was amazing.
2677,893,658,2,A historical wonder with rich heritage and architecture! Visiting Itanagar Ita Fort was amazing.
2678,893,395,3,A historical wonder with rich heritage and architecture! Visiting Itanagar Ita Fort was amazing.
2679,893,567,5,A historical wonder with rich heritage and architecture! Visiting Itanagar Ita Fort was amazing.
2680,894,654,4,A wonderful and memorable travel experience! Visiting Jawaharlal Nehru State Museum was amazing.
2681,894,1375,1,A wonderful and memorable travel experience! Visiting Jawaharlal Nehru State Museum was amazing.
2682,894,559,2,A wonderful and memorable travel experience! Visiting Jawaharlal Nehru State Museum was amazing.
2683,895,323,3,Incredible natural beauty with scenic landscapes! Visiting Geker Sinying (Ganga Lake) was amazing.
2684,895,235,1,Incredible natural beauty with scenic landscapes! Visiting Geker Sinying (Ganga Lake) was amazing.
2685,895,1963,5,Incredible natural beauty with scenic landscapes! Visiting Geker Sinying (Ganga Lake) was amazing.
2686,896,1147,5,An exciting wildlife experience close to nature! Visiting Namdapha National Park was amazing.
2687,896,210,2,An exciting wildlife experience close to nature! Visiting Namdapha National Park was amazing.
2688,896,1112,3,An exciting wildlife experience close to nature! Visiting Namdapha National Park was amazing.
2689,897,1126,3,An exciting wildlife experience close to nature! Visiting Pakhui (Pakke) Tiger Reserve was amazing.
2690,897,556,2,An exciting wildlife experience close to nature! Visiting Pakhui (Pakke) Tiger Reserve was amazing.
2691,897,1932,3,An exciting wildlife experience close to nature! Visiting Pakhui (Pakke) Tiger Reserve was amazing.
2692,898,1176,2,Incredible natural beauty with scenic landscapes! Visiting Bhalukpong River Side was amazing.
2693,898,351,1,Incredible natural beauty with scenic landscapes! Visiting Bhalukpong River Side was amazing.
2694,898,638,5,Incredible natural beauty with scenic landscapes! Visiting Bhalukpong River Side was amazing.
2695,899,1828,3,Thrilling adventure activities and excitement! Visiting Roing Mayudia Pass was amazing.
2696,899,1108,4,Thrilling adventure activities and excitement! Visiting Roing Mayudia Pass was amazing.
2697,899,104,2,Thrilling adventure activities and excitement! Visiting Roing Mayudia Pass was amazing.
2698,900,60,4,Thrilling adventure activities and excitement! Visiting Dong Village (First Sunrise) was amazing.
2699,900,1850,1,Thrilling adventure activities and excitement! Visiting Dong Village (First Sunrise) was amazing.
2700,900,217,4,Thrilling adventure activities and excitement! Visiting Dong Village (First Sunrise) was amazing.
2701,901,111,1,A peaceful and spiritually uplifting destination. Visiting Vishnupad Temple was amazing.
2702,901,874,4,A peaceful and spiritually uplifting destination. Visiting Vishnupad Temple was amazing.
2703,901,367,5,A peaceful and spiritually uplifting destination. Visiting Vishnupad Temple was amazing.
2704,902,1826,5,A historical wonder with rich heritage and architecture! Visiting Barabar Caves was amazing.
2705,902,1290,4,A historical wonder with rich heritage and architecture! Visiting Barabar Caves was amazing.
2706,902,1263,3,A historical wonder with rich heritage and architecture! Visiting Barabar Caves was amazing.
2707,903,640,3,A historical wonder with rich heritage and architecture! Visiting Sher Shah Suri Tomb was amazing.
2708,903,1675,2,A historical wonder with rich heritage and architecture! Visiting Sher Shah Suri Tomb was amazing.
2709,903,1461,5,A historical wonder with rich heritage and architecture! Visiting Sher Shah Suri Tomb was amazing.
2710,904,161,4,A historical wonder with rich heritage and architecture! Visiting Rohtasgarh Fort was amazing.
2711,904,1163,2,A historical wonder with rich heritage and architecture! Visiting Rohtasgarh Fort was amazing.
2712,904,191,4,A historical wonder with rich heritage and architecture! Visiting Rohtasgarh Fort was amazing.
2713,905,200,4,A peaceful and spiritually uplifting destination. Visiting Pawapuri Jain Temple was amazing.
2714,905,636,4,A peaceful and spiritually uplifting destination. Visiting Pawapuri Jain Temple was amazing.
2715,905,964,2,A peaceful and spiritually uplifting destination. Visiting Pawapuri Jain Temple was amazing.
2716,906,1941,2,A wonderful and memorable travel experience! Visiting Hiuen Tsang Memorial Hall was amazing.
2717,906,295,5,A wonderful and memorable travel experience! Visiting Hiuen Tsang Memorial Hall was amazing.
2718,906,529,3,A wonderful and memorable travel experience! Visiting Hiuen Tsang Memorial Hall was amazing.
2719,907,803,2,Thrilling adventure activities and excitement! Visiting Rajgir Glass Bridge was amazing.
2720,907,1433,3,Thrilling adventure activities and excitement! Visiting Rajgir Glass Bridge was amazing.
2721,907,1616,3,Thrilling adventure activities and excitement! Visiting Rajgir Glass Bridge was amazing.
2722,908,929,4,A peaceful and spiritually uplifting destination. Visiting Vishwa Shanti Stupa was amazing.
2723,908,62,1,A peaceful and spiritually uplifting destination. Visiting Vishwa Shanti Stupa was amazing.
2724,908,974,1,A peaceful and spiritually uplifting destination. Visiting Vishwa Shanti Stupa was amazing.
2725,909,720,4,A historical wonder with rich heritage and architecture! Visiting Vulture's Peak (Gridhakuta) was amazing.
2726,909,945,2,A historical wonder with rich heritage and architecture! Visiting Vulture's Peak (Gridhakuta) was amazing.
2727,909,579,3,A historical wonder with rich heritage and architecture! Visiting Vulture's Peak (Gridhakuta) was amazing.
2728,910,1238,5,A historical wonder with rich heritage and architecture! Visiting Bimbisara Jail was amazing.
2729,910,261,5,A historical wonder with rich heritage and architecture! Visiting Bimbisara Jail was amazing.
2730,910,211,4,A historical wonder with rich heritage and architecture! Visiting Bimbisara Jail was amazing.
2731,911,1675,1,A historical wonder with rich heritage and architecture! Visiting Cyclopean Wall was amazing.
2732,911,668,5,A historical wonder with rich heritage and architecture! Visiting Cyclopean Wall was amazing.
2733,911,1331,1,A historical wonder with rich heritage and architecture! Visiting Cyclopean Wall was amazing.
2734,912,1623,3,Incredible natural beauty with scenic landscapes! Visiting Ghora Katora Lake was amazing.
2735,912,1092,4,Incredible natural beauty with scenic landscapes! Visiting Ghora Katora Lake was amazing.
2736,912,821,5,Incredible natural beauty with scenic landscapes! Visiting Ghora Katora Lake was amazing.
2737,913,847,2,A historical wonder with rich heritage and architecture! Visiting Vikramshila University Ruins was amazing.
2738,913,1272,2,A historical wonder with rich heritage and architecture! Visiting Vikramshila University Ruins was amazing.
2739,913,1123,2,A historical wonder with rich heritage and architecture! Visiting Vikramshila University Ruins was amazing.
2740,914,1995,4,An exciting wildlife experience close to nature! Visiting Dolphin Sanctuary was amazing.
2741,914,787,1,An exciting wildlife experience close to nature! Visiting Dolphin Sanctuary was amazing.
2742,914,698,2,An exciting wildlife experience close to nature! Visiting Dolphin Sanctuary was amazing.
2743,915,1667,5,An exciting wildlife experience close to nature! Visiting Valmiki National Park was amazing.
2744,915,883,4,An exciting wildlife experience close to nature! Visiting Valmiki National Park was amazing.
2745,915,1162,3,An exciting wildlife experience close to nature! Visiting Valmiki National Park was amazing.
2746,916,1116,2,A historical wonder with rich heritage and architecture! Visiting Kesaria Stupa was amazing.
2747,916,355,1,A historical wonder with rich heritage and architecture! Visiting Kesaria Stupa was amazing.
2748,916,1515,5,A historical wonder with rich heritage and architecture! Visiting Kesaria Stupa was amazing.
2749,917,1714,4,A wonderful and memorable travel experience! Visiting Patna Museum was amazing.
2750,917,235,5,A wonderful and memorable travel experience! Visiting Patna Museum was amazing.
2751,917,1221,4,A wonderful and memorable travel experience! Visiting Patna Museum was amazing.
2752,918,667,5,A historical wonder with rich heritage and architecture! Visiting Golghar was amazing.
2753,918,200,4,A historical wonder with rich heritage and architecture! Visiting Golghar was amazing.
2754,918,361,3,A historical wonder with rich heritage and architecture! Visiting Golghar was amazing.
2755,919,1958,4,A peaceful and spiritually uplifting destination. Visiting Takhat Sri Patna Sahib was amazing.
2756,919,143,5,A peaceful and spiritually uplifting destination. Visiting Takhat Sri Patna Sahib was amazing.
2757,919,223,5,A peaceful and spiritually uplifting destination. Visiting Takhat Sri Patna Sahib was amazing.
2758,920,1580,4,An exciting wildlife experience close to nature! Visiting Sanjay Gandhi Biological Park was amazing.
2759,920,671,4,An exciting wildlife experience close to nature! Visiting Sanjay Gandhi Biological Park was amazing.
2760,920,1321,1,An exciting wildlife experience close to nature! Visiting Sanjay Gandhi Biological Park was amazing.
2761,921,186,2,A wonderful and memorable travel experience! Visiting Bihar Museum was amazing.
2762,921,1674,2,A wonderful and memorable travel experience! Visiting Bihar Museum was amazing.
2763,921,1818,5,A wonderful and memorable travel experience! Visiting Bihar Museum was amazing.
2764,922,1850,1,A peaceful and spiritually uplifting destination. Visiting Maner Sharif Dargah was amazing.
2765,922,1551,2,A peaceful and spiritually uplifting destination. Visiting Maner Sharif Dargah was amazing.
2766,922,1354,2,A peaceful and spiritually uplifting destination. Visiting Maner Sharif Dargah was amazing.
2767,923,928,5,Incredible natural beauty with scenic landscapes! Visiting Kakolat Waterfall was amazing.
2768,923,597,4,Incredible natural beauty with scenic landscapes! Visiting Kakolat Waterfall was amazing.
2769,923,1261,5,Incredible natural beauty with scenic landscapes! Visiting Kakolat Waterfall was amazing.
2770,924,916,2,A historical wonder with rich heritage and architecture! Visiting Munger Fort was amazing.
2771,924,422,3,A historical wonder with rich heritage and architecture! Visiting Munger Fort was amazing.
2772,924,614,5,A historical wonder with rich heritage and architecture! Visiting Munger Fort was amazing.
2773,925,1627,3,A peaceful and spiritually uplifting destination. Visiting Jalmandir was amazing.
2774,925,1882,4,A peaceful and spiritually uplifting destination. Visiting Jalmandir was amazing.
2775,925,1471,3,A peaceful and spiritually uplifting destination. Visiting Jalmandir was amazing.
2776,926,183,5,Incredible natural beauty with scenic landscapes! Visiting Indira Gandhi Tulip Garden was amazing.
2777,926,17,5,Incredible natural beauty with scenic landscapes! Visiting Indira Gandhi Tulip Garden was amazing.
2778,926,1046,4,Incredible natural beauty with scenic landscapes! Visiting Indira Gandhi Tulip Garden was amazing.
2779,927,1736,2,A historical wonder with rich heritage and architecture! Visiting Pari Mahal was amazing.
2780,927,1746,3,A historical wonder with rich heritage and architecture! Visiting Pari Mahal was amazing.
2781,927,128,3,A historical wonder with rich heritage and architecture! Visiting Pari Mahal was amazing.
2782,928,1846,5,A peaceful and spiritually uplifting destination. Visiting Shankaracharya Temple was amazing.
2783,928,1983,1,A peaceful and spiritually uplifting destination. Visiting Shankaracharya Temple was amazing.
2784,928,2,5,A peaceful and spiritually uplifting destination. Visiting Shankaracharya Temple was amazing.
2785,929,1681,3,Incredible natural beauty with scenic landscapes! Visiting Chashme Shahi was amazing.
2786,929,225,3,Incredible natural beauty with scenic landscapes! Visiting Chashme Shahi was amazing.
2787,929,1773,1,Incredible natural beauty with scenic landscapes! Visiting Chashme Shahi was amazing.
2788,930,482,4,A peaceful and spiritually uplifting destination. Visiting Hazratbal Shrine was amazing.
2789,930,1439,5,A peaceful and spiritually uplifting destination. Visiting Hazratbal Shrine was amazing.
2790,930,808,3,A peaceful and spiritually uplifting destination. Visiting Hazratbal Shrine was amazing.
2791,931,1458,4,An exciting wildlife experience close to nature! Visiting Dachigam National Park was amazing.
2792,931,832,4,An exciting wildlife experience close to nature! Visiting Dachigam National Park was amazing.
2793,931,892,5,An exciting wildlife experience close to nature! Visiting Dachigam National Park was amazing.
2794,932,433,2,Incredible natural beauty with scenic landscapes! Visiting Aru Valley was amazing.
2795,932,973,2,Incredible natural beauty with scenic landscapes! Visiting Aru Valley was amazing.
2796,932,386,5,Incredible natural beauty with scenic landscapes! Visiting Aru Valley was amazing.
2797,933,788,3,Incredible natural beauty with scenic landscapes! Visiting Betaab Valley was amazing.
2798,933,1721,4,Incredible natural beauty with scenic landscapes! Visiting Betaab Valley was amazing.
2799,933,316,3,Incredible natural beauty with scenic landscapes! Visiting Betaab Valley was amazing.
2800,934,1788,2,Incredible natural beauty with scenic landscapes! Visiting Chandanwari was amazing.
2801,934,276,1,Incredible natural beauty with scenic landscapes! Visiting Chandanwari was amazing.
2802,934,147,1,Incredible natural beauty with scenic landscapes! Visiting Chandanwari was amazing.
2803,935,295,4,Incredible natural beauty with scenic landscapes! Visiting Baisaran Valley (Mini Switzerland) was amazing.
2804,935,1348,4,Incredible natural beauty with scenic landscapes! Visiting Baisaran Valley (Mini Switzerland) was amazing.
2805,935,1997,2,Incredible natural beauty with scenic landscapes! Visiting Baisaran Valley (Mini Switzerland) was amazing.
2806,936,174,2,Incredible natural beauty with scenic landscapes! Visiting Sheshnag Lake was amazing.
2807,936,1316,4,Incredible natural beauty with scenic landscapes! Visiting Sheshnag Lake was amazing.
2808,936,1762,4,Incredible natural beauty with scenic landscapes! Visiting Sheshnag Lake was amazing.
2809,937,1831,5,A historical wonder with rich heritage and architecture! Visiting Martand Sun Temple Ruins was amazing.
2810,937,1906,4,A historical wonder with rich heritage and architecture! Visiting Martand Sun Temple Ruins was amazing.
2811,937,1277,2,A historical wonder with rich heritage and architecture! Visiting Martand Sun Temple Ruins was amazing.
2812,938,931,5,Thrilling adventure activities and excitement! Visiting Khilanmarg was amazing.
2813,938,869,5,Thrilling adventure activities and excitement! Visiting Khilanmarg was amazing.
2814,938,1680,4,Thrilling adventure activities and excitement! Visiting Khilanmarg was amazing.
2815,939,788,3,Incredible natural beauty with scenic landscapes! Visiting Alpathar Lake was amazing.
2816,939,463,2,Incredible natural beauty with scenic landscapes! Visiting Alpathar Lake was amazing.
2817,939,870,5,Incredible natural beauty with scenic landscapes! Visiting Alpathar Lake was amazing.
2818,940,16,5,Thrilling adventure activities and excitement! Visiting Apharwat Peak was amazing.
2819,940,1021,2,Thrilling adventure activities and excitement! Visiting Apharwat Peak was amazing.
2820,940,1459,5,Thrilling adventure activities and excitement! Visiting Apharwat Peak was amazing.
2821,941,552,4,Incredible natural beauty with scenic landscapes! Visiting Wular Lake was amazing.
2822,941,1898,5,Incredible natural beauty with scenic landscapes! Visiting Wular Lake was amazing.
2823,941,1181,3,Incredible natural beauty with scenic landscapes! Visiting Wular Lake was amazing.
2824,942,69,1,Incredible natural beauty with scenic landscapes! Visiting Manasbal Lake was amazing.
2825,942,1164,4,Incredible natural beauty with scenic landscapes! Visiting Manasbal Lake was amazing.
2826,942,1444,3,Incredible natural beauty with scenic landscapes! Visiting Manasbal Lake was amazing.
2827,943,232,5,Incredible natural beauty with scenic landscapes! Visiting Sonamarg Glaciers was amazing.
2828,943,987,1,Incredible natural beauty with scenic landscapes! Visiting Sonamarg Glaciers was amazing.
2829,943,291,5,Incredible natural beauty with scenic landscapes! Visiting Sonamarg Glaciers was amazing.
2830,944,1760,3,Thrilling adventure activities and excitement! Visiting Thajiwas Glacier was amazing.
2831,944,953,5,Thrilling adventure activities and excitement! Visiting Thajiwas Glacier was amazing.
2832,944,161,5,Thrilling adventure activities and excitement! Visiting Thajiwas Glacier was amazing.
2833,945,1823,5,Thrilling adventure activities and excitement! Visiting Zoji La Pass was amazing.
2834,945,182,2,Thrilling adventure activities and excitement! Visiting Zoji La Pass was amazing.
2835,945,968,1,Thrilling adventure activities and excitement! Visiting Zoji La Pass was amazing.
2836,946,1401,5,Incredible natural beauty with scenic landscapes! Visiting Kishansar Lake was amazing.
2837,946,1635,5,Incredible natural beauty with scenic landscapes! Visiting Kishansar Lake was amazing.
2838,946,640,5,Incredible natural beauty with scenic landscapes! Visiting Kishansar Lake was amazing.
2839,947,109,3,Incredible natural beauty with scenic landscapes! Visiting Yusmarg was amazing.
2840,947,1096,1,Incredible natural beauty with scenic landscapes! Visiting Yusmarg was amazing.
2841,947,961,4,Incredible natural beauty with scenic landscapes! Visiting Yusmarg was amazing.
2842,948,1050,4,Incredible natural beauty with scenic landscapes! Visiting Doodhpathri was amazing.
2843,948,1176,3,Incredible natural beauty with scenic landscapes! Visiting Doodhpathri was amazing.
2844,948,863,3,Incredible natural beauty with scenic landscapes! Visiting Doodhpathri was amazing.
2845,949,1968,3,Incredible natural beauty with scenic landscapes! Visiting Verinag Spring was amazing.
2846,949,593,2,Incredible natural beauty with scenic landscapes! Visiting Verinag Spring was amazing.
2847,949,73,5,Incredible natural beauty with scenic landscapes! Visiting Verinag Spring was amazing.
2848,950,1535,3,Incredible natural beauty with scenic landscapes! Visiting Aharbal Waterfall was amazing.
2849,950,1489,5,Incredible natural beauty with scenic landscapes! Visiting Aharbal Waterfall was amazing.
2850,950,534,1,Incredible natural beauty with scenic landscapes! Visiting Aharbal Waterfall was amazing.
2851,951,1289,4,A historical wonder with rich heritage and architecture! Visiting Leh Palace was amazing.
2852,951,1185,2,A historical wonder with rich heritage and architecture! Visiting Leh Palace was amazing.
2853,951,1174,1,A historical wonder with rich heritage and architecture! Visiting Leh Palace was amazing.
2854,952,1345,3,A peaceful and spiritually uplifting destination. Visiting Shanti Stupa Leh was amazing.
2855,952,1657,5,A peaceful and spiritually uplifting destination. Visiting Shanti Stupa Leh was amazing.
2856,952,56,3,A peaceful and spiritually uplifting destination. Visiting Shanti Stupa Leh was amazing.
2857,953,993,1,Incredible natural beauty with scenic landscapes! Visiting Magnetic Hill was amazing.
2858,953,260,5,Incredible natural beauty with scenic landscapes! Visiting Magnetic Hill was amazing.
2859,953,158,3,Incredible natural beauty with scenic landscapes! Visiting Magnetic Hill was amazing.
2860,954,517,2,Incredible natural beauty with scenic landscapes! Visiting Sangam Point (Indus & Zanskar) was amazing.
2861,954,1262,3,Incredible natural beauty with scenic landscapes! Visiting Sangam Point (Indus & Zanskar) was amazing.
2862,954,564,3,Incredible natural beauty with scenic landscapes! Visiting Sangam Point (Indus & Zanskar) was amazing.
2863,955,30,1,A historical wonder with rich heritage and architecture! Visiting Hall of Fame was amazing.
2864,955,1237,2,A historical wonder with rich heritage and architecture! Visiting Hall of Fame was amazing.
2865,955,1864,5,A historical wonder with rich heritage and architecture! Visiting Hall of Fame was amazing.
2866,956,1514,2,A peaceful and spiritually uplifting destination. Visiting Spituk Monastery was amazing.
2867,956,1350,4,A peaceful and spiritually uplifting destination. Visiting Spituk Monastery was amazing.
2868,956,758,2,A peaceful and spiritually uplifting destination. Visiting Spituk Monastery was amazing.
2869,957,536,2,A peaceful and spiritually uplifting destination. Visiting Thiksey Monastery was amazing.
2870,957,994,2,A peaceful and spiritually uplifting destination. Visiting Thiksey Monastery was amazing.
2871,957,1638,5,A peaceful and spiritually uplifting destination. Visiting Thiksey Monastery was amazing.
2872,958,1766,1,A peaceful and spiritually uplifting destination. Visiting Stakna Monastery was amazing.
2873,958,703,1,A peaceful and spiritually uplifting destination. Visiting Stakna Monastery was amazing.
2874,958,1982,2,A peaceful and spiritually uplifting destination. Visiting Stakna Monastery was amazing.
2875,959,1220,2,A peaceful and spiritually uplifting destination. Visiting Shey Monastery was amazing.
2876,959,1716,4,A peaceful and spiritually uplifting destination. Visiting Shey Monastery was amazing.
2877,959,1542,4,A peaceful and spiritually uplifting destination. Visiting Shey Monastery was amazing.
2878,960,1578,4,A peaceful and spiritually uplifting destination. Visiting Alchi Monastery was amazing.
2879,960,488,4,A peaceful and spiritually uplifting destination. Visiting Alchi Monastery was amazing.
2880,960,1487,2,A peaceful and spiritually uplifting destination. Visiting Alchi Monastery was amazing.
2881,961,432,5,A peaceful and spiritually uplifting destination. Visiting Likir Monastery was amazing.
2882,961,1504,3,A peaceful and spiritually uplifting destination. Visiting Likir Monastery was amazing.
2883,961,112,3,A peaceful and spiritually uplifting destination. Visiting Likir Monastery was amazing.
2884,962,1548,1,Incredible natural beauty with scenic landscapes! Visiting Lamayuru Moonland was amazing.
2885,962,108,2,Incredible natural beauty with scenic landscapes! Visiting Lamayuru Moonland was amazing.
2886,962,951,4,Incredible natural beauty with scenic landscapes! Visiting Lamayuru Moonland was amazing.
2887,963,976,3,A peaceful and spiritually uplifting destination. Visiting Diskit Monastery was amazing.
2888,963,976,5,A peaceful and spiritually uplifting destination. Visiting Diskit Monastery was amazing.
2889,963,479,4,A peaceful and spiritually uplifting destination. Visiting Diskit Monastery was amazing.
2890,964,1400,4,Incredible natural beauty with scenic landscapes! Visiting Hunder Sand Dunes was amazing.
2891,964,972,3,Incredible natural beauty with scenic landscapes! Visiting Hunder Sand Dunes was amazing.
2892,964,298,5,Incredible natural beauty with scenic landscapes! Visiting Hunder Sand Dunes was amazing.
2893,965,1783,4,A wonderful and memorable travel experience! Visiting Turtuk Village was amazing.
2894,965,25,3,A wonderful and memorable travel experience! Visiting Turtuk Village was amazing.
2895,965,1899,4,A wonderful and memorable travel experience! Visiting Turtuk Village was amazing.
2896,966,783,3,Incredible natural beauty with scenic landscapes! Visiting Panamik Hot Springs was amazing.
2897,966,1970,5,Incredible natural beauty with scenic landscapes! Visiting Panamik Hot Springs was amazing.
2898,966,1399,1,Incredible natural beauty with scenic landscapes! Visiting Panamik Hot Springs was amazing.
2899,967,200,5,Incredible natural beauty with scenic landscapes! Visiting Tso Moriri Lake was amazing.
2900,967,1306,3,Incredible natural beauty with scenic landscapes! Visiting Tso Moriri Lake was amazing.
2901,967,1959,4,Incredible natural beauty with scenic landscapes! Visiting Tso Moriri Lake was amazing.
2902,968,1251,3,Incredible natural beauty with scenic landscapes! Visiting Tso Kar Lake was amazing.
2903,968,687,3,Incredible natural beauty with scenic landscapes! Visiting Tso Kar Lake was amazing.
2904,968,547,1,Incredible natural beauty with scenic landscapes! Visiting Tso Kar Lake was amazing.
2905,969,523,5,Thrilling adventure activities and excitement! Visiting Khardung La Pass was amazing.
2906,969,802,4,Thrilling adventure activities and excitement! Visiting Khardung La Pass was amazing.
2907,969,1584,2,Thrilling adventure activities and excitement! Visiting Khardung La Pass was amazing.
2908,970,1504,5,Thrilling adventure activities and excitement! Visiting Chang La Pass was amazing.
2909,970,1578,2,Thrilling adventure activities and excitement! Visiting Chang La Pass was amazing.
2910,970,1065,3,Thrilling adventure activities and excitement! Visiting Chang La Pass was amazing.
2911,971,1388,2,Thrilling adventure activities and excitement! Visiting Zanskar Valley was amazing.
2912,971,642,5,Thrilling adventure activities and excitement! Visiting Zanskar Valley was amazing.
2913,971,22,1,Thrilling adventure activities and excitement! Visiting Zanskar Valley was amazing.
2914,972,1704,1,A peaceful and spiritually uplifting destination. Visiting Phugtal Monastery was amazing.
2915,972,25,4,A peaceful and spiritually uplifting destination. Visiting Phugtal Monastery was amazing.
2916,972,201,5,A peaceful and spiritually uplifting destination. Visiting Phugtal Monastery was amazing.
2917,973,213,4,A peaceful and spiritually uplifting destination. Visiting Rangdum Monastery was amazing.
2918,973,720,2,A peaceful and spiritually uplifting destination. Visiting Rangdum Monastery was amazing.
2919,973,1486,3,A peaceful and spiritually uplifting destination. Visiting Rangdum Monastery was amazing.
2920,974,516,2,Thrilling adventure activities and excitement! Visiting Shinku La Pass was amazing.
2921,974,70,1,Thrilling adventure activities and excitement! Visiting Shinku La Pass was amazing.
2922,974,1269,1,Thrilling adventure activities and excitement! Visiting Shinku La Pass was amazing.
2923,975,117,5,A historical wonder with rich heritage and architecture! Visiting Drass War Memorial was amazing.
2924,975,1345,2,A historical wonder with rich heritage and architecture! Visiting Drass War Memorial was amazing.
2925,975,1947,5,A historical wonder with rich heritage and architecture! Visiting Drass War Memorial was amazing.
2926,976,1307,1,A peaceful and spiritually uplifting destination. Visiting Mulbekh Monastery was amazing.
2927,976,1451,1,A peaceful and spiritually uplifting destination. Visiting Mulbekh Monastery was amazing.
2928,976,177,5,A peaceful and spiritually uplifting destination. Visiting Mulbekh Monastery was amazing.
2929,977,267,4,Incredible natural beauty with scenic landscapes! Visiting Suru Valley was amazing.
2930,977,1345,5,Incredible natural beauty with scenic landscapes! Visiting Suru Valley was amazing.
2931,977,1645,2,Incredible natural beauty with scenic landscapes! Visiting Suru Valley was amazing.
2932,978,1836,1,An exciting wildlife experience close to nature! Visiting Sukhna Wildlife Sanctuary was amazing.
2933,978,1425,2,An exciting wildlife experience close to nature! Visiting Sukhna Wildlife Sanctuary was amazing.
2934,978,519,3,An exciting wildlife experience close to nature! Visiting Sukhna Wildlife Sanctuary was amazing.
2935,979,957,1,A wonderful and memorable travel experience! Visiting Le Corbusier Centre was amazing.
2936,979,1309,4,A wonderful and memorable travel experience! Visiting Le Corbusier Centre was amazing.
2937,979,1890,3,A wonderful and memorable travel experience! Visiting Le Corbusier Centre was amazing.
2938,980,1576,4,A historical wonder with rich heritage and architecture! Visiting Open Hand Monument was amazing.
2939,980,1418,3,A historical wonder with rich heritage and architecture! Visiting Open Hand Monument was amazing.
2940,980,528,2,A historical wonder with rich heritage and architecture! Visiting Open Hand Monument was amazing.
2941,981,1599,1,Incredible natural beauty with scenic landscapes! Visiting Rose Garden was amazing.
2942,981,568,1,Incredible natural beauty with scenic landscapes! Visiting Rose Garden was amazing.
2943,981,784,4,Incredible natural beauty with scenic landscapes! Visiting Rose Garden was amazing.
2944,982,682,1,Incredible natural beauty with scenic landscapes! Visiting Pinjore Gardens (Yadavindra) was amazing.
2945,982,529,3,Incredible natural beauty with scenic landscapes! Visiting Pinjore Gardens (Yadavindra) was amazing.
2946,982,365,4,Incredible natural beauty with scenic landscapes! Visiting Pinjore Gardens (Yadavindra) was amazing.
2947,983,143,4,Pleasant weather and stunning hill views! Visiting Morni Hills was amazing.
2948,983,1902,2,Pleasant weather and stunning hill views! Visiting Morni Hills was amazing.
2949,983,1250,4,Pleasant weather and stunning hill views! Visiting Morni Hills was amazing.
2950,984,366,4,A wonderful and memorable travel experience! Visiting Tikkar Taal was amazing.
2951,984,223,2,A wonderful and memorable travel experience! Visiting Tikkar Taal was amazing.
2952,984,1108,4,A wonderful and memorable travel experience! Visiting Tikkar Taal was amazing.
2953,985,448,5,A peaceful and spiritually uplifting destination. Visiting Kurukshetra Brahma Sarovar was amazing.
2954,985,1318,1,A peaceful and spiritually uplifting destination. Visiting Kurukshetra Brahma Sarovar was amazing.
2955,985,1870,4,A peaceful and spiritually uplifting destination. Visiting Kurukshetra Brahma Sarovar was amazing.
2956,986,1466,3,A peaceful and spiritually uplifting destination. Visiting Jyotisar Birthplace of Gita was amazing.
2957,986,212,1,A peaceful and spiritually uplifting destination. Visiting Jyotisar Birthplace of Gita was amazing.
2958,986,150,1,A peaceful and spiritually uplifting destination. Visiting Jyotisar Birthplace of Gita was amazing.
2959,987,1171,3,A historical wonder with rich heritage and architecture! Visiting Sheikh Chilli's Tomb was amazing.
2960,987,1592,4,A historical wonder with rich heritage and architecture! Visiting Sheikh Chilli's Tomb was amazing.
2961,987,39,4,A historical wonder with rich heritage and architecture! Visiting Sheikh Chilli's Tomb was amazing.
2962,988,305,1,An exciting wildlife experience close to nature! Visiting Sultanpur Bird Sanctuary was amazing.
2963,988,1911,1,An exciting wildlife experience close to nature! Visiting Sultanpur Bird Sanctuary was amazing.
2964,988,1362,4,An exciting wildlife experience close to nature! Visiting Sultanpur Bird Sanctuary was amazing.
2965,989,546,2,A wonderful and memorable travel experience! Visiting Heritage Transport Museum was amazing.
2966,989,1434,3,A wonderful and memorable travel experience! Visiting Heritage Transport Museum was amazing.
2967,989,1853,4,A wonderful and memorable travel experience! Visiting Heritage Transport Museum was amazing.
2968,990,1177,1,A wonderful and memorable travel experience! Visiting Kingdom of Dreams was amazing.
2969,990,1056,4,A wonderful and memorable travel experience! Visiting Kingdom of Dreams was amazing.
2970,990,980,4,A wonderful and memorable travel experience! Visiting Kingdom of Dreams was amazing.
2971,991,828,1,A wonderful and memorable travel experience! Visiting Cyber Hub was amazing.
2972,991,1107,2,A wonderful and memorable travel experience! Visiting Cyber Hub was amazing.
2973,991,7,4,A wonderful and memorable travel experience! Visiting Cyber Hub was amazing.
2974,992,1955,4,Incredible natural beauty with scenic landscapes! Visiting Leisure Valley Park was amazing.
2975,992,249,5,Incredible natural beauty with scenic landscapes! Visiting Leisure Valley Park was amazing.
2976,992,1097,3,Incredible natural beauty with scenic landscapes! Visiting Leisure Valley Park was amazing.
2977,993,683,3,A historical wonder with rich heritage and architecture! Visiting Surajkund Lake was amazing.
2978,993,821,1,A historical wonder with rich heritage and architecture! Visiting Surajkund Lake was amazing.
2979,993,1295,1,A historical wonder with rich heritage and architecture! Visiting Surajkund Lake was amazing.
2980,994,749,5,Incredible natural beauty with scenic landscapes! Visiting Badkhal Lake was amazing.
2981,994,1748,3,Incredible natural beauty with scenic landscapes! Visiting Badkhal Lake was amazing.
2982,994,165,4,Incredible natural beauty with scenic landscapes! Visiting Badkhal Lake was amazing.
2983,995,1558,3,Thrilling adventure activities and excitement! Visiting Damdama Lake was amazing.
2984,995,1327,2,Thrilling adventure activities and excitement! Visiting Damdama Lake was amazing.
2985,995,362,5,Thrilling adventure activities and excitement! Visiting Damdama Lake was amazing.
2986,996,81,4,Incredible natural beauty with scenic landscapes! Visiting Sohna Hot Springs was amazing.
2987,996,1354,2,Incredible natural beauty with scenic landscapes! Visiting Sohna Hot Springs was amazing.
2988,996,613,4,Incredible natural beauty with scenic landscapes! Visiting Sohna Hot Springs was amazing.
2989,997,1836,1,A historical wonder with rich heritage and architecture! Visiting Raja Nahar Singh Palace was amazing.
2990,997,1292,3,A historical wonder with rich heritage and architecture! Visiting Raja Nahar Singh Palace was amazing.
2991,997,997,1,A historical wonder with rich heritage and architecture! Visiting Raja Nahar Singh Palace was amazing.
2992,998,1813,4,A wonderful and memorable travel experience! Visiting Tilyar Lake was amazing.
2993,998,1506,2,A wonderful and memorable travel experience! Visiting Tilyar Lake was amazing.
2994,998,287,1,A wonderful and memorable travel experience! Visiting Tilyar Lake was amazing.
2995,999,396,1,A historical wonder with rich heritage and architecture! Visiting Star Monument was amazing.
2996,999,1475,5,A historical wonder with rich heritage and architecture! Visiting Star Monument was amazing.
2997,999,489,4,A historical wonder with rich heritage and architecture! Visiting Star Monument was amazing.
2998,1000,797,1,A historical wonder with rich heritage and architecture! Visiting Loharu Fort was amazing.
2999,1000,1624,5,A historical wonder with rich heritage and architecture! Visiting Loharu Fort was amazing.
3000,1000,1318,3,A historical wonder with rich heritage and architecture! Visiting Loharu Fort was amazing.
3001,1001,1024,5,A historical wonder with rich heritage and architecture! Visiting Gobindgarh Fort was amazing.
3002,1001,1977,4,A historical wonder with rich heritage and architecture! Visiting Gobindgarh Fort was amazing.
3003,1001,1980,1,A historical wonder with rich heritage and architecture! Visiting Gobindgarh Fort was amazing.
3004,1002,76,3,A peaceful and spiritually uplifting destination. Visiting Durgiana Temple was amazing.
3005,1002,115,3,A peaceful and spiritually uplifting destination. Visiting Durgiana Temple was amazing.
3006,1002,1614,1,A peaceful and spiritually uplifting destination. Visiting Durgiana Temple was amazing.
3007,1003,831,1,A wonderful and memorable travel experience! Visiting Partition Museum was amazing.
3008,1003,434,5,A wonderful and memorable travel experience! Visiting Partition Museum was amazing.
3009,1003,939,5,A wonderful and memorable travel experience! Visiting Partition Museum was amazing.
3010,1004,306,5,Incredible natural beauty with scenic landscapes! Visiting Ram Bagh Gardens was amazing.
3011,1004,478,1,Incredible natural beauty with scenic landscapes! Visiting Ram Bagh Gardens was amazing.
3012,1004,76,2,Incredible natural beauty with scenic landscapes! Visiting Ram Bagh Gardens was amazing.
3013,1005,1002,1,An exciting wildlife experience close to nature! Visiting Harike Wetland was amazing.
3014,1005,966,5,An exciting wildlife experience close to nature! Visiting Harike Wetland was amazing.
3015,1005,94,2,An exciting wildlife experience close to nature! Visiting Harike Wetland was amazing.
3016,1006,1437,2,A historical wonder with rich heritage and architecture! Visiting Qila Mubarak was amazing.
3017,1006,30,2,A historical wonder with rich heritage and architecture! Visiting Qila Mubarak was amazing.
3018,1006,1296,1,A historical wonder with rich heritage and architecture! Visiting Qila Mubarak was amazing.
3019,1007,1853,3,Incredible natural beauty with scenic landscapes! Visiting Rose Garden Bathinda was amazing.
3020,1007,1681,1,Incredible natural beauty with scenic landscapes! Visiting Rose Garden Bathinda was amazing.
3021,1007,935,5,Incredible natural beauty with scenic landscapes! Visiting Rose Garden Bathinda was amazing.
3022,1008,350,5,A wonderful and memorable travel experience! Visiting Chetak Park was amazing.
3023,1008,131,1,A wonderful and memorable travel experience! Visiting Chetak Park was amazing.
3024,1008,234,4,A wonderful and memorable travel experience! Visiting Chetak Park was amazing.
3025,1009,1219,5,A wonderful and memorable travel experience! Visiting Virasat-e-Khalsa was amazing.
3026,1009,452,1,A wonderful and memorable travel experience! Visiting Virasat-e-Khalsa was amazing.
3027,1009,1648,2,A wonderful and memorable travel experience! Visiting Virasat-e-Khalsa was amazing.
3028,1010,873,3,A peaceful and spiritually uplifting destination. Visiting Takht Sri Keshgarh Sahib was amazing.
3029,1010,1662,4,A peaceful and spiritually uplifting destination. Visiting Takht Sri Keshgarh Sahib was amazing.
3030,1010,665,1,A peaceful and spiritually uplifting destination. Visiting Takht Sri Keshgarh Sahib was amazing.
3031,1011,1999,5,A historical wonder with rich heritage and architecture! Visiting Anandpur Sahib Fort was amazing.
3032,1011,1118,2,A historical wonder with rich heritage and architecture! Visiting Anandpur Sahib Fort was amazing.
3033,1011,659,2,A historical wonder with rich heritage and architecture! Visiting Anandpur Sahib Fort was amazing.
3034,1012,1566,1,A peaceful and spiritually uplifting destination. Visiting Fatehgarh Sahib Gurudwara was amazing.
3035,1012,1215,2,A peaceful and spiritually uplifting destination. Visiting Fatehgarh Sahib Gurudwara was amazing.
3036,1012,688,1,A peaceful and spiritually uplifting destination. Visiting Fatehgarh Sahib Gurudwara was amazing.
3037,1013,248,3,A historical wonder with rich heritage and architecture! Visiting Aam Khas Bagh was amazing.
3038,1013,290,4,A historical wonder with rich heritage and architecture! Visiting Aam Khas Bagh was amazing.
3039,1013,345,3,A historical wonder with rich heritage and architecture! Visiting Aam Khas Bagh was amazing.
3040,1014,1134,2,A historical wonder with rich heritage and architecture! Visiting Sanghol Buddhist Stupa was amazing.
3041,1014,899,2,A historical wonder with rich heritage and architecture! Visiting Sanghol Buddhist Stupa was amazing.
3042,1014,1896,5,A historical wonder with rich heritage and architecture! Visiting Sanghol Buddhist Stupa was amazing.
3043,1015,84,2,Incredible natural beauty with scenic landscapes! Visiting Rock Garden Ludhiana was amazing.
3044,1015,205,5,Incredible natural beauty with scenic landscapes! Visiting Rock Garden Ludhiana was amazing.
3045,1015,771,2,Incredible natural beauty with scenic landscapes! Visiting Rock Garden Ludhiana was amazing.
3046,1016,33,4,A wonderful and memorable travel experience! Visiting Maharaja Ranjit Singh War Museum was amazing.
3047,1016,166,1,A wonderful and memorable travel experience! Visiting Maharaja Ranjit Singh War Museum was amazing.
3048,1016,15,2,A wonderful and memorable travel experience! Visiting Maharaja Ranjit Singh War Museum was amazing.
3049,1017,1897,1,Incredible natural beauty with scenic landscapes! Visiting Nehru Rose Garden was amazing.
3050,1017,1448,5,Incredible natural beauty with scenic landscapes! Visiting Nehru Rose Garden was amazing.
3051,1017,1817,3,Incredible natural beauty with scenic landscapes! Visiting Nehru Rose Garden was amazing.
3052,1018,853,4,An exciting wildlife experience close to nature! Visiting Tiger Safari Ludhiana was amazing.
3053,1018,1418,2,An exciting wildlife experience close to nature! Visiting Tiger Safari Ludhiana was amazing.
3054,1018,423,2,An exciting wildlife experience close to nature! Visiting Tiger Safari Ludhiana was amazing.
3055,1019,1311,3,A wonderful and memorable travel experience! Visiting Hardy’s World was amazing.
3056,1019,1072,4,A wonderful and memorable travel experience! Visiting Hardy’s World was amazing.
3057,1019,844,2,A wonderful and memorable travel experience! Visiting Hardy’s World was amazing.
3058,1020,1922,2,A wonderful and memorable travel experience! Visiting Pushpa Gujral Science City was amazing.
3059,1020,1251,1,A wonderful and memorable travel experience! Visiting Pushpa Gujral Science City was amazing.
3060,1020,1222,2,A wonderful and memorable travel experience! Visiting Pushpa Gujral Science City was amazing.
3061,1021,1469,4,A historical wonder with rich heritage and architecture! Visiting Jagatjit Palace was amazing.
3062,1021,1254,1,A historical wonder with rich heritage and architecture! Visiting Jagatjit Palace was amazing.
3063,1021,1285,3,A historical wonder with rich heritage and architecture! Visiting Jagatjit Palace was amazing.
3064,1022,713,4,A peaceful and spiritually uplifting destination. Visiting Moorish Mosque was amazing.
3065,1022,10,5,A peaceful and spiritually uplifting destination. Visiting Moorish Mosque was amazing.
3066,1022,483,2,A peaceful and spiritually uplifting destination. Visiting Moorish Mosque was amazing.
3067,1023,241,5,Incredible natural beauty with scenic landscapes! Visiting Shalimar Gardens Kapurthala was amazing.
3068,1023,196,5,Incredible natural beauty with scenic landscapes! Visiting Shalimar Gardens Kapurthala was amazing.
3069,1023,742,5,Incredible natural beauty with scenic landscapes! Visiting Shalimar Gardens Kapurthala was amazing.
3070,1024,1040,2,A wonderful and memorable travel experience! Visiting Wonderland Theme Park was amazing.
3071,1024,951,2,A wonderful and memorable travel experience! Visiting Wonderland Theme Park was amazing.
3072,1024,567,1,A wonderful and memorable travel experience! Visiting Wonderland Theme Park was amazing.
3073,1025,397,1,A peaceful and spiritually uplifting destination. Visiting Devi Talab Mandir was amazing.
3074,1025,1632,2,A peaceful and spiritually uplifting destination. Visiting Devi Talab Mandir was amazing.
3075,1025,1404,4,A peaceful and spiritually uplifting destination. Visiting Devi Talab Mandir was amazing.
3076,1026,1019,2,A wonderful and memorable travel experience! Visiting Jang-e-Azadi Memorial was amazing.
3077,1026,328,1,A wonderful and memorable travel experience! Visiting Jang-e-Azadi Memorial was amazing.
3078,1026,111,3,A wonderful and memorable travel experience! Visiting Jang-e-Azadi Memorial was amazing.
3079,1027,584,2,A wonderful and memorable travel experience! Visiting Rangla Punjab was amazing.
3080,1027,891,3,A wonderful and memorable travel experience! Visiting Rangla Punjab was amazing.
3081,1027,685,5,A wonderful and memorable travel experience! Visiting Rangla Punjab was amazing.
3082,1028,1649,4,A wonderful and memorable travel experience! Visiting Science City Kapurthala was amazing.
3083,1028,89,1,A wonderful and memorable travel experience! Visiting Science City Kapurthala was amazing.
3084,1028,1517,1,A wonderful and memorable travel experience! Visiting Science City Kapurthala was amazing.
3085,1029,1895,5,A historical wonder with rich heritage and architecture! Visiting Qila Mubarak Patiala was amazing.
3086,1029,361,2,A historical wonder with rich heritage and architecture! Visiting Qila Mubarak Patiala was amazing.
3087,1029,1609,1,A historical wonder with rich heritage and architecture! Visiting Qila Mubarak Patiala was amazing.
3088,1030,994,5,A historical wonder with rich heritage and architecture! Visiting Sheesh Mahal Patiala was amazing.
3089,1030,238,1,A historical wonder with rich heritage and architecture! Visiting Sheesh Mahal Patiala was amazing.
3090,1030,1834,2,A historical wonder with rich heritage and architecture! Visiting Sheesh Mahal Patiala was amazing.
3091,1031,1478,4,A historical wonder with rich heritage and architecture! Visiting Moti Bagh Palace was amazing.
3092,1031,1214,5,A historical wonder with rich heritage and architecture! Visiting Moti Bagh Palace was amazing.
3093,1031,668,4,A historical wonder with rich heritage and architecture! Visiting Moti Bagh Palace was amazing.
3094,1032,408,3,Incredible natural beauty with scenic landscapes! Visiting Baradari Gardens was amazing.
3095,1032,472,1,Incredible natural beauty with scenic landscapes! Visiting Baradari Gardens was amazing.
3096,1032,668,2,Incredible natural beauty with scenic landscapes! Visiting Baradari Gardens was amazing.
3097,1033,201,2,A peaceful and spiritually uplifting destination. Visiting Gurudwara Dukh Niwan Sahib was amazing.
3098,1033,1511,4,A peaceful and spiritually uplifting destination. Visiting Gurudwara Dukh Niwan Sahib was amazing.
3099,1033,1782,2,A peaceful and spiritually uplifting destination. Visiting Gurudwara Dukh Niwan Sahib was amazing.
3100,1034,770,2,A historical wonder with rich heritage and architecture! Visiting Bahadurgarh Fort was amazing.
3101,1034,151,4,A historical wonder with rich heritage and architecture! Visiting Bahadurgarh Fort was amazing.
3102,1034,1199,4,A historical wonder with rich heritage and architecture! Visiting Bahadurgarh Fort was amazing.
3103,1035,112,4,A historical wonder with rich heritage and architecture! Visiting Shahpur Kandi Fort was amazing.
3104,1035,297,2,A historical wonder with rich heritage and architecture! Visiting Shahpur Kandi Fort was amazing.
3105,1035,1901,5,A historical wonder with rich heritage and architecture! Visiting Shahpur Kandi Fort was amazing.
3106,1036,932,2,A peaceful and spiritually uplifting destination. Visiting Mukteshwar Mahadev was amazing.
3107,1036,794,3,A peaceful and spiritually uplifting destination. Visiting Mukteshwar Mahadev was amazing.
3108,1036,280,4,A peaceful and spiritually uplifting destination. Visiting Mukteshwar Mahadev was amazing.
3109,1037,1475,2,A wonderful and memorable travel experience! Visiting Ranjit Sagar Dam was amazing.
3110,1037,1295,3,A wonderful and memorable travel experience! Visiting Ranjit Sagar Dam was amazing.
3111,1037,1998,3,A wonderful and memorable travel experience! Visiting Ranjit Sagar Dam was amazing.
3112,1038,415,3,A peaceful and spiritually uplifting destination. Visiting Kathgarh Temple was amazing.
3113,1038,261,1,A peaceful and spiritually uplifting destination. Visiting Kathgarh Temple was amazing.
3114,1038,1418,5,A peaceful and spiritually uplifting destination. Visiting Kathgarh Temple was amazing.
3115,1039,123,3,A wonderful and memorable travel experience! Visiting Mussorie Lake was amazing.
3116,1039,280,1,A wonderful and memorable travel experience! Visiting Mussorie Lake was amazing.
3117,1039,1745,4,A wonderful and memorable travel experience! Visiting Mussorie Lake was amazing.
3118,1040,940,4,Incredible natural beauty with scenic landscapes! Visiting Kempty Falls was amazing.
3119,1040,351,3,Incredible natural beauty with scenic landscapes! Visiting Kempty Falls was amazing.
3120,1040,451,3,Incredible natural beauty with scenic landscapes! Visiting Kempty Falls was amazing.
3121,1041,1237,2,A historical wonder with rich heritage and architecture! Visiting George Everest's House was amazing.
3122,1041,1617,5,A historical wonder with rich heritage and architecture! Visiting George Everest's House was amazing.
3123,1041,1855,2,A historical wonder with rich heritage and architecture! Visiting George Everest's House was amazing.
3124,1042,1184,5,Incredible natural beauty with scenic landscapes! Visiting Lal Tibba was amazing.
3125,1042,1752,2,Incredible natural beauty with scenic landscapes! Visiting Lal Tibba was amazing.
3126,1042,178,4,Incredible natural beauty with scenic landscapes! Visiting Lal Tibba was amazing.
3127,1043,1756,5,A wonderful and memorable travel experience! Visiting Gun Hill was amazing.
3128,1043,1002,2,A wonderful and memorable travel experience! Visiting Gun Hill was amazing.
3129,1043,1212,4,A wonderful and memorable travel experience! Visiting Gun Hill was amazing.
3130,1044,1715,4,Incredible natural beauty with scenic landscapes! Visiting Cloud’s End was amazing.
3131,1044,572,1,Incredible natural beauty with scenic landscapes! Visiting Cloud’s End was amazing.
3132,1044,1496,4,Incredible natural beauty with scenic landscapes! Visiting Cloud’s End was amazing.
3133,1045,1508,2,A wonderful and memorable travel experience! Visiting Company Garden was amazing.
3134,1045,508,3,A wonderful and memorable travel experience! Visiting Company Garden was amazing.
3135,1045,890,5,A wonderful and memorable travel experience! Visiting Company Garden was amazing.
3136,1046,456,5,Incredible natural beauty with scenic landscapes! Visiting Camel's Back Road was amazing.
3137,1046,1938,2,Incredible natural beauty with scenic landscapes! Visiting Camel's Back Road was amazing.
3138,1046,1872,5,Incredible natural beauty with scenic landscapes! Visiting Camel's Back Road was amazing.
3139,1047,1840,1,Incredible natural beauty with scenic landscapes! Visiting Jhari Pani Falls was amazing.
3140,1047,856,1,Incredible natural beauty with scenic landscapes! Visiting Jhari Pani Falls was amazing.
3141,1047,83,4,Incredible natural beauty with scenic landscapes! Visiting Jhari Pani Falls was amazing.
3142,1048,1503,5,Incredible natural beauty with scenic landscapes! Visiting Mossy Falls was amazing.
3143,1048,69,4,Incredible natural beauty with scenic landscapes! Visiting Mossy Falls was amazing.
3144,1048,1088,4,Incredible natural beauty with scenic landscapes! Visiting Mossy Falls was amazing.
3145,1049,982,1,An exciting wildlife experience close to nature! Visiting Benog Wildlife Sanctuary was amazing.
3146,1049,927,4,An exciting wildlife experience close to nature! Visiting Benog Wildlife Sanctuary was amazing.
3147,1049,493,1,An exciting wildlife experience close to nature! Visiting Benog Wildlife Sanctuary was amazing.
3148,1050,1144,1,A peaceful and spiritually uplifting destination. Visiting Mindrolling Stupa was amazing.
3149,1050,1420,4,A peaceful and spiritually uplifting destination. Visiting Mindrolling Stupa was amazing.
3150,1050,1946,2,A peaceful and spiritually uplifting destination. Visiting Mindrolling Stupa was amazing.
3151,1051,272,3,Incredible natural beauty with scenic landscapes! Visiting Shikhar Fall was amazing.
3152,1051,606,2,Incredible natural beauty with scenic landscapes! Visiting Shikhar Fall was amazing.
3153,1051,1327,1,Incredible natural beauty with scenic landscapes! Visiting Shikhar Fall was amazing.
3154,1052,33,4,A wonderful and memorable travel experience! Visiting Lachhiwala was amazing.
3155,1052,1371,3,A wonderful and memorable travel experience! Visiting Lachhiwala was amazing.
3156,1052,332,4,A wonderful and memorable travel experience! Visiting Lachhiwala was amazing.
3157,1053,1758,5,Incredible natural beauty with scenic landscapes! Visiting Maldevta was amazing.
3158,1053,1531,5,Incredible natural beauty with scenic landscapes! Visiting Maldevta was amazing.
3159,1053,50,4,Incredible natural beauty with scenic landscapes! Visiting Maldevta was amazing.
3160,1054,950,2,A peaceful and spiritually uplifting destination. Visiting Santala Devi Temple was amazing.
3161,1054,1791,4,A peaceful and spiritually uplifting destination. Visiting Santala Devi Temple was amazing.
3162,1054,379,3,A peaceful and spiritually uplifting destination. Visiting Santala Devi Temple was amazing.
3163,1055,1284,4,A historical wonder with rich heritage and architecture! Visiting Khalanga War Memorial was amazing.
3164,1055,1442,1,A historical wonder with rich heritage and architecture! Visiting Khalanga War Memorial was amazing.
3165,1055,1763,1,A historical wonder with rich heritage and architecture! Visiting Khalanga War Memorial was amazing.
3166,1056,789,3,A peaceful and spiritually uplifting destination. Visiting Guru Ram Rai Darbar was amazing.
3167,1056,1088,1,A peaceful and spiritually uplifting destination. Visiting Guru Ram Rai Darbar was amazing.
3168,1056,608,4,A peaceful and spiritually uplifting destination. Visiting Guru Ram Rai Darbar was amazing.
3169,1057,1542,3,A peaceful and spiritually uplifting destination. Visiting Tibetan Buddhist Temple was amazing.
3170,1057,1430,5,A peaceful and spiritually uplifting destination. Visiting Tibetan Buddhist Temple was amazing.
3171,1057,1111,5,A peaceful and spiritually uplifting destination. Visiting Tibetan Buddhist Temple was amazing.
3172,1058,1628,2,Incredible natural beauty with scenic landscapes! Visiting Chew Valley was amazing.
3173,1058,1614,1,Incredible natural beauty with scenic landscapes! Visiting Chew Valley was amazing.
3174,1058,1271,3,Incredible natural beauty with scenic landscapes! Visiting Chew Valley was amazing.
3175,1059,1507,1,Incredible natural beauty with scenic landscapes! Visiting Kimadi Road Viewpoint was amazing.
3176,1059,1055,3,Incredible natural beauty with scenic landscapes! Visiting Kimadi Road Viewpoint was amazing.
3177,1059,1819,1,Incredible natural beauty with scenic landscapes! Visiting Kimadi Road Viewpoint was amazing.
3178,1060,228,4,Thrilling adventure activities and excitement! Visiting George Everest Peak was amazing.
3179,1060,749,4,Thrilling adventure activities and excitement! Visiting George Everest Peak was amazing.
3180,1060,1268,1,Thrilling adventure activities and excitement! Visiting George Everest Peak was amazing.
3181,1061,749,3,An exciting wildlife experience close to nature! Visiting Asan Barrage was amazing.
3182,1061,359,5,An exciting wildlife experience close to nature! Visiting Asan Barrage was amazing.
3183,1061,1444,1,An exciting wildlife experience close to nature! Visiting Asan Barrage was amazing.
3184,1062,1149,2,Thrilling adventure activities and excitement! Visiting Rishikesh Rafting Point was amazing.
3185,1062,284,3,Thrilling adventure activities and excitement! Visiting Rishikesh Rafting Point was amazing.
3186,1062,489,5,Thrilling adventure activities and excitement! Visiting Rishikesh Rafting Point was amazing.
3187,1063,233,4,A peaceful and spiritually uplifting destination. Visiting Triveni Ghat Aarti was amazing.
3188,1063,1511,5,A peaceful and spiritually uplifting destination. Visiting Triveni Ghat Aarti was amazing.
3189,1063,1785,2,A peaceful and spiritually uplifting destination. Visiting Triveni Ghat Aarti was amazing.
3190,1064,1543,2,Incredible natural beauty with scenic landscapes! Visiting Neer Garh Waterfall was amazing.
3191,1064,657,3,Incredible natural beauty with scenic landscapes! Visiting Neer Garh Waterfall was amazing.
3192,1064,1839,3,Incredible natural beauty with scenic landscapes! Visiting Neer Garh Waterfall was amazing.
3193,1065,1032,4,A wonderful and memorable travel experience! Visiting Beatles Ashram was amazing.
3194,1065,568,1,A wonderful and memorable travel experience! Visiting Beatles Ashram was amazing.
3195,1065,130,3,A wonderful and memorable travel experience! Visiting Beatles Ashram was amazing.
3196,1066,708,4,A peaceful and spiritually uplifting destination. Visiting Parmarth Niketan was amazing.
3197,1066,996,5,A peaceful and spiritually uplifting destination. Visiting Parmarth Niketan was amazing.
3198,1066,1079,1,A peaceful and spiritually uplifting destination. Visiting Parmarth Niketan was amazing.
3199,1067,963,5,A historical wonder with rich heritage and architecture! Visiting Ram Jhula was amazing.
3200,1067,1390,5,A historical wonder with rich heritage and architecture! Visiting Ram Jhula was amazing.
3201,1067,1843,3,A historical wonder with rich heritage and architecture! Visiting Ram Jhula was amazing.
3202,1068,926,5,Thrilling adventure activities and excitement! Visiting Jumpin Heights was amazing.
3203,1068,754,1,Thrilling adventure activities and excitement! Visiting Jumpin Heights was amazing.
3204,1068,386,4,Thrilling adventure activities and excitement! Visiting Jumpin Heights was amazing.
3205,1069,179,1,Thrilling adventure activities and excitement! Visiting Shivpuri Camping was amazing.
3206,1069,801,2,Thrilling adventure activities and excitement! Visiting Shivpuri Camping was amazing.
3207,1069,591,1,Thrilling adventure activities and excitement! Visiting Shivpuri Camping was amazing.
3208,1070,224,2,A peaceful and spiritually uplifting destination. Visiting Vashishta Gufa was amazing.
3209,1070,566,1,A peaceful and spiritually uplifting destination. Visiting Vashishta Gufa was amazing.
3210,1070,1428,2,A peaceful and spiritually uplifting destination. Visiting Vashishta Gufa was amazing.
3211,1071,1017,2,A peaceful and spiritually uplifting destination. Visiting Kunjapuri Temple was amazing.
3212,1071,1792,2,A peaceful and spiritually uplifting destination. Visiting Kunjapuri Temple was amazing.
3213,1071,1067,1,A peaceful and spiritually uplifting destination. Visiting Kunjapuri Temple was amazing.
3214,1072,601,4,Thrilling adventure activities and excitement! Visiting Kaudiyala was amazing.
3215,1072,1986,5,Thrilling adventure activities and excitement! Visiting Kaudiyala was amazing.
3216,1072,1909,2,Thrilling adventure activities and excitement! Visiting Kaudiyala was amazing.
3217,1073,971,3,An exciting wildlife experience close to nature! Visiting Chilla Range Wildlife was amazing.
3218,1073,861,4,An exciting wildlife experience close to nature! Visiting Chilla Range Wildlife was amazing.
3219,1073,1511,1,An exciting wildlife experience close to nature! Visiting Chilla Range Wildlife was amazing.
3220,1074,598,2,A wonderful and memorable travel experience! Visiting Crystal World was amazing.
3221,1074,129,1,A wonderful and memorable travel experience! Visiting Crystal World was amazing.
3222,1074,1786,2,A wonderful and memorable travel experience! Visiting Crystal World was amazing.
3223,1075,1710,5,A peaceful and spiritually uplifting destination. Visiting Bharat Mata Mandir was amazing.
3224,1075,1321,3,A peaceful and spiritually uplifting destination. Visiting Bharat Mata Mandir was amazing.
3225,1075,844,5,A peaceful and spiritually uplifting destination. Visiting Bharat Mata Mandir was amazing.
3226,1076,703,3,A peaceful and spiritually uplifting destination. Visiting Shanti Kunj was amazing.
3227,1076,996,5,A peaceful and spiritually uplifting destination. Visiting Shanti Kunj was amazing.
3228,1076,1364,5,A peaceful and spiritually uplifting destination. Visiting Shanti Kunj was amazing.
3229,1077,1725,5,A peaceful and spiritually uplifting destination. Visiting Pawan Dham was amazing.
3230,1077,912,4,A peaceful and spiritually uplifting destination. Visiting Pawan Dham was amazing.
3231,1077,623,5,A peaceful and spiritually uplifting destination. Visiting Pawan Dham was amazing.
3232,1078,271,3,A peaceful and spiritually uplifting destination. Visiting Bhimgoda Kund was amazing.
3233,1078,352,3,A peaceful and spiritually uplifting destination. Visiting Bhimgoda Kund was amazing.
3234,1078,465,4,A peaceful and spiritually uplifting destination. Visiting Bhimgoda Kund was amazing.
3235,1079,762,3,A peaceful and spiritually uplifting destination. Visiting Sapt Rishi Ashram was amazing.
3236,1079,1577,1,A peaceful and spiritually uplifting destination. Visiting Sapt Rishi Ashram was amazing.
3237,1079,304,3,A peaceful and spiritually uplifting destination. Visiting Sapt Rishi Ashram was amazing.
3238,1080,583,4,A peaceful and spiritually uplifting destination. Visiting Sati Kund was amazing.
3239,1080,1959,2,A peaceful and spiritually uplifting destination. Visiting Sati Kund was amazing.
3240,1080,1267,2,A peaceful and spiritually uplifting destination. Visiting Sati Kund was amazing.
3241,1081,1458,5,Incredible natural beauty with scenic landscapes! Visiting Nanda Devi Peak was amazing.
3242,1081,585,2,Incredible natural beauty with scenic landscapes! Visiting Nanda Devi Peak was amazing.
3243,1081,1994,2,Incredible natural beauty with scenic landscapes! Visiting Nanda Devi Peak was amazing.
3244,1082,1719,2,A peaceful and spiritually uplifting destination. Visiting Nanda Devi Temple was amazing.
3245,1082,331,2,A peaceful and spiritually uplifting destination. Visiting Nanda Devi Temple was amazing.
3246,1082,240,1,A peaceful and spiritually uplifting destination. Visiting Nanda Devi Temple was amazing.
3247,1083,649,5,A historical wonder with rich heritage and architecture! Visiting Lakhudiyar Caves was amazing.
3248,1083,260,4,A historical wonder with rich heritage and architecture! Visiting Lakhudiyar Caves was amazing.
3249,1083,534,3,A historical wonder with rich heritage and architecture! Visiting Lakhudiyar Caves was amazing.
3250,1084,378,2,Incredible natural beauty with scenic landscapes! Visiting Bright End Corner was amazing.
3251,1084,1152,1,Incredible natural beauty with scenic landscapes! Visiting Bright End Corner was amazing.
3252,1084,1364,3,Incredible natural beauty with scenic landscapes! Visiting Bright End Corner was amazing.
3253,1085,705,2,Incredible natural beauty with scenic landscapes! Visiting Martola was amazing.
3254,1085,764,4,Incredible natural beauty with scenic landscapes! Visiting Martola was amazing.
3255,1085,1106,2,Incredible natural beauty with scenic landscapes! Visiting Martola was amazing.
3256,1086,1093,3,Incredible natural beauty with scenic landscapes! Visiting Kalimat was amazing.
3257,1086,249,1,Incredible natural beauty with scenic landscapes! Visiting Kalimat was amazing.
3258,1086,829,4,Incredible natural beauty with scenic landscapes! Visiting Kalimat was amazing.
3259,1087,1574,2,Incredible natural beauty with scenic landscapes! Visiting Simtola was amazing.
3260,1087,1942,4,Incredible natural beauty with scenic landscapes! Visiting Simtola was amazing.
3261,1087,1901,3,Incredible natural beauty with scenic landscapes! Visiting Simtola was amazing.
3262,1088,320,1,A wonderful and memorable travel experience! Visiting Govind Vallabh Pant Museum was amazing.
3263,1088,1987,5,A wonderful and memorable travel experience! Visiting Govind Vallabh Pant Museum was amazing.
3264,1088,1999,5,A wonderful and memorable travel experience! Visiting Govind Vallabh Pant Museum was amazing.
3265,1089,679,3,A peaceful and spiritually uplifting destination. Visiting Chitai Golu Devta Temple was amazing.
3266,1089,971,3,A peaceful and spiritually uplifting destination. Visiting Chitai Golu Devta Temple was amazing.
3267,1089,1986,5,A peaceful and spiritually uplifting destination. Visiting Chitai Golu Devta Temple was amazing.
3268,1090,1366,2,A peaceful and spiritually uplifting destination. Visiting Patal Bhuvaneshwar Cave was amazing.
3269,1090,1638,5,A peaceful and spiritually uplifting destination. Visiting Patal Bhuvaneshwar Cave was amazing.
3270,1090,1493,4,A peaceful and spiritually uplifting destination. Visiting Patal Bhuvaneshwar Cave was amazing.
3271,1091,694,1,Incredible natural beauty with scenic landscapes! Visiting Berinag Tea Gardens was amazing.
3272,1091,1499,4,Incredible natural beauty with scenic landscapes! Visiting Berinag Tea Gardens was amazing.
3273,1091,1844,1,Incredible natural beauty with scenic landscapes! Visiting Berinag Tea Gardens was amazing.
3274,1092,286,5,Thrilling adventure activities and excitement! Visiting Dharchula was amazing.
3275,1092,240,3,Thrilling adventure activities and excitement! Visiting Dharchula was amazing.
3276,1092,51,4,Thrilling adventure activities and excitement! Visiting Dharchula was amazing.
3277,1093,1265,2,An exciting wildlife experience close to nature! Visiting Askot Musk Deer Sanctuary was amazing.
3278,1093,914,3,An exciting wildlife experience close to nature! Visiting Askot Musk Deer Sanctuary was amazing.
3279,1093,190,3,An exciting wildlife experience close to nature! Visiting Askot Musk Deer Sanctuary was amazing.
3280,1094,113,5,A wonderful and memorable travel experience! Visiting Jauljibi was amazing.
3281,1094,1314,2,A wonderful and memorable travel experience! Visiting Jauljibi was amazing.
3282,1094,1195,5,A wonderful and memorable travel experience! Visiting Jauljibi was amazing.
3283,1095,455,3,Thrilling adventure activities and excitement! Visiting Milam Glacier was amazing.
3284,1095,401,1,Thrilling adventure activities and excitement! Visiting Milam Glacier was amazing.
3285,1095,172,5,Thrilling adventure activities and excitement! Visiting Milam Glacier was amazing.
3286,1096,1740,4,Thrilling adventure activities and excitement! Visiting Ralam Glacier was amazing.
3287,1096,1387,1,Thrilling adventure activities and excitement! Visiting Ralam Glacier was amazing.
3288,1096,1999,5,Thrilling adventure activities and excitement! Visiting Ralam Glacier was amazing.
3289,1097,808,2,Incredible natural beauty with scenic landscapes! Visiting Madkot Hot Springs was amazing.
3290,1097,1005,3,Incredible natural beauty with scenic landscapes! Visiting Madkot Hot Springs was amazing.
3291,1097,1236,5,Incredible natural beauty with scenic landscapes! Visiting Madkot Hot Springs was amazing.
3292,1098,1048,1,Incredible natural beauty with scenic landscapes! Visiting Betulidhar was amazing.
3293,1098,1861,3,Incredible natural beauty with scenic landscapes! Visiting Betulidhar was amazing.
3294,1098,815,2,Incredible natural beauty with scenic landscapes! Visiting Betulidhar was amazing.
3295,1099,1467,4,Incredible natural beauty with scenic landscapes! Visiting Maheshwari Kund was amazing.
3296,1099,758,4,Incredible natural beauty with scenic landscapes! Visiting Maheshwari Kund was amazing.
3297,1099,764,1,Incredible natural beauty with scenic landscapes! Visiting Maheshwari Kund was amazing.
3298,1100,583,3,Incredible natural beauty with scenic landscapes! Visiting Thamri Kund was amazing.
3299,1100,720,3,Incredible natural beauty with scenic landscapes! Visiting Thamri Kund was amazing.
3300,1100,913,5,Incredible natural beauty with scenic landscapes! Visiting Thamri Kund was amazing.
3301,1101,180,2,A historical wonder with rich heritage and architecture! Visiting Bhangarh Haunted Fort was amazing.
3302,1101,1491,4,A historical wonder with rich heritage and architecture! Visiting Bhangarh Haunted Fort was amazing.
3303,1101,1519,4,A historical wonder with rich heritage and architecture! Visiting Bhangarh Haunted Fort was amazing.
3304,1102,1646,4,A historical wonder with rich heritage and architecture! Visiting Sariska Palace was amazing.
3305,1102,592,2,A historical wonder with rich heritage and architecture! Visiting Sariska Palace was amazing.
3306,1102,1651,4,A historical wonder with rich heritage and architecture! Visiting Sariska Palace was amazing.
3307,1103,1493,4,A peaceful and spiritually uplifting destination. Visiting Pandupol Hanuman Temple was amazing.
3308,1103,286,5,A peaceful and spiritually uplifting destination. Visiting Pandupol Hanuman Temple was amazing.
3309,1103,1225,1,A peaceful and spiritually uplifting destination. Visiting Pandupol Hanuman Temple was amazing.
3310,1104,295,2,A wonderful and memorable travel experience! Visiting Siliserh Lake Palace was amazing.
3311,1104,622,4,A wonderful and memorable travel experience! Visiting Siliserh Lake Palace was amazing.
3312,1104,1777,5,A wonderful and memorable travel experience! Visiting Siliserh Lake Palace was amazing.
3313,1105,687,1,A historical wonder with rich heritage and architecture! Visiting Moosi Maharani Ki Chhatri was amazing.
3314,1105,1912,5,A historical wonder with rich heritage and architecture! Visiting Moosi Maharani Ki Chhatri was amazing.
3315,1105,1549,4,A historical wonder with rich heritage and architecture! Visiting Moosi Maharani Ki Chhatri was amazing.
3316,1106,182,1,A historical wonder with rich heritage and architecture! Visiting Bala Quila Fort was amazing.
3317,1106,839,3,A historical wonder with rich heritage and architecture! Visiting Bala Quila Fort was amazing.
3318,1106,849,2,A historical wonder with rich heritage and architecture! Visiting Bala Quila Fort was amazing.
3319,1107,1139,4,A peaceful and spiritually uplifting destination. Visiting Neelkanth Mahadev Temple was amazing.
3320,1107,1455,5,A peaceful and spiritually uplifting destination. Visiting Neelkanth Mahadev Temple was amazing.
3321,1107,1547,2,A peaceful and spiritually uplifting destination. Visiting Neelkanth Mahadev Temple was amazing.
3322,1108,409,2,Incredible natural beauty with scenic landscapes! Visiting Garwaji Waterfall was amazing.
3323,1108,1705,4,Incredible natural beauty with scenic landscapes! Visiting Garwaji Waterfall was amazing.
3324,1108,593,5,Incredible natural beauty with scenic landscapes! Visiting Garwaji Waterfall was amazing.
3325,1109,1005,1,A historical wonder with rich heritage and architecture! Visiting Vinay Vilas Mahal was amazing.
3326,1109,1686,3,A historical wonder with rich heritage and architecture! Visiting Vinay Vilas Mahal was amazing.
3327,1109,1710,5,A historical wonder with rich heritage and architecture! Visiting Vinay Vilas Mahal was amazing.
3328,1110,623,4,A historical wonder with rich heritage and architecture! Visiting Fateh Jung Gumbad was amazing.
3329,1110,1146,4,A historical wonder with rich heritage and architecture! Visiting Fateh Jung Gumbad was amazing.
3330,1110,460,1,A historical wonder with rich heritage and architecture! Visiting Fateh Jung Gumbad was amazing.
3331,1111,1621,1,A wonderful and memorable travel experience! Visiting Bikaner Camel Research Centre was amazing.
3332,1111,316,3,A wonderful and memorable travel experience! Visiting Bikaner Camel Research Centre was amazing.
3333,1111,615,4,A wonderful and memorable travel experience! Visiting Bikaner Camel Research Centre was amazing.
3334,1112,255,3,A historical wonder with rich heritage and architecture! Visiting Lallgarh Palace was amazing.
3335,1112,855,2,A historical wonder with rich heritage and architecture! Visiting Lallgarh Palace was amazing.
3336,1112,1008,2,A historical wonder with rich heritage and architecture! Visiting Lallgarh Palace was amazing.
3337,1113,59,1,Incredible natural beauty with scenic landscapes! Visiting Gajner Lake & Palace was amazing.
3338,1113,1567,3,Incredible natural beauty with scenic landscapes! Visiting Gajner Lake & Palace was amazing.
3339,1113,1010,1,Incredible natural beauty with scenic landscapes! Visiting Gajner Lake & Palace was amazing.
3340,1114,1227,3,A historical wonder with rich heritage and architecture! Visiting Rampuria Havelis was amazing.
3341,1114,1191,4,A historical wonder with rich heritage and architecture! Visiting Rampuria Havelis was amazing.
3342,1114,1159,4,A historical wonder with rich heritage and architecture! Visiting Rampuria Havelis was amazing.
3343,1115,1779,3,A peaceful and spiritually uplifting destination. Visiting Bhandasar Jain Temple was amazing.
3344,1115,1287,4,A peaceful and spiritually uplifting destination. Visiting Bhandasar Jain Temple was amazing.
3345,1115,1996,1,A peaceful and spiritually uplifting destination. Visiting Bhandasar Jain Temple was amazing.
3346,1116,765,5,A peaceful and spiritually uplifting destination. Visiting Seth Bhandasar Jain Temple was amazing.
3347,1116,1502,5,A peaceful and spiritually uplifting destination. Visiting Seth Bhandasar Jain Temple was amazing.
3348,1116,36,3,A peaceful and spiritually uplifting destination. Visiting Seth Bhandasar Jain Temple was amazing.
3349,1117,334,5,A historical wonder with rich heritage and architecture! Visiting Devi Kund Sagar was amazing.
3350,1117,120,2,A historical wonder with rich heritage and architecture! Visiting Devi Kund Sagar was amazing.
3351,1117,655,4,A historical wonder with rich heritage and architecture! Visiting Devi Kund Sagar was amazing.
3352,1118,1799,2,A peaceful and spiritually uplifting destination. Visiting Kodamdeswar Temple was amazing.
3353,1118,732,2,A peaceful and spiritually uplifting destination. Visiting Kodamdeswar Temple was amazing.
3354,1118,109,3,A peaceful and spiritually uplifting destination. Visiting Kodamdeswar Temple was amazing.
3355,1119,740,4,A wonderful and memorable travel experience! Visiting Sadul Singh Museum was amazing.
3356,1119,1304,3,A wonderful and memorable travel experience! Visiting Sadul Singh Museum was amazing.
3357,1119,100,3,A wonderful and memorable travel experience! Visiting Sadul Singh Museum was amazing.
3358,1120,598,5,A wonderful and memorable travel experience! Visiting Bikaner Old City Food Street was amazing.
3359,1120,1309,1,A wonderful and memorable travel experience! Visiting Bikaner Old City Food Street was amazing.
3360,1120,1053,2,A wonderful and memorable travel experience! Visiting Bikaner Old City Food Street was amazing.
3361,1121,1570,2,A wonderful and memorable travel experience! Visiting Johari Bazaar was amazing.
3362,1121,1567,1,A wonderful and memorable travel experience! Visiting Johari Bazaar was amazing.
3363,1121,1227,2,A wonderful and memorable travel experience! Visiting Johari Bazaar was amazing.
3364,1122,1114,3,A wonderful and memorable travel experience! Visiting Bapu Bazaar was amazing.
3365,1122,1787,3,A wonderful and memorable travel experience! Visiting Bapu Bazaar was amazing.
3366,1122,1694,3,A wonderful and memorable travel experience! Visiting Bapu Bazaar was amazing.
3367,1123,556,3,A historical wonder with rich heritage and architecture! Visiting Panna Meena Ka Kund was amazing.
3368,1123,197,5,A historical wonder with rich heritage and architecture! Visiting Panna Meena Ka Kund was amazing.
3369,1123,1188,3,A historical wonder with rich heritage and architecture! Visiting Panna Meena Ka Kund was amazing.
3370,1124,1687,2,Incredible natural beauty with scenic landscapes! Visiting Sisodia Rani Garden was amazing.
3371,1124,27,2,Incredible natural beauty with scenic landscapes! Visiting Sisodia Rani Garden was amazing.
3372,1124,1062,3,Incredible natural beauty with scenic landscapes! Visiting Sisodia Rani Garden was amazing.
3373,1125,764,4,Incredible natural beauty with scenic landscapes! Visiting Vidyadhar Garden was amazing.
3374,1125,844,3,Incredible natural beauty with scenic landscapes! Visiting Vidyadhar Garden was amazing.
3375,1125,1887,2,Incredible natural beauty with scenic landscapes! Visiting Vidyadhar Garden was amazing.
3376,1126,210,2,A wonderful and memorable travel experience! Visiting Central Park Jaipur was amazing.
3377,1126,317,5,A wonderful and memorable travel experience! Visiting Central Park Jaipur was amazing.
3378,1126,453,2,A wonderful and memorable travel experience! Visiting Central Park Jaipur was amazing.
3379,1127,1629,5,A wonderful and memorable travel experience! Visiting Amrapali Museum was amazing.
3380,1127,1257,5,A wonderful and memorable travel experience! Visiting Amrapali Museum was amazing.
3381,1127,1733,5,A wonderful and memorable travel experience! Visiting Amrapali Museum was amazing.
3382,1128,1460,5,A wonderful and memorable travel experience! Visiting Anokhi Museum of Hand Printing was amazing.
3383,1128,1439,1,A wonderful and memorable travel experience! Visiting Anokhi Museum of Hand Printing was amazing.
3384,1128,855,4,A wonderful and memorable travel experience! Visiting Anokhi Museum of Hand Printing was amazing.
3385,1129,1877,1,A wonderful and memorable travel experience! Visiting World Trade Park Mall was amazing.
3386,1129,239,2,A wonderful and memorable travel experience! Visiting World Trade Park Mall was amazing.
3387,1129,1892,1,A wonderful and memorable travel experience! Visiting World Trade Park Mall was amazing.
3388,1130,983,3,A wonderful and memorable travel experience! Visiting Masala Chowk was amazing.
3389,1130,639,3,A wonderful and memorable travel experience! Visiting Masala Chowk was amazing.
3390,1130,285,4,A wonderful and memorable travel experience! Visiting Masala Chowk was amazing.
3391,1131,1823,5,An exciting wildlife experience close to nature! Visiting Amer Elephant Village was amazing.
3392,1131,1072,3,An exciting wildlife experience close to nature! Visiting Amer Elephant Village was amazing.
3393,1131,353,3,An exciting wildlife experience close to nature! Visiting Amer Elephant Village was amazing.
3394,1132,59,1,A wonderful and memorable travel experience! Visiting Patrika Gate was amazing.
3395,1132,456,2,A wonderful and memorable travel experience! Visiting Patrika Gate was amazing.
3396,1132,1755,2,A wonderful and memorable travel experience! Visiting Patrika Gate was amazing.
3397,1133,1410,2,Incredible natural beauty with scenic landscapes! Visiting Sambharsalt Lake was amazing.
3398,1133,630,2,Incredible natural beauty with scenic landscapes! Visiting Sambharsalt Lake was amazing.
3399,1133,430,2,Incredible natural beauty with scenic landscapes! Visiting Sambharsalt Lake was amazing.
3400,1134,161,4,A peaceful and spiritually uplifting destination. Visiting Shakambhari Devi Temple was amazing.
3401,1134,1415,1,A peaceful and spiritually uplifting destination. Visiting Shakambhari Devi Temple was amazing.
3402,1134,160,1,A peaceful and spiritually uplifting destination. Visiting Shakambhari Devi Temple was amazing.
3403,1135,1587,4,A peaceful and spiritually uplifting destination. Visiting Khatushyamji Temple was amazing.
3404,1135,1552,4,A peaceful and spiritually uplifting destination. Visiting Khatushyamji Temple was amazing.
3405,1135,88,2,A peaceful and spiritually uplifting destination. Visiting Khatushyamji Temple was amazing.
3406,1136,221,1,A peaceful and spiritually uplifting destination. Visiting Salasar Balaji Temple was amazing.
3407,1136,1625,5,A peaceful and spiritually uplifting destination. Visiting Salasar Balaji Temple was amazing.
3408,1136,1215,1,A peaceful and spiritually uplifting destination. Visiting Salasar Balaji Temple was amazing.
3409,1137,961,1,An exciting wildlife experience close to nature! Visiting Tal Chhapar Sanctuary was amazing.
3410,1137,1861,3,An exciting wildlife experience close to nature! Visiting Tal Chhapar Sanctuary was amazing.
3411,1137,89,1,An exciting wildlife experience close to nature! Visiting Tal Chhapar Sanctuary was amazing.
3412,1138,618,1,A peaceful and spiritually uplifting destination. Visiting Jhunjhunu Rani Sati Dadi was amazing.
3413,1138,1546,1,A peaceful and spiritually uplifting destination. Visiting Jhunjhunu Rani Sati Dadi was amazing.
3414,1138,1603,1,A peaceful and spiritually uplifting destination. Visiting Jhunjhunu Rani Sati Dadi was amazing.
3415,1139,1885,5,A historical wonder with rich heritage and architecture! Visiting Mandawa Havelis was amazing.
3416,1139,421,5,A historical wonder with rich heritage and architecture! Visiting Mandawa Havelis was amazing.
3417,1139,1846,2,A historical wonder with rich heritage and architecture! Visiting Mandawa Havelis was amazing.
3418,1140,379,3,A historical wonder with rich heritage and architecture! Visiting Nawalgarh Fort was amazing.
3419,1140,60,1,A historical wonder with rich heritage and architecture! Visiting Nawalgarh Fort was amazing.
3420,1140,299,3,A historical wonder with rich heritage and architecture! Visiting Nawalgarh Fort was amazing.
3421,1141,1944,5,A historical wonder with rich heritage and architecture! Visiting Dundlod Fort was amazing.
3422,1141,713,3,A historical wonder with rich heritage and architecture! Visiting Dundlod Fort was amazing.
3423,1141,329,5,A historical wonder with rich heritage and architecture! Visiting Dundlod Fort was amazing.
3424,1142,1600,5,A historical wonder with rich heritage and architecture! Visiting Alsisar Mahal was amazing.
3425,1142,496,5,A historical wonder with rich heritage and architecture! Visiting Alsisar Mahal was amazing.
3426,1142,1168,1,A historical wonder with rich heritage and architecture! Visiting Alsisar Mahal was amazing.
3427,1143,203,5,A historical wonder with rich heritage and architecture! Visiting Osian Desert Temples was amazing.
3428,1143,1564,1,A historical wonder with rich heritage and architecture! Visiting Osian Desert Temples was amazing.
3429,1143,1084,2,A historical wonder with rich heritage and architecture! Visiting Osian Desert Temples was amazing.
3430,1144,1466,2,A wonderful and memorable travel experience! Visiting Bishnoi Village Safari was amazing.
3431,1144,1975,3,A wonderful and memorable travel experience! Visiting Bishnoi Village Safari was amazing.
3432,1144,352,5,A wonderful and memorable travel experience! Visiting Bishnoi Village Safari was amazing.
3433,1145,9,1,A historical wonder with rich heritage and architecture! Visiting Toorji Ka Jhalra Stepwell was amazing.
3434,1145,1893,2,A historical wonder with rich heritage and architecture! Visiting Toorji Ka Jhalra Stepwell was amazing.
3435,1145,1886,5,A historical wonder with rich heritage and architecture! Visiting Toorji Ka Jhalra Stepwell was amazing.
3436,1146,1744,4,An exciting wildlife experience close to nature! Visiting Machia Biological Park was amazing.
3437,1146,751,5,An exciting wildlife experience close to nature! Visiting Machia Biological Park was amazing.
3438,1146,380,4,An exciting wildlife experience close to nature! Visiting Machia Biological Park was amazing.
3439,1147,1380,1,Incredible natural beauty with scenic landscapes! Visiting Rao Jodha Desert Rock Park was amazing.
3440,1147,371,3,Incredible natural beauty with scenic landscapes! Visiting Rao Jodha Desert Rock Park was amazing.
3441,1147,778,4,Incredible natural beauty with scenic landscapes! Visiting Rao Jodha Desert Rock Park was amazing.
3442,1148,439,5,Incredible natural beauty with scenic landscapes! Visiting Balsamand Lake was amazing.
3443,1148,467,4,Incredible natural beauty with scenic landscapes! Visiting Balsamand Lake was amazing.
3444,1148,232,3,Incredible natural beauty with scenic landscapes! Visiting Balsamand Lake was amazing.
3445,1149,254,4,A wonderful and memorable travel experience! Visiting Ghanta Ghar Market was amazing.
3446,1149,226,5,A wonderful and memorable travel experience! Visiting Ghanta Ghar Market was amazing.
3447,1149,279,4,A wonderful and memorable travel experience! Visiting Ghanta Ghar Market was amazing.
3448,1150,1562,3,Incredible natural beauty with scenic landscapes! Visiting Sardar Samand Lake was amazing.
3449,1150,1444,3,Incredible natural beauty with scenic landscapes! Visiting Sardar Samand Lake was amazing.
3450,1150,1142,1,Incredible natural beauty with scenic landscapes! Visiting Sardar Samand Lake was amazing.
3451,1151,169,3,A peaceful and spiritually uplifting destination. Visiting Ranakpur Jain Temple was amazing.
3452,1151,1012,1,A peaceful and spiritually uplifting destination. Visiting Ranakpur Jain Temple was amazing.
3453,1151,789,3,A peaceful and spiritually uplifting destination. Visiting Ranakpur Jain Temple was amazing.
3454,1152,936,5,An exciting wildlife experience close to nature! Visiting Jawai Dam Leopard Safari was amazing.
3455,1152,1508,3,An exciting wildlife experience close to nature! Visiting Jawai Dam Leopard Safari was amazing.
3456,1152,1408,4,An exciting wildlife experience close to nature! Visiting Jawai Dam Leopard Safari was amazing.
3457,1153,463,5,An exciting wildlife experience close to nature! Visiting Kumbhalgarh Wildlife Sanctuary was amazing.
3458,1153,835,3,An exciting wildlife experience close to nature! Visiting Kumbhalgarh Wildlife Sanctuary was amazing.
3459,1153,1752,4,An exciting wildlife experience close to nature! Visiting Kumbhalgarh Wildlife Sanctuary was amazing.
3460,1154,387,1,A historical wonder with rich heritage and architecture! Visiting Haldighati Museum was amazing.
3461,1154,1833,4,A historical wonder with rich heritage and architecture! Visiting Haldighati Museum was amazing.
3462,1154,1924,3,A historical wonder with rich heritage and architecture! Visiting Haldighati Museum was amazing.
3463,1155,368,1,A peaceful and spiritually uplifting destination. Visiting Shreenathji Temple was amazing.
3464,1155,1381,4,A peaceful and spiritually uplifting destination. Visiting Shreenathji Temple was amazing.
3465,1155,1377,1,A peaceful and spiritually uplifting destination. Visiting Shreenathji Temple was amazing.
3466,1156,812,4,A peaceful and spiritually uplifting destination. Visiting Statue of Belief (Viswas Swaroopam) was amazing.
3467,1156,1071,1,A peaceful and spiritually uplifting destination. Visiting Statue of Belief (Viswas Swaroopam) was amazing.
3468,1156,245,2,A peaceful and spiritually uplifting destination. Visiting Statue of Belief (Viswas Swaroopam) was amazing.
3469,1157,809,4,Incredible natural beauty with scenic landscapes! Visiting Rajsamand Lake was amazing.
3470,1157,1424,5,Incredible natural beauty with scenic landscapes! Visiting Rajsamand Lake was amazing.
3471,1157,209,2,Incredible natural beauty with scenic landscapes! Visiting Rajsamand Lake was amazing.
3472,1158,133,3,A historical wonder with rich heritage and architecture! Visiting Sajjangarh Monsoon Palace was amazing.
3473,1158,1998,2,A historical wonder with rich heritage and architecture! Visiting Sajjangarh Monsoon Palace was amazing.
3474,1158,694,2,A historical wonder with rich heritage and architecture! Visiting Sajjangarh Monsoon Palace was amazing.
3475,1159,1219,4,An exciting wildlife experience close to nature! Visiting Biological Park Sajjangarh was amazing.
3476,1159,252,2,An exciting wildlife experience close to nature! Visiting Biological Park Sajjangarh was amazing.
3477,1159,1717,4,An exciting wildlife experience close to nature! Visiting Biological Park Sajjangarh was amazing.
3478,1160,1486,4,A historical wonder with rich heritage and architecture! Visiting Jag Mandir Island was amazing.
3479,1160,571,5,A historical wonder with rich heritage and architecture! Visiting Jag Mandir Island was amazing.
3480,1160,1216,3,A historical wonder with rich heritage and architecture! Visiting Jag Mandir Island was amazing.
3481,1161,1549,4,Incredible natural beauty with scenic landscapes! Visiting Gulab Bagh and Zoo was amazing.
3482,1161,730,4,Incredible natural beauty with scenic landscapes! Visiting Gulab Bagh and Zoo was amazing.
3483,1161,1366,5,Incredible natural beauty with scenic landscapes! Visiting Gulab Bagh and Zoo was amazing.
3484,1162,1946,4,A wonderful and memorable travel experience! Visiting Bagore Ki Haveli was amazing.
3485,1162,993,5,A wonderful and memorable travel experience! Visiting Bagore Ki Haveli was amazing.
3486,1162,572,2,A wonderful and memorable travel experience! Visiting Bagore Ki Haveli was amazing.
3487,1163,1573,4,A wonderful and memorable travel experience! Visiting Bharatiya Lok Kala Mandal was amazing.
3488,1163,222,1,A wonderful and memorable travel experience! Visiting Bharatiya Lok Kala Mandal was amazing.
3489,1163,514,4,A wonderful and memorable travel experience! Visiting Bharatiya Lok Kala Mandal was amazing.
3490,1164,1019,2,A wonderful and memorable travel experience! Visiting Vintage Car Museum Udaipur was amazing.
3491,1164,1287,2,A wonderful and memorable travel experience! Visiting Vintage Car Museum Udaipur was amazing.
3492,1164,61,1,A wonderful and memorable travel experience! Visiting Vintage Car Museum Udaipur was amazing.
3493,1165,1512,1,A wonderful and memorable travel experience! Visiting Shilpgram Crafts Village was amazing.
3494,1165,1701,1,A wonderful and memorable travel experience! Visiting Shilpgram Crafts Village was amazing.
3495,1165,1021,1,A wonderful and memorable travel experience! Visiting Shilpgram Crafts Village was amazing.
3496,1166,1991,2,Incredible natural beauty with scenic landscapes! Visiting Jaisamand Lake was amazing.
3497,1166,784,5,Incredible natural beauty with scenic landscapes! Visiting Jaisamand Lake was amazing.
3498,1166,1392,3,Incredible natural beauty with scenic landscapes! Visiting Jaisamand Lake was amazing.
3499,1167,313,3,Incredible natural beauty with scenic landscapes! Visiting Badi Lake Viewpoint was amazing.
3500,1167,1274,5,Incredible natural beauty with scenic landscapes! Visiting Badi Lake Viewpoint was amazing.
3501,1167,198,1,Incredible natural beauty with scenic landscapes! Visiting Badi Lake Viewpoint was amazing.
3502,1168,1354,5,A historical wonder with rich heritage and architecture! Visiting Moti Magri was amazing.
3503,1168,1572,4,A historical wonder with rich heritage and architecture! Visiting Moti Magri was amazing.
3504,1168,1624,4,A historical wonder with rich heritage and architecture! Visiting Moti Magri was amazing.
3505,1169,414,3,Incredible natural beauty with scenic landscapes! Visiting Dhebar Lake was amazing.
3506,1169,1356,4,Incredible natural beauty with scenic landscapes! Visiting Dhebar Lake was amazing.
3507,1169,1005,5,Incredible natural beauty with scenic landscapes! Visiting Dhebar Lake was amazing.
3508,1170,536,5,A historical wonder with rich heritage and architecture! Visiting Sas Bahu Temple Nagda was amazing.
3509,1170,704,5,A historical wonder with rich heritage and architecture! Visiting Sas Bahu Temple Nagda was amazing.
3510,1170,1120,1,A historical wonder with rich heritage and architecture! Visiting Sas Bahu Temple Nagda was amazing.
3511,1171,1951,1,An exciting wildlife experience close to nature! Visiting Sita Mata Wildlife Sanctuary was amazing.
3512,1171,882,1,An exciting wildlife experience close to nature! Visiting Sita Mata Wildlife Sanctuary was amazing.
3513,1171,786,4,An exciting wildlife experience close to nature! Visiting Sita Mata Wildlife Sanctuary was amazing.
3514,1172,645,4,A historical wonder with rich heritage and architecture! Visiting Garh Palace Kota was amazing.
3515,1172,907,4,A historical wonder with rich heritage and architecture! Visiting Garh Palace Kota was amazing.
3516,1172,74,1,A historical wonder with rich heritage and architecture! Visiting Garh Palace Kota was amazing.
3517,1173,363,5,A wonderful and memorable travel experience! Visiting Seven Wonders Park was amazing.
3518,1173,1351,3,A wonderful and memorable travel experience! Visiting Seven Wonders Park was amazing.
3519,1173,1812,2,A wonderful and memorable travel experience! Visiting Seven Wonders Park was amazing.
3520,1174,1007,4,Incredible natural beauty with scenic landscapes! Visiting Kishore Sagar Lake was amazing.
3521,1174,276,3,Incredible natural beauty with scenic landscapes! Visiting Kishore Sagar Lake was amazing.
3522,1174,1466,4,Incredible natural beauty with scenic landscapes! Visiting Kishore Sagar Lake was amazing.
3523,1175,999,1,A historical wonder with rich heritage and architecture! Visiting Jagmandir Palace Kota was amazing.
3524,1175,1166,4,A historical wonder with rich heritage and architecture! Visiting Jagmandir Palace Kota was amazing.
3525,1175,1352,5,A historical wonder with rich heritage and architecture! Visiting Jagmandir Palace Kota was amazing.
3526,1176,1404,5,Thrilling adventure activities and excitement! Visiting Chambal River Safari was amazing.
3527,1176,1172,4,Thrilling adventure activities and excitement! Visiting Chambal River Safari was amazing.
3528,1176,975,5,Thrilling adventure activities and excitement! Visiting Chambal River Safari was amazing.
3529,1177,1750,2,A historical wonder with rich heritage and architecture! Visiting Abheda Mahal was amazing.
3530,1177,1038,1,A historical wonder with rich heritage and architecture! Visiting Abheda Mahal was amazing.
3531,1177,802,3,A historical wonder with rich heritage and architecture! Visiting Abheda Mahal was amazing.
3532,1178,1014,5,Incredible natural beauty with scenic landscapes! Visiting Gaipernath Waterfall was amazing.
3533,1178,1989,4,Incredible natural beauty with scenic landscapes! Visiting Gaipernath Waterfall was amazing.
3534,1178,1264,3,Incredible natural beauty with scenic landscapes! Visiting Gaipernath Waterfall was amazing.
3535,1179,1570,3,An exciting wildlife experience close to nature! Visiting Darrah National Park was amazing.
3536,1179,657,1,An exciting wildlife experience close to nature! Visiting Darrah National Park was amazing.
3537,1179,58,5,An exciting wildlife experience close to nature! Visiting Darrah National Park was amazing.
3538,1180,93,2,A historical wonder with rich heritage and architecture! Visiting Gagron Fort (Jal Durg) was amazing.
3539,1180,1715,3,A historical wonder with rich heritage and architecture! Visiting Gagron Fort (Jal Durg) was amazing.
3540,1180,715,5,A historical wonder with rich heritage and architecture! Visiting Gagron Fort (Jal Durg) was amazing.
3541,1181,56,3,A peaceful and spiritually uplifting destination. Visiting Jhalrapatan Sun Temple was amazing.
3542,1181,780,1,A peaceful and spiritually uplifting destination. Visiting Jhalrapatan Sun Temple was amazing.
3543,1181,877,3,A peaceful and spiritually uplifting destination. Visiting Jhalrapatan Sun Temple was amazing.
3544,1182,732,4,A peaceful and spiritually uplifting destination. Visiting Chandrabhaga Temples was amazing.
3545,1182,720,1,A peaceful and spiritually uplifting destination. Visiting Chandrabhaga Temples was amazing.
3546,1182,1355,2,A peaceful and spiritually uplifting destination. Visiting Chandrabhaga Temples was amazing.
3547,1183,508,2,A historical wonder with rich heritage and architecture! Visiting Bundi Palace was amazing.
3548,1183,1328,3,A historical wonder with rich heritage and architecture! Visiting Bundi Palace was amazing.
3549,1183,1214,1,A historical wonder with rich heritage and architecture! Visiting Bundi Palace was amazing.
3550,1184,1865,1,A historical wonder with rich heritage and architecture! Visiting Chaurasi Khambon Ki Chhatri was amazing.
3551,1184,1780,3,A historical wonder with rich heritage and architecture! Visiting Chaurasi Khambon Ki Chhatri was amazing.
3552,1184,235,3,A historical wonder with rich heritage and architecture! Visiting Chaurasi Khambon Ki Chhatri was amazing.
3553,1185,348,1,A historical wonder with rich heritage and architecture! Visiting Sukh Mahal was amazing.
3554,1185,1103,3,A historical wonder with rich heritage and architecture! Visiting Sukh Mahal was amazing.
3555,1185,77,4,A historical wonder with rich heritage and architecture! Visiting Sukh Mahal was amazing.
3556,1186,1348,4,Incredible natural beauty with scenic landscapes! Visiting Nawal Sagar Lake was amazing.
3557,1186,1164,5,Incredible natural beauty with scenic landscapes! Visiting Nawal Sagar Lake was amazing.
3558,1186,1847,4,Incredible natural beauty with scenic landscapes! Visiting Nawal Sagar Lake was amazing.
3559,1187,547,1,Incredible natural beauty with scenic landscapes! Visiting Menal Waterfalls was amazing.
3560,1187,1426,4,Incredible natural beauty with scenic landscapes! Visiting Menal Waterfalls was amazing.
3561,1187,1205,1,Incredible natural beauty with scenic landscapes! Visiting Menal Waterfalls was amazing.
3562,1188,649,4,A peaceful and spiritually uplifting destination. Visiting Bijolia Temples was amazing.
3563,1188,1169,4,A peaceful and spiritually uplifting destination. Visiting Bijolia Temples was amazing.
3564,1188,661,5,A peaceful and spiritually uplifting destination. Visiting Bijolia Temples was amazing.
3565,1189,201,4,A peaceful and spiritually uplifting destination. Visiting Harni Mahadev Temple was amazing.
3566,1189,205,2,A peaceful and spiritually uplifting destination. Visiting Harni Mahadev Temple was amazing.
3567,1189,689,4,A peaceful and spiritually uplifting destination. Visiting Harni Mahadev Temple was amazing.
3568,1190,1030,3,A wonderful and memorable travel experience! Visiting Shahpura Bagh was amazing.
3569,1190,342,5,A wonderful and memorable travel experience! Visiting Shahpura Bagh was amazing.
3570,1190,614,3,A wonderful and memorable travel experience! Visiting Shahpura Bagh was amazing.
3571,1191,1986,4,An exciting wildlife experience close to nature! Visiting Todgarh Raoli Sanctuary was amazing.
3572,1191,414,4,An exciting wildlife experience close to nature! Visiting Todgarh Raoli Sanctuary was amazing.
3573,1191,1302,1,An exciting wildlife experience close to nature! Visiting Todgarh Raoli Sanctuary was amazing.
3574,1192,1722,5,Incredible natural beauty with scenic landscapes! Visiting Ana Sagar Lake was amazing.
3575,1192,439,3,Incredible natural beauty with scenic landscapes! Visiting Ana Sagar Lake was amazing.
3576,1192,544,1,Incredible natural beauty with scenic landscapes! Visiting Ana Sagar Lake was amazing.
3577,1193,609,5,A peaceful and spiritually uplifting destination. Visiting Dargah Sharif Ajmer was amazing.
3578,1193,824,2,A peaceful and spiritually uplifting destination. Visiting Dargah Sharif Ajmer was amazing.
3579,1193,1280,1,A peaceful and spiritually uplifting destination. Visiting Dargah Sharif Ajmer was amazing.
3580,1194,1470,5,A historical wonder with rich heritage and architecture! Visiting Adhai Din Ka Jhonpra was amazing.
3581,1194,195,5,A historical wonder with rich heritage and architecture! Visiting Adhai Din Ka Jhonpra was amazing.
3582,1194,690,3,A historical wonder with rich heritage and architecture! Visiting Adhai Din Ka Jhonpra was amazing.
3583,1195,138,5,A historical wonder with rich heritage and architecture! Visiting Taragarh Fort Ajmer was amazing.
3584,1195,1641,5,A historical wonder with rich heritage and architecture! Visiting Taragarh Fort Ajmer was amazing.
3585,1195,974,4,A historical wonder with rich heritage and architecture! Visiting Taragarh Fort Ajmer was amazing.
3586,1196,430,3,A peaceful and spiritually uplifting destination. Visiting Nareli Jain Temple was amazing.
3587,1196,1630,1,A peaceful and spiritually uplifting destination. Visiting Nareli Jain Temple was amazing.
3588,1196,1335,3,A peaceful and spiritually uplifting destination. Visiting Nareli Jain Temple was amazing.
3589,1197,1034,3,A wonderful and memorable travel experience! Visiting Mayo College Museum was amazing.
3590,1197,887,5,A wonderful and memorable travel experience! Visiting Mayo College Museum was amazing.
3591,1197,642,2,A wonderful and memorable travel experience! Visiting Mayo College Museum was amazing.
3592,1198,849,4,A peaceful and spiritually uplifting destination. Visiting Soniji Ki Nasiyan (Red Temple) was amazing.
3593,1198,515,5,A peaceful and spiritually uplifting destination. Visiting Soniji Ki Nasiyan (Red Temple) was amazing.
3594,1198,1056,4,A peaceful and spiritually uplifting destination. Visiting Soniji Ki Nasiyan (Red Temple) was amazing.
3595,1199,1376,5,A historical wonder with rich heritage and architecture! Visiting Akbar's Palace & Museum was amazing.
3596,1199,370,1,A historical wonder with rich heritage and architecture! Visiting Akbar's Palace & Museum was amazing.
3597,1199,1286,5,A historical wonder with rich heritage and architecture! Visiting Akbar's Palace & Museum was amazing.
3598,1200,1767,2,Incredible natural beauty with scenic landscapes! Visiting Foy Sagar Lake was amazing.
3599,1200,1182,4,Incredible natural beauty with scenic landscapes! Visiting Foy Sagar Lake was amazing.
3600,1200,437,4,Incredible natural beauty with scenic landscapes! Visiting Foy Sagar Lake was amazing.
3601,1201,549,5,A wonderful and memorable travel experience! Visiting Worli Sea Link was amazing.
3602,1201,1657,5,A wonderful and memorable travel experience! Visiting Worli Sea Link was amazing.
3603,1201,1747,4,A wonderful and memorable travel experience! Visiting Worli Sea Link was amazing.
3604,1202,1915,5,A historical wonder with rich heritage and architecture! Visiting Bandra Fort (Castella de Aguada) was amazing.
3605,1202,1489,1,A historical wonder with rich heritage and architecture! Visiting Bandra Fort (Castella de Aguada) was amazing.
3606,1202,1070,2,A historical wonder with rich heritage and architecture! Visiting Bandra Fort (Castella de Aguada) was amazing.
3607,1203,747,4,A peaceful and spiritually uplifting destination. Visiting Mount Mary Basilica was amazing.
3608,1203,303,2,A peaceful and spiritually uplifting destination. Visiting Mount Mary Basilica was amazing.
3609,1203,309,3,A peaceful and spiritually uplifting destination. Visiting Mount Mary Basilica was amazing.
3610,1204,1729,4,A wonderful and memorable travel experience! Visiting Bandra-Worli Promenade was amazing.
3611,1204,841,3,A wonderful and memorable travel experience! Visiting Bandra-Worli Promenade was amazing.
3612,1204,1762,1,A wonderful and memorable travel experience! Visiting Bandra-Worli Promenade was amazing.
3613,1205,1299,2,A wonderful and memorable travel experience! Visiting Carter Road was amazing.
3614,1205,1733,4,A wonderful and memorable travel experience! Visiting Carter Road was amazing.
3615,1205,547,3,A wonderful and memorable travel experience! Visiting Carter Road was amazing.
3616,1206,1324,2,A wonderful and memorable travel experience! Visiting Linkin Road Shopping was amazing.
3617,1206,526,5,A wonderful and memorable travel experience! Visiting Linkin Road Shopping was amazing.
3618,1206,484,4,A wonderful and memorable travel experience! Visiting Linkin Road Shopping was amazing.
3619,1207,489,1,A wonderful and memorable travel experience! Visiting Crawford Market was amazing.
3620,1207,308,2,A wonderful and memorable travel experience! Visiting Crawford Market was amazing.
3621,1207,57,2,A wonderful and memorable travel experience! Visiting Crawford Market was amazing.
3622,1208,1633,3,A wonderful and memorable travel experience! Visiting Colaba Causeway was amazing.
3623,1208,951,4,A wonderful and memorable travel experience! Visiting Colaba Causeway was amazing.
3624,1208,1147,4,A wonderful and memorable travel experience! Visiting Colaba Causeway was amazing.
3625,1209,865,1,A wonderful and memorable travel experience! Visiting Chor Bazaar was amazing.
3626,1209,414,2,A wonderful and memorable travel experience! Visiting Chor Bazaar was amazing.
3627,1209,559,2,A wonderful and memorable travel experience! Visiting Chor Bazaar was amazing.
3628,1210,60,3,A wonderful and memorable travel experience! Visiting Fashion Street Mumbai was amazing.
3629,1210,1618,3,A wonderful and memorable travel experience! Visiting Fashion Street Mumbai was amazing.
3630,1210,1349,5,A wonderful and memorable travel experience! Visiting Fashion Street Mumbai was amazing.
3631,1211,361,1,A peaceful and spiritually uplifting destination. Visiting Siddhivinayak Temple was amazing.
3632,1211,1974,4,A peaceful and spiritually uplifting destination. Visiting Siddhivinayak Temple was amazing.
3633,1211,1603,1,A peaceful and spiritually uplifting destination. Visiting Siddhivinayak Temple was amazing.
3634,1212,114,1,A peaceful and spiritually uplifting destination. Visiting Mahalaxmi Temple was amazing.
3635,1212,643,5,A peaceful and spiritually uplifting destination. Visiting Mahalaxmi Temple was amazing.
3636,1212,611,1,A peaceful and spiritually uplifting destination. Visiting Mahalaxmi Temple was amazing.
3637,1213,1845,4,A peaceful and spiritually uplifting destination. Visiting Mumbadevi Temple was amazing.
3638,1213,1837,3,A peaceful and spiritually uplifting destination. Visiting Mumbadevi Temple was amazing.
3639,1213,1376,1,A peaceful and spiritually uplifting destination. Visiting Mumbadevi Temple was amazing.
3640,1214,813,2,A peaceful and spiritually uplifting destination. Visiting ISKCON Juhu was amazing.
3641,1214,484,1,A peaceful and spiritually uplifting destination. Visiting ISKCON Juhu was amazing.
3642,1214,1170,5,A peaceful and spiritually uplifting destination. Visiting ISKCON Juhu was amazing.
3643,1215,1911,1,A peaceful and spiritually uplifting destination. Visiting Babulnath Temple was amazing.
3644,1215,1069,5,A peaceful and spiritually uplifting destination. Visiting Babulnath Temple was amazing.
3645,1215,1945,5,A peaceful and spiritually uplifting destination. Visiting Babulnath Temple was amazing.
3646,1216,516,4,A peaceful and spiritually uplifting destination. Visiting Keneseth Eliyahoo Synagogue was amazing.
3647,1216,1812,1,A peaceful and spiritually uplifting destination. Visiting Keneseth Eliyahoo Synagogue was amazing.
3648,1216,488,5,A peaceful and spiritually uplifting destination. Visiting Keneseth Eliyahoo Synagogue was amazing.
3649,1217,251,3,A wonderful and memorable travel experience! Visiting Taraporevala Aquarium was amazing.
3650,1217,675,5,A wonderful and memorable travel experience! Visiting Taraporevala Aquarium was amazing.
3651,1217,1510,4,A wonderful and memorable travel experience! Visiting Taraporevala Aquarium was amazing.
3652,1218,1651,2,A wonderful and memorable travel experience! Visiting Nehru Science Centre was amazing.
3653,1218,1916,4,A wonderful and memorable travel experience! Visiting Nehru Science Centre was amazing.
3654,1218,447,2,A wonderful and memorable travel experience! Visiting Nehru Science Centre was amazing.
3655,1219,219,2,A wonderful and memorable travel experience! Visiting Nehru Planetarium Mumbai was amazing.
3656,1219,439,3,A wonderful and memorable travel experience! Visiting Nehru Planetarium Mumbai was amazing.
3657,1219,901,4,A wonderful and memorable travel experience! Visiting Nehru Planetarium Mumbai was amazing.
3658,1220,521,5,A historical wonder with rich heritage and architecture! Visiting Mani Bhavan Gandhi Sangrahalaya was amazing.
3659,1220,115,4,A historical wonder with rich heritage and architecture! Visiting Mani Bhavan Gandhi Sangrahalaya was amazing.
3660,1220,1093,3,A historical wonder with rich heritage and architecture! Visiting Mani Bhavan Gandhi Sangrahalaya was amazing.
3661,1221,1433,1,A wonderful and memorable travel experience! Visiting National Museum of Indian Cinema was amazing.
3662,1221,649,5,A wonderful and memorable travel experience! Visiting National Museum of Indian Cinema was amazing.
3663,1221,868,4,A wonderful and memorable travel experience! Visiting National Museum of Indian Cinema was amazing.
3664,1222,1399,2,A wonderful and memorable travel experience! Visiting Jehangir Art Gallery was amazing.
3665,1222,1973,3,A wonderful and memorable travel experience! Visiting Jehangir Art Gallery was amazing.
3666,1222,1802,2,A wonderful and memorable travel experience! Visiting Jehangir Art Gallery was amazing.
3667,1223,744,4,A wonderful and memorable travel experience! Visiting Prithvi Theatre was amazing.
3668,1223,1466,3,A wonderful and memorable travel experience! Visiting Prithvi Theatre was amazing.
3669,1223,1683,3,A wonderful and memorable travel experience! Visiting Prithvi Theatre was amazing.
3670,1224,44,5,Incredible natural beauty with scenic landscapes! Visiting Kamla Nehru Park was amazing.
3671,1224,72,1,Incredible natural beauty with scenic landscapes! Visiting Kamla Nehru Park was amazing.
3672,1224,1415,2,Incredible natural beauty with scenic landscapes! Visiting Kamla Nehru Park was amazing.
3673,1225,519,5,Incredible natural beauty with scenic landscapes! Visiting Hanging Gardens Mumbai was amazing.
3674,1225,788,3,Incredible natural beauty with scenic landscapes! Visiting Hanging Gardens Mumbai was amazing.
3675,1225,1309,3,Incredible natural beauty with scenic landscapes! Visiting Hanging Gardens Mumbai was amazing.
3676,1226,1850,1,Incredible natural beauty with scenic landscapes! Visiting Malabar Hill Sunset Point was amazing.
3677,1226,1096,2,Incredible natural beauty with scenic landscapes! Visiting Malabar Hill Sunset Point was amazing.
3678,1226,1757,4,Incredible natural beauty with scenic landscapes! Visiting Malabar Hill Sunset Point was amazing.
3679,1227,796,1,A historical wonder with rich heritage and architecture! Visiting Banganga Tank was amazing.
3680,1227,1864,4,A historical wonder with rich heritage and architecture! Visiting Banganga Tank was amazing.
3681,1227,1900,3,A historical wonder with rich heritage and architecture! Visiting Banganga Tank was amazing.
3682,1228,617,1,Incredible natural beauty with scenic landscapes! Visiting Vihar Lake was amazing.
3683,1228,1918,2,Incredible natural beauty with scenic landscapes! Visiting Vihar Lake was amazing.
3684,1228,610,2,Incredible natural beauty with scenic landscapes! Visiting Vihar Lake was amazing.
3685,1229,1761,2,Incredible natural beauty with scenic landscapes! Visiting Tulsi Lake was amazing.
3686,1229,1876,4,Incredible natural beauty with scenic landscapes! Visiting Tulsi Lake was amazing.
3687,1229,1294,3,Incredible natural beauty with scenic landscapes! Visiting Tulsi Lake was amazing.
3688,1230,1802,4,Incredible natural beauty with scenic landscapes! Visiting Powai Lake Garden was amazing.
3689,1230,1617,1,Incredible natural beauty with scenic landscapes! Visiting Powai Lake Garden was amazing.
3690,1230,562,1,Incredible natural beauty with scenic landscapes! Visiting Powai Lake Garden was amazing.
3691,1231,1686,4,Loved the beaches and relaxing coastal vibes! Visiting Gorai Beach was amazing.
3692,1231,965,4,Loved the beaches and relaxing coastal vibes! Visiting Gorai Beach was amazing.
3693,1231,1898,3,Loved the beaches and relaxing coastal vibes! Visiting Gorai Beach was amazing.
3694,1232,1470,4,A historical wonder with rich heritage and architecture! Visiting Madh Island Fort was amazing.
3695,1232,1796,1,A historical wonder with rich heritage and architecture! Visiting Madh Island Fort was amazing.
3696,1232,1689,2,A historical wonder with rich heritage and architecture! Visiting Madh Island Fort was amazing.
3697,1233,1431,3,Loved the beaches and relaxing coastal vibes! Visiting Aksa Beach was amazing.
3698,1233,1037,1,Loved the beaches and relaxing coastal vibes! Visiting Aksa Beach was amazing.
3699,1233,721,4,Loved the beaches and relaxing coastal vibes! Visiting Aksa Beach was amazing.
3700,1234,1234,5,Loved the beaches and relaxing coastal vibes! Visiting Marve Beach was amazing.
3701,1234,1511,3,Loved the beaches and relaxing coastal vibes! Visiting Marve Beach was amazing.
3702,1234,929,1,Loved the beaches and relaxing coastal vibes! Visiting Marve Beach was amazing.
3703,1235,1561,1,Loved the beaches and relaxing coastal vibes! Visiting Manori Beach was amazing.
3704,1235,1314,2,Loved the beaches and relaxing coastal vibes! Visiting Manori Beach was amazing.
3705,1235,1291,4,Loved the beaches and relaxing coastal vibes! Visiting Manori Beach was amazing.
3706,1236,1621,2,A wonderful and memorable travel experience! Visiting Essel World (Closed/Renovation) was amazing.
3707,1236,7,4,A wonderful and memorable travel experience! Visiting Essel World (Closed/Renovation) was amazing.
3708,1236,410,3,A wonderful and memorable travel experience! Visiting Essel World (Closed/Renovation) was amazing.
3709,1237,643,5,A wonderful and memorable travel experience! Visiting Water Kingdom was amazing.
3710,1237,169,1,A wonderful and memorable travel experience! Visiting Water Kingdom was amazing.
3711,1237,324,2,A wonderful and memorable travel experience! Visiting Water Kingdom was amazing.
3712,1238,1058,2,A peaceful and spiritually uplifting destination. Visiting Pagoda Global Vipassana was amazing.
3713,1238,1735,5,A peaceful and spiritually uplifting destination. Visiting Pagoda Global Vipassana was amazing.
3714,1238,1405,4,A peaceful and spiritually uplifting destination. Visiting Pagoda Global Vipassana was amazing.
3715,1239,1624,3,A wonderful and memorable travel experience! Visiting Matheran Toy Train was amazing.
3716,1239,925,4,A wonderful and memorable travel experience! Visiting Matheran Toy Train was amazing.
3717,1239,1789,2,A wonderful and memorable travel experience! Visiting Matheran Toy Train was amazing.
3718,1240,534,2,Incredible natural beauty with scenic landscapes! Visiting Panorama Point Matheran was amazing.
3719,1240,1408,5,Incredible natural beauty with scenic landscapes! Visiting Panorama Point Matheran was amazing.
3720,1240,1694,3,Incredible natural beauty with scenic landscapes! Visiting Panorama Point Matheran was amazing.
3721,1241,1638,3,Incredible natural beauty with scenic landscapes! Visiting Echo Point Matheran was amazing.
3722,1241,407,1,Incredible natural beauty with scenic landscapes! Visiting Echo Point Matheran was amazing.
3723,1241,849,3,Incredible natural beauty with scenic landscapes! Visiting Echo Point Matheran was amazing.
3724,1242,373,4,Incredible natural beauty with scenic landscapes! Visiting Charlotte Lake was amazing.
3725,1242,1795,4,Incredible natural beauty with scenic landscapes! Visiting Charlotte Lake was amazing.
3726,1242,1935,5,Incredible natural beauty with scenic landscapes! Visiting Charlotte Lake was amazing.
3727,1243,460,1,Incredible natural beauty with scenic landscapes! Visiting Louisa Point was amazing.
3728,1243,1942,1,Incredible natural beauty with scenic landscapes! Visiting Louisa Point was amazing.
3729,1243,1891,5,Incredible natural beauty with scenic landscapes! Visiting Louisa Point was amazing.
3730,1244,1326,5,Thrilling adventure activities and excitement! Visiting Prabal Fort (Prabalgad) was amazing.
3731,1244,1284,2,Thrilling adventure activities and excitement! Visiting Prabal Fort (Prabalgad) was amazing.
3732,1244,1858,1,Thrilling adventure activities and excitement! Visiting Prabal Fort (Prabalgad) was amazing.
3733,1245,1996,4,Thrilling adventure activities and excitement! Visiting Kala Avantin Durg was amazing.
3734,1245,407,3,Thrilling adventure activities and excitement! Visiting Kala Avantin Durg was amazing.
3735,1245,1437,2,Thrilling adventure activities and excitement! Visiting Kala Avantin Durg was amazing.
3736,1246,102,4,An exciting wildlife experience close to nature! Visiting Karnala Bird Sanctuary was amazing.
3737,1246,1266,4,An exciting wildlife experience close to nature! Visiting Karnala Bird Sanctuary was amazing.
3738,1246,1230,3,An exciting wildlife experience close to nature! Visiting Karnala Bird Sanctuary was amazing.
3739,1247,306,1,A historical wonder with rich heritage and architecture! Visiting Karnala Fort was amazing.
3740,1247,1963,3,A historical wonder with rich heritage and architecture! Visiting Karnala Fort was amazing.
3741,1247,349,5,A historical wonder with rich heritage and architecture! Visiting Karnala Fort was amazing.
3742,1248,241,1,Incredible natural beauty with scenic landscapes! Visiting Gadeshwar Dam was amazing.
3743,1248,1472,5,Incredible natural beauty with scenic landscapes! Visiting Gadeshwar Dam was amazing.
3744,1248,892,4,Incredible natural beauty with scenic landscapes! Visiting Gadeshwar Dam was amazing.
3745,1249,1695,4,Thrilling adventure activities and excitement! Visiting Tikona Fort was amazing.
3746,1249,243,2,Thrilling adventure activities and excitement! Visiting Tikona Fort was amazing.
3747,1249,1462,2,Thrilling adventure activities and excitement! Visiting Tikona Fort was amazing.
3748,1250,391,3,Thrilling adventure activities and excitement! Visiting Visapur Fort was amazing.
3749,1250,590,4,Thrilling adventure activities and excitement! Visiting Visapur Fort was amazing.
3750,1250,783,2,Thrilling adventure activities and excitement! Visiting Visapur Fort was amazing.
3751,1251,884,2,Thrilling adventure activities and excitement! Visiting Tung Fort was amazing.
3752,1251,1229,2,Thrilling adventure activities and excitement! Visiting Tung Fort was amazing.
3753,1251,1688,3,Thrilling adventure activities and excitement! Visiting Tung Fort was amazing.
3754,1252,1489,2,A historical wonder with rich heritage and architecture! Visiting Korigad Fort was amazing.
3755,1252,857,2,A historical wonder with rich heritage and architecture! Visiting Korigad Fort was amazing.
3756,1252,837,2,A historical wonder with rich heritage and architecture! Visiting Korigad Fort was amazing.
3757,1253,59,3,Incredible natural beauty with scenic landscapes! Visiting Rajmachi Garden was amazing.
3758,1253,2000,3,Incredible natural beauty with scenic landscapes! Visiting Rajmachi Garden was amazing.
3759,1253,483,5,Incredible natural beauty with scenic landscapes! Visiting Rajmachi Garden was amazing.
3760,1254,924,2,Thrilling adventure activities and excitement! Visiting Rajmachi Fort was amazing.
3761,1254,758,5,Thrilling adventure activities and excitement! Visiting Rajmachi Fort was amazing.
3762,1254,1402,4,Thrilling adventure activities and excitement! Visiting Rajmachi Fort was amazing.
3763,1255,176,1,Incredible natural beauty with scenic landscapes! Visiting Kune Falls was amazing.
3764,1255,961,2,Incredible natural beauty with scenic landscapes! Visiting Kune Falls was amazing.
3765,1255,1785,3,Incredible natural beauty with scenic landscapes! Visiting Kune Falls was amazing.
3766,1256,1996,4,Thrilling adventure activities and excitement! Visiting Pawna Lake Camping was amazing.
3767,1256,1407,2,Thrilling adventure activities and excitement! Visiting Pawna Lake Camping was amazing.
3768,1256,1461,4,Thrilling adventure activities and excitement! Visiting Pawna Lake Camping was amazing.
3769,1257,1451,4,Incredible natural beauty with scenic landscapes! Visiting Dudhiware Waterfall was amazing.
3770,1257,1508,5,Incredible natural beauty with scenic landscapes! Visiting Dudhiware Waterfall was amazing.
3771,1257,525,1,Incredible natural beauty with scenic landscapes! Visiting Dudhiware Waterfall was amazing.
3772,1258,196,5,A historical wonder with rich heritage and architecture! Visiting Bedse Caves was amazing.
3773,1258,121,1,A historical wonder with rich heritage and architecture! Visiting Bedse Caves was amazing.
3774,1258,682,2,A historical wonder with rich heritage and architecture! Visiting Bedse Caves was amazing.
3775,1259,965,3,A peaceful and spiritually uplifting destination. Visiting Hadshi Temple was amazing.
3776,1259,1242,5,A peaceful and spiritually uplifting destination. Visiting Hadshi Temple was amazing.
3777,1259,1454,1,A peaceful and spiritually uplifting destination. Visiting Hadshi Temple was amazing.
3778,1260,11,3,Incredible natural beauty with scenic landscapes! Visiting Mulshi Lake was amazing.
3779,1260,1034,5,Incredible natural beauty with scenic landscapes! Visiting Mulshi Lake was amazing.
3780,1260,781,3,Incredible natural beauty with scenic landscapes! Visiting Mulshi Lake was amazing.
3781,1261,809,3,Incredible natural beauty with scenic landscapes! Visiting Tamhini Ghat was amazing.
3782,1261,271,5,Incredible natural beauty with scenic landscapes! Visiting Tamhini Ghat was amazing.
3783,1261,85,5,Incredible natural beauty with scenic landscapes! Visiting Tamhini Ghat was amazing.
3784,1262,368,3,Thrilling adventure activities and excitement! Visiting Plus Valley was amazing.
3785,1262,348,5,Thrilling adventure activities and excitement! Visiting Plus Valley was amazing.
3786,1262,1010,3,Thrilling adventure activities and excitement! Visiting Plus Valley was amazing.
3787,1263,1798,4,Incredible natural beauty with scenic landscapes! Visiting Devkund Waterfall was amazing.
3788,1263,271,1,Incredible natural beauty with scenic landscapes! Visiting Devkund Waterfall was amazing.
3789,1263,650,5,Incredible natural beauty with scenic landscapes! Visiting Devkund Waterfall was amazing.
3790,1264,887,2,A wonderful and memorable travel experience! Visiting Bhira Dam was amazing.
3791,1264,534,1,A wonderful and memorable travel experience! Visiting Bhira Dam was amazing.
3792,1264,642,1,A wonderful and memorable travel experience! Visiting Bhira Dam was amazing.
3793,1265,262,4,Thrilling adventure activities and excitement! Visiting Kundalika River Rafting was amazing.
3794,1265,1786,3,Thrilling adventure activities and excitement! Visiting Kundalika River Rafting was amazing.
3795,1265,1532,3,Thrilling adventure activities and excitement! Visiting Kundalika River Rafting was amazing.
3796,1266,1897,4,Incredible natural beauty with scenic landscapes! Visiting Sutarwadi Lake was amazing.
3797,1266,580,3,Incredible natural beauty with scenic landscapes! Visiting Sutarwadi Lake was amazing.
3798,1266,1256,3,Incredible natural beauty with scenic landscapes! Visiting Sutarwadi Lake was amazing.
3799,1267,1059,3,A historical wonder with rich heritage and architecture! Visiting Tala Fort was amazing.
3800,1267,893,2,A historical wonder with rich heritage and architecture! Visiting Tala Fort was amazing.
3801,1267,647,4,A historical wonder with rich heritage and architecture! Visiting Tala Fort was amazing.
3802,1268,1565,2,A historical wonder with rich heritage and architecture! Visiting Kuda Caves was amazing.
3803,1268,1139,4,A historical wonder with rich heritage and architecture! Visiting Kuda Caves was amazing.
3804,1268,109,2,A historical wonder with rich heritage and architecture! Visiting Kuda Caves was amazing.
3805,1269,305,1,A peaceful and spiritually uplifting destination. Visiting Ballaleshwar Pali Ganpati was amazing.
3806,1269,471,2,A peaceful and spiritually uplifting destination. Visiting Ballaleshwar Pali Ganpati was amazing.
3807,1269,74,4,A peaceful and spiritually uplifting destination. Visiting Ballaleshwar Pali Ganpati was amazing.
3808,1270,533,2,A peaceful and spiritually uplifting destination. Visiting Varadvinayak Mahad Ganpati was amazing.
3809,1270,1446,4,A peaceful and spiritually uplifting destination. Visiting Varadvinayak Mahad Ganpati was amazing.
3810,1270,894,1,A peaceful and spiritually uplifting destination. Visiting Varadvinayak Mahad Ganpati was amazing.
3811,1271,1834,4,A historical wonder with rich heritage and architecture! Visiting Gandharpale Caves was amazing.
3812,1271,84,4,A historical wonder with rich heritage and architecture! Visiting Gandharpale Caves was amazing.
3813,1271,731,5,A historical wonder with rich heritage and architecture! Visiting Gandharpale Caves was amazing.
3814,1272,994,4,An exciting wildlife experience close to nature! Visiting Velas Turtle Beach was amazing.
3815,1272,1010,1,An exciting wildlife experience close to nature! Visiting Velas Turtle Beach was amazing.
3816,1272,1733,2,An exciting wildlife experience close to nature! Visiting Velas Turtle Beach was amazing.
3817,1273,254,3,Loved the beaches and relaxing coastal vibes! Visiting Harihareshwar Beach was amazing.
3818,1273,192,2,Loved the beaches and relaxing coastal vibes! Visiting Harihareshwar Beach was amazing.
3819,1273,1779,3,Loved the beaches and relaxing coastal vibes! Visiting Harihareshwar Beach was amazing.
3820,1274,370,2,Loved the beaches and relaxing coastal vibes! Visiting Shrivardhan Beach was amazing.
3821,1274,1536,5,Loved the beaches and relaxing coastal vibes! Visiting Shrivardhan Beach was amazing.
3822,1274,1685,3,Loved the beaches and relaxing coastal vibes! Visiting Shrivardhan Beach was amazing.
3823,1275,1154,5,Loved the beaches and relaxing coastal vibes! Visiting Diveagar Beach was amazing.
3824,1275,435,5,Loved the beaches and relaxing coastal vibes! Visiting Diveagar Beach was amazing.
3825,1275,1990,1,Loved the beaches and relaxing coastal vibes! Visiting Diveagar Beach was amazing.
3826,1276,1078,5,A historical wonder with rich heritage and architecture! Visiting Bankot Fort was amazing.
3827,1276,370,4,A historical wonder with rich heritage and architecture! Visiting Bankot Fort was amazing.
3828,1276,1886,1,A historical wonder with rich heritage and architecture! Visiting Bankot Fort was amazing.
3829,1277,505,4,Loved the beaches and relaxing coastal vibes! Visiting Kelshi Beach was amazing.
3830,1277,1387,1,Loved the beaches and relaxing coastal vibes! Visiting Kelshi Beach was amazing.
3831,1277,1818,3,Loved the beaches and relaxing coastal vibes! Visiting Kelshi Beach was amazing.
3832,1278,54,3,An exciting wildlife experience close to nature! Visiting Anjarle Turtle Beach was amazing.
3833,1278,1396,1,An exciting wildlife experience close to nature! Visiting Anjarle Turtle Beach was amazing.
3834,1278,808,3,An exciting wildlife experience close to nature! Visiting Anjarle Turtle Beach was amazing.
3835,1279,1210,1,A peaceful and spiritually uplifting destination. Visiting Kadyavarcha Ganpati was amazing.
3836,1279,1715,3,A peaceful and spiritually uplifting destination. Visiting Kadyavarcha Ganpati was amazing.
3837,1279,315,1,A peaceful and spiritually uplifting destination. Visiting Kadyavarcha Ganpati was amazing.
3838,1280,167,4,A wonderful and memorable travel experience! Visiting Harnai Fish Market was amazing.
3839,1280,1702,4,A wonderful and memorable travel experience! Visiting Harnai Fish Market was amazing.
3840,1280,930,3,A wonderful and memorable travel experience! Visiting Harnai Fish Market was amazing.
3841,1281,1217,1,A historical wonder with rich heritage and architecture! Visiting Suvarnadurg Fort was amazing.
3842,1281,675,1,A historical wonder with rich heritage and architecture! Visiting Suvarnadurg Fort was amazing.
3843,1281,1344,5,A historical wonder with rich heritage and architecture! Visiting Suvarnadurg Fort was amazing.
3844,1282,1948,4,Loved the beaches and relaxing coastal vibes! Visiting Murud Beach was amazing.
3845,1282,666,5,Loved the beaches and relaxing coastal vibes! Visiting Murud Beach was amazing.
3846,1282,265,2,Loved the beaches and relaxing coastal vibes! Visiting Murud Beach was amazing.
3847,1283,1768,1,Loved the beaches and relaxing coastal vibes! Visiting Ladghar Beach was amazing.
3848,1283,1642,3,Loved the beaches and relaxing coastal vibes! Visiting Ladghar Beach was amazing.
3849,1283,662,1,Loved the beaches and relaxing coastal vibes! Visiting Ladghar Beach was amazing.
3850,1284,1524,1,Loved the beaches and relaxing coastal vibes! Visiting Karde Beach was amazing.
3851,1284,1121,5,Loved the beaches and relaxing coastal vibes! Visiting Karde Beach was amazing.
3852,1284,782,1,Loved the beaches and relaxing coastal vibes! Visiting Karde Beach was amazing.
3853,1285,817,3,Loved the beaches and relaxing coastal vibes! Visiting Kolthare Beach was amazing.
3854,1285,365,2,Loved the beaches and relaxing coastal vibes! Visiting Kolthare Beach was amazing.
3855,1285,1977,4,Loved the beaches and relaxing coastal vibes! Visiting Kolthare Beach was amazing.
3856,1286,183,1,Incredible natural beauty with scenic landscapes! Visiting Dabhol Jetty was amazing.
3857,1286,1746,2,Incredible natural beauty with scenic landscapes! Visiting Dabhol Jetty was amazing.
3858,1286,334,4,Incredible natural beauty with scenic landscapes! Visiting Dabhol Jetty was amazing.
3859,1287,1597,4,A peaceful and spiritually uplifting destination. Visiting Chandika Devi Temple was amazing.
3860,1287,584,2,A peaceful and spiritually uplifting destination. Visiting Chandika Devi Temple was amazing.
3861,1287,247,3,A peaceful and spiritually uplifting destination. Visiting Chandika Devi Temple was amazing.
3862,1288,1006,4,Loved the beaches and relaxing coastal vibes! Visiting Guhagar Beach was amazing.
3863,1288,1508,3,Loved the beaches and relaxing coastal vibes! Visiting Guhagar Beach was amazing.
3864,1288,1851,5,Loved the beaches and relaxing coastal vibes! Visiting Guhagar Beach was amazing.
3865,1289,269,3,A peaceful and spiritually uplifting destination. Visiting Vyadeshwar Temple was amazing.
3866,1289,1363,1,A peaceful and spiritually uplifting destination. Visiting Vyadeshwar Temple was amazing.
3867,1289,1705,3,A peaceful and spiritually uplifting destination. Visiting Vyadeshwar Temple was amazing.
3868,1290,1050,2,A peaceful and spiritually uplifting destination. Visiting Hedvi Ganesh Temple was amazing.
3869,1290,1003,4,A peaceful and spiritually uplifting destination. Visiting Hedvi Ganesh Temple was amazing.
3870,1290,1814,4,A peaceful and spiritually uplifting destination. Visiting Hedvi Ganesh Temple was amazing.
3871,1291,976,3,A peaceful and spiritually uplifting destination. Visiting Velneshwar Temple & Beach was amazing.
3872,1291,1154,5,A peaceful and spiritually uplifting destination. Visiting Velneshwar Temple & Beach was amazing.
3873,1291,867,1,A peaceful and spiritually uplifting destination. Visiting Velneshwar Temple & Beach was amazing.
3874,1292,1550,4,A historical wonder with rich heritage and architecture! Visiting Jaigad Fort was amazing.
3875,1292,1661,3,A historical wonder with rich heritage and architecture! Visiting Jaigad Fort was amazing.
3876,1292,1258,2,A historical wonder with rich heritage and architecture! Visiting Jaigad Fort was amazing.
3877,1293,890,4,A historical wonder with rich heritage and architecture! Visiting Jaigad Lighthouse was amazing.
3878,1293,191,1,A historical wonder with rich heritage and architecture! Visiting Jaigad Lighthouse was amazing.
3879,1293,1052,3,A historical wonder with rich heritage and architecture! Visiting Jaigad Lighthouse was amazing.
3880,1294,1994,4,A peaceful and spiritually uplifting destination. Visiting Ganpatipule Temple was amazing.
3881,1294,1386,2,A peaceful and spiritually uplifting destination. Visiting Ganpatipule Temple was amazing.
3882,1294,1327,2,A peaceful and spiritually uplifting destination. Visiting Ganpatipule Temple was amazing.
3883,1295,1907,4,Loved the beaches and relaxing coastal vibes! Visiting Ganpatipule Beach was amazing.
3884,1295,1080,5,Loved the beaches and relaxing coastal vibes! Visiting Ganpatipule Beach was amazing.
3885,1295,172,3,Loved the beaches and relaxing coastal vibes! Visiting Ganpatipule Beach was amazing.
3886,1296,959,4,A wonderful and memorable travel experience! Visiting Prachin Konkan Museum was amazing.
3887,1296,163,4,A wonderful and memorable travel experience! Visiting Prachin Konkan Museum was amazing.
3888,1296,616,2,A wonderful and memorable travel experience! Visiting Prachin Konkan Museum was amazing.
3889,1297,262,3,Loved the beaches and relaxing coastal vibes! Visiting Arey Ware Beach was amazing.
3890,1297,1724,2,Loved the beaches and relaxing coastal vibes! Visiting Arey Ware Beach was amazing.
3891,1297,1072,4,Loved the beaches and relaxing coastal vibes! Visiting Arey Ware Beach was amazing.
3892,1298,606,5,A historical wonder with rich heritage and architecture! Visiting Ratnadurg Fort was amazing.
3893,1298,98,5,A historical wonder with rich heritage and architecture! Visiting Ratnadurg Fort was amazing.
3894,1298,157,1,A historical wonder with rich heritage and architecture! Visiting Ratnadurg Fort was amazing.
3895,1299,1052,1,A historical wonder with rich heritage and architecture! Visiting Thiba Palace was amazing.
3896,1299,1046,4,A historical wonder with rich heritage and architecture! Visiting Thiba Palace was amazing.
3897,1299,846,1,A historical wonder with rich heritage and architecture! Visiting Thiba Palace was amazing.
3898,1300,952,5,A historical wonder with rich heritage and architecture! Visiting Tilak Ali Museum was amazing.
3899,1300,1665,3,A historical wonder with rich heritage and architecture! Visiting Tilak Ali Museum was amazing.
3900,1300,728,3,A historical wonder with rich heritage and architecture! Visiting Tilak Ali Museum was amazing.
3901,1301,1200,1,A peaceful and spiritually uplifting destination. Visiting Kanakaditya Temple was amazing.
3902,1301,1575,5,A peaceful and spiritually uplifting destination. Visiting Kanakaditya Temple was amazing.
3903,1301,34,1,A peaceful and spiritually uplifting destination. Visiting Kanakaditya Temple was amazing.
3904,1302,1517,4,A peaceful and spiritually uplifting destination. Visiting Pawas Ashram was amazing.
3905,1302,368,2,A peaceful and spiritually uplifting destination. Visiting Pawas Ashram was amazing.
3906,1302,1727,4,A peaceful and spiritually uplifting destination. Visiting Pawas Ashram was amazing.
3907,1303,93,1,A historical wonder with rich heritage and architecture! Visiting Purnagad Fort was amazing.
3908,1303,853,3,A historical wonder with rich heritage and architecture! Visiting Purnagad Fort was amazing.
3909,1303,643,5,A historical wonder with rich heritage and architecture! Visiting Purnagad Fort was amazing.
3910,1304,1483,4,A historical wonder with rich heritage and architecture! Visiting Ambolgad Fort was amazing.
3911,1304,1552,4,A historical wonder with rich heritage and architecture! Visiting Ambolgad Fort was amazing.
3912,1304,1278,3,A historical wonder with rich heritage and architecture! Visiting Ambolgad Fort was amazing.
3913,1305,700,2,A peaceful and spiritually uplifting destination. Visiting Kunkeshwar Temple was amazing.
3914,1305,433,2,A peaceful and spiritually uplifting destination. Visiting Kunkeshwar Temple was amazing.
3915,1305,161,5,A peaceful and spiritually uplifting destination. Visiting Kunkeshwar Temple was amazing.
3916,1306,532,1,Loved the beaches and relaxing coastal vibes! Visiting Devgad Beach was amazing.
3917,1306,889,5,Loved the beaches and relaxing coastal vibes! Visiting Devgad Beach was amazing.
3918,1306,37,1,Loved the beaches and relaxing coastal vibes! Visiting Devgad Beach was amazing.
3919,1307,809,1,A historical wonder with rich heritage and architecture! Visiting Vijaypurg Fort (Vijaydurga) was amazing.
3920,1307,28,2,A historical wonder with rich heritage and architecture! Visiting Vijaypurg Fort (Vijaydurga) was amazing.
3921,1307,1344,4,A historical wonder with rich heritage and architecture! Visiting Vijaypurg Fort (Vijaydurga) was amazing.
3922,1308,943,4,A peaceful and spiritually uplifting destination. Visiting Rameshwar Temple Girye was amazing.
3923,1308,1780,5,A peaceful and spiritually uplifting destination. Visiting Rameshwar Temple Girye was amazing.
3924,1308,1487,4,A peaceful and spiritually uplifting destination. Visiting Rameshwar Temple Girye was amazing.
3925,1309,621,5,Incredible natural beauty with scenic landscapes! Visiting Tarkarli Backwaters was amazing.
3926,1309,1666,5,Incredible natural beauty with scenic landscapes! Visiting Tarkarli Backwaters was amazing.
3927,1309,739,4,Incredible natural beauty with scenic landscapes! Visiting Tarkarli Backwaters was amazing.
3928,1310,1648,3,A historical wonder with rich heritage and architecture! Visiting Sindhudurg Fort was amazing.
3929,1310,180,2,A historical wonder with rich heritage and architecture! Visiting Sindhudurg Fort was amazing.
3930,1310,277,1,A historical wonder with rich heritage and architecture! Visiting Sindhudurg Fort was amazing.
3931,1311,391,1,Thrilling adventure activities and excitement! Visiting Malvan Scuba Diving Point was amazing.
3932,1311,1672,1,Thrilling adventure activities and excitement! Visiting Malvan Scuba Diving Point was amazing.
3933,1311,1426,2,Thrilling adventure activities and excitement! Visiting Malvan Scuba Diving Point was amazing.
3934,1312,1760,1,Incredible natural beauty with scenic landscapes! Visiting Rock Garden Malvan was amazing.
3935,1312,429,4,Incredible natural beauty with scenic landscapes! Visiting Rock Garden Malvan was amazing.
3936,1312,1329,2,Incredible natural beauty with scenic landscapes! Visiting Rock Garden Malvan was amazing.
3937,1313,1331,2,Loved the beaches and relaxing coastal vibes! Visiting Devbagh Beach was amazing.
3938,1313,893,5,Loved the beaches and relaxing coastal vibes! Visiting Devbagh Beach was amazing.
3939,1313,391,1,Loved the beaches and relaxing coastal vibes! Visiting Devbagh Beach was amazing.
3940,1314,617,4,Thrilling adventure activities and excitement! Visiting Tsunami Island was amazing.
3941,1314,304,4,Thrilling adventure activities and excitement! Visiting Tsunami Island was amazing.
3942,1314,865,1,Thrilling adventure activities and excitement! Visiting Tsunami Island was amazing.
3943,1315,239,2,A wonderful and memorable travel experience! Visiting Angre Port was amazing.
3944,1315,1849,2,A wonderful and memorable travel experience! Visiting Angre Port was amazing.
3945,1315,1514,4,A wonderful and memorable travel experience! Visiting Angre Port was amazing.
3946,1316,1974,4,A historical wonder with rich heritage and architecture! Visiting Vengurla Lighthouse was amazing.
3947,1316,966,1,A historical wonder with rich heritage and architecture! Visiting Vengurla Lighthouse was amazing.
3948,1316,1761,4,A historical wonder with rich heritage and architecture! Visiting Vengurla Lighthouse was amazing.
3949,1317,1199,2,Loved the beaches and relaxing coastal vibes! Visiting Mochemad Beach was amazing.
3950,1317,413,3,Loved the beaches and relaxing coastal vibes! Visiting Mochemad Beach was amazing.
3951,1317,1167,4,Loved the beaches and relaxing coastal vibes! Visiting Mochemad Beach was amazing.
3952,1318,105,3,Loved the beaches and relaxing coastal vibes! Visiting Shiroda Beach was amazing.
3953,1318,17,1,Loved the beaches and relaxing coastal vibes! Visiting Shiroda Beach was amazing.
3954,1318,1292,4,Loved the beaches and relaxing coastal vibes! Visiting Shiroda Beach was amazing.
3955,1319,852,4,A peaceful and spiritually uplifting destination. Visiting Redi Ganesha Temple was amazing.
3956,1319,1510,5,A peaceful and spiritually uplifting destination. Visiting Redi Ganesha Temple was amazing.
3957,1319,1221,5,A peaceful and spiritually uplifting destination. Visiting Redi Ganesha Temple was amazing.
3958,1320,596,1,A historical wonder with rich heritage and architecture! Visiting Yashwantgad Fort was amazing.
3959,1320,999,4,A historical wonder with rich heritage and architecture! Visiting Yashwantgad Fort was amazing.
3960,1320,996,5,A historical wonder with rich heritage and architecture! Visiting Yashwantgad Fort was amazing.
3961,1321,1211,5,A historical wonder with rich heritage and architecture! Visiting Terekhol Fort was amazing.
3962,1321,1916,4,A historical wonder with rich heritage and architecture! Visiting Terekhol Fort was amazing.
3963,1321,475,1,A historical wonder with rich heritage and architecture! Visiting Terekhol Fort was amazing.
3964,1322,1082,1,Incredible natural beauty with scenic landscapes! Visiting Amboli Falls was amazing.
3965,1322,865,5,Incredible natural beauty with scenic landscapes! Visiting Amboli Falls was amazing.
3966,1322,647,5,Incredible natural beauty with scenic landscapes! Visiting Amboli Falls was amazing.
3967,1323,131,3,A historical wonder with rich heritage and architecture! Visiting Madhavgad Fort was amazing.
3968,1323,1829,4,A historical wonder with rich heritage and architecture! Visiting Madhavgad Fort was amazing.
3969,1323,1821,4,A historical wonder with rich heritage and architecture! Visiting Madhavgad Fort was amazing.
3970,1324,240,4,A peaceful and spiritually uplifting destination. Visiting Hiranyakeshi Temple was amazing.
3971,1324,1276,3,A peaceful and spiritually uplifting destination. Visiting Hiranyakeshi Temple was amazing.
3972,1324,919,4,A peaceful and spiritually uplifting destination. Visiting Hiranyakeshi Temple was amazing.
3973,1325,43,2,Incredible natural beauty with scenic landscapes! Visiting Kawalshet Point was amazing.
3974,1325,590,2,Incredible natural beauty with scenic landscapes! Visiting Kawalshet Point was amazing.
3975,1325,962,3,Incredible natural beauty with scenic landscapes! Visiting Kawalshet Point was amazing.
3976,1326,898,2,A wonderful and memorable travel experience! Visiting Radhanagari Dam was amazing.
3977,1326,1040,2,A wonderful and memorable travel experience! Visiting Radhanagari Dam was amazing.
3978,1326,1204,3,A wonderful and memorable travel experience! Visiting Radhanagari Dam was amazing.
3979,1327,1888,5,A peaceful and spiritually uplifting destination. Visiting Mahalakshmi Temple Kolhapur was amazing.
3980,1327,1748,4,A peaceful and spiritually uplifting destination. Visiting Mahalakshmi Temple Kolhapur was amazing.
3981,1327,269,3,A peaceful and spiritually uplifting destination. Visiting Mahalakshmi Temple Kolhapur was amazing.
3982,1328,1481,4,A historical wonder with rich heritage and architecture! Visiting Panhala Fort was amazing.
3983,1328,1966,4,A historical wonder with rich heritage and architecture! Visiting Panhala Fort was amazing.
3984,1328,1707,3,A historical wonder with rich heritage and architecture! Visiting Panhala Fort was amazing.
3985,1329,1631,4,A peaceful and spiritually uplifting destination. Visiting Jyotiba Temple was amazing.
3986,1329,1638,2,A peaceful and spiritually uplifting destination. Visiting Jyotiba Temple was amazing.
3987,1329,1274,2,A peaceful and spiritually uplifting destination. Visiting Jyotiba Temple was amazing.
3988,1330,579,1,Incredible natural beauty with scenic landscapes! Visiting Rankala Lake was amazing.
3989,1330,1367,4,Incredible natural beauty with scenic landscapes! Visiting Rankala Lake was amazing.
3990,1330,265,2,Incredible natural beauty with scenic landscapes! Visiting Rankala Lake was amazing.
3991,1331,409,2,A historical wonder with rich heritage and architecture! Visiting New Palace Kolhapur was amazing.
3992,1331,1241,4,A historical wonder with rich heritage and architecture! Visiting New Palace Kolhapur was amazing.
3993,1331,207,4,A historical wonder with rich heritage and architecture! Visiting New Palace Kolhapur was amazing.
3994,1332,1932,4,A wonderful and memorable travel experience! Visiting Kaneri Math Museum was amazing.
3995,1332,622,2,A wonderful and memorable travel experience! Visiting Kaneri Math Museum was amazing.
3996,1332,429,5,A wonderful and memorable travel experience! Visiting Kaneri Math Museum was amazing.
3997,1333,97,1,A peaceful and spiritually uplifting destination. Visiting Sajjangad Fort was amazing.
3998,1333,735,3,A peaceful and spiritually uplifting destination. Visiting Sajjangad Fort was amazing.
3999,1333,732,2,A peaceful and spiritually uplifting destination. Visiting Sajjangad Fort was amazing.
4000,1334,358,5,Incredible natural beauty with scenic landscapes! Visiting Kaas Plateau (Valley of Flowers) was amazing.
4001,1334,66,1,Incredible natural beauty with scenic landscapes! Visiting Kaas Plateau (Valley of Flowers) was amazing.
4002,1334,692,4,Incredible natural beauty with scenic landscapes! Visiting Kaas Plateau (Valley of Flowers) was amazing.
4003,1335,234,5,Incredible natural beauty with scenic landscapes! Visiting Kaas Lake was amazing.
4004,1335,465,1,Incredible natural beauty with scenic landscapes! Visiting Kaas Lake was amazing.
4005,1335,1151,2,Incredible natural beauty with scenic landscapes! Visiting Kaas Lake was amazing.
4006,1336,997,3,Incredible natural beauty with scenic landscapes! Visiting Thoseghar Waterfalls was amazing.
4007,1336,697,3,Incredible natural beauty with scenic landscapes! Visiting Thoseghar Waterfalls was amazing.
4008,1336,1576,1,Incredible natural beauty with scenic landscapes! Visiting Thoseghar Waterfalls was amazing.
4009,1337,1578,5,Incredible natural beauty with scenic landscapes! Visiting Vajrai Waterfall was amazing.
4010,1337,548,2,Incredible natural beauty with scenic landscapes! Visiting Vajrai Waterfall was amazing.
4011,1337,1748,5,Incredible natural beauty with scenic landscapes! Visiting Vajrai Waterfall was amazing.
4012,1338,1238,1,A historical wonder with rich heritage and architecture! Visiting Ajinkyatara Fort was amazing.
4013,1338,1447,1,A historical wonder with rich heritage and architecture! Visiting Ajinkyatara Fort was amazing.
4014,1338,1898,4,A historical wonder with rich heritage and architecture! Visiting Ajinkyatara Fort was amazing.
4015,1339,1637,4,A wonderful and memorable travel experience! Visiting Koyna Dam was amazing.
4016,1339,1972,1,A wonderful and memorable travel experience! Visiting Koyna Dam was amazing.
4017,1339,1997,1,A wonderful and memorable travel experience! Visiting Koyna Dam was amazing.
4018,1340,1601,5,Incredible natural beauty with scenic landscapes! Visiting Nehru Garden Koyna was amazing.
4019,1340,1249,1,Incredible natural beauty with scenic landscapes! Visiting Nehru Garden Koyna was amazing.
4020,1340,1687,5,Incredible natural beauty with scenic landscapes! Visiting Nehru Garden Koyna was amazing.
4021,1341,86,5,Incredible natural beauty with scenic landscapes! Visiting Ozarde Waterfall was amazing.
4022,1341,216,2,Incredible natural beauty with scenic landscapes! Visiting Ozarde Waterfall was amazing.
4023,1341,1291,1,Incredible natural beauty with scenic landscapes! Visiting Ozarde Waterfall was amazing.
4024,1342,1784,2,An exciting wildlife experience close to nature! Visiting Chandoli National Park was amazing.
4025,1342,1866,3,An exciting wildlife experience close to nature! Visiting Chandoli National Park was amazing.
4026,1342,322,3,An exciting wildlife experience close to nature! Visiting Chandoli National Park was amazing.
4027,1343,1451,4,An exciting wildlife experience close to nature! Visiting Sagareshwar Wildlife Sanctuary was amazing.
4028,1343,1561,5,An exciting wildlife experience close to nature! Visiting Sagareshwar Wildlife Sanctuary was amazing.
4029,1343,1021,1,An exciting wildlife experience close to nature! Visiting Sagareshwar Wildlife Sanctuary was amazing.
4030,1344,316,3,A peaceful and spiritually uplifting destination. Visiting Ganpati Temple Sangli was amazing.
4031,1344,686,2,A peaceful and spiritually uplifting destination. Visiting Ganpati Temple Sangli was amazing.
4032,1344,252,2,A peaceful and spiritually uplifting destination. Visiting Ganpati Temple Sangli was amazing.
4033,1345,900,4,A peaceful and spiritually uplifting destination. Visiting Narsinhwadi Datta Mandir was amazing.
4034,1345,1576,1,A peaceful and spiritually uplifting destination. Visiting Narsinhwadi Datta Mandir was amazing.
4035,1345,503,4,A peaceful and spiritually uplifting destination. Visiting Narsinhwadi Datta Mandir was amazing.
4036,1346,700,3,A peaceful and spiritually uplifting destination. Visiting Audumbar Temple was amazing.
4037,1346,1035,2,A peaceful and spiritually uplifting destination. Visiting Audumbar Temple was amazing.
4038,1346,175,3,A peaceful and spiritually uplifting destination. Visiting Audumbar Temple was amazing.
4039,1347,763,4,A historical wonder with rich heritage and architecture! Visiting Bibi Ka Maqbara was amazing.
4040,1347,739,2,A historical wonder with rich heritage and architecture! Visiting Bibi Ka Maqbara was amazing.
4041,1347,311,5,A historical wonder with rich heritage and architecture! Visiting Bibi Ka Maqbara was amazing.
4042,1348,864,2,A historical wonder with rich heritage and architecture! Visiting Panchakki was amazing.
4043,1348,283,4,A historical wonder with rich heritage and architecture! Visiting Panchakki was amazing.
4044,1348,847,4,A historical wonder with rich heritage and architecture! Visiting Panchakki was amazing.
4045,1349,1840,4,A historical wonder with rich heritage and architecture! Visiting Aurangabad Caves was amazing.
4046,1349,1950,5,A historical wonder with rich heritage and architecture! Visiting Aurangabad Caves was amazing.
4047,1349,1628,3,A historical wonder with rich heritage and architecture! Visiting Aurangabad Caves was amazing.
4048,1350,1933,1,An exciting wildlife experience close to nature! Visiting Siddharth Garden and Zoo was amazing.
4049,1350,907,2,An exciting wildlife experience close to nature! Visiting Siddharth Garden and Zoo was amazing.
4050,1350,1578,1,An exciting wildlife experience close to nature! Visiting Siddharth Garden and Zoo was amazing.
4051,1351,1470,5,A wonderful and memorable travel experience! Visiting Jayakwadi Dam was amazing.
4052,1351,1933,1,A wonderful and memorable travel experience! Visiting Jayakwadi Dam was amazing.
4053,1351,174,3,A wonderful and memorable travel experience! Visiting Jayakwadi Dam was amazing.
4054,1352,645,4,Incredible natural beauty with scenic landscapes! Visiting Dnyaneshwar Garden was amazing.
4055,1352,1582,2,Incredible natural beauty with scenic landscapes! Visiting Dnyaneshwar Garden was amazing.
4056,1352,889,1,Incredible natural beauty with scenic landscapes! Visiting Dnyaneshwar Garden was amazing.
4057,1353,806,1,A peaceful and spiritually uplifting destination. Visiting Sant Eknath Temple was amazing.
4058,1353,1353,2,A peaceful and spiritually uplifting destination. Visiting Sant Eknath Temple was amazing.
4059,1353,1849,5,A peaceful and spiritually uplifting destination. Visiting Sant Eknath Temple was amazing.
4060,1354,119,5,Incredible natural beauty with scenic landscapes! Visiting Bani Begum Garden was amazing.
4061,1354,1993,3,Incredible natural beauty with scenic landscapes! Visiting Bani Begum Garden was amazing.
4062,1354,859,4,Incredible natural beauty with scenic landscapes! Visiting Bani Begum Garden was amazing.
4063,1355,1815,5,A historical wonder with rich heritage and architecture! Visiting Tomb of Aurangzeb was amazing.
4064,1355,1790,3,A historical wonder with rich heritage and architecture! Visiting Tomb of Aurangzeb was amazing.
4065,1355,1478,3,A historical wonder with rich heritage and architecture! Visiting Tomb of Aurangzeb was amazing.
4066,1356,1863,3,A peaceful and spiritually uplifting destination. Visiting Ghrishneshwar Jyotirlinga was amazing.
4067,1356,17,3,A peaceful and spiritually uplifting destination. Visiting Ghrishneshwar Jyotirlinga was amazing.
4068,1356,1844,5,A peaceful and spiritually uplifting destination. Visiting Ghrishneshwar Jyotirlinga was amazing.
4069,1357,1251,2,Incredible natural beauty with scenic landscapes! Visiting Lonar Crater Lake was amazing.
4070,1357,1435,4,Incredible natural beauty with scenic landscapes! Visiting Lonar Crater Lake was amazing.
4071,1357,914,2,Incredible natural beauty with scenic landscapes! Visiting Lonar Crater Lake was amazing.
4072,1358,1818,5,A historical wonder with rich heritage and architecture! Visiting Daityasudan Temple was amazing.
4073,1358,1279,5,A historical wonder with rich heritage and architecture! Visiting Daityasudan Temple was amazing.
4074,1358,1336,4,A historical wonder with rich heritage and architecture! Visiting Daityasudan Temple was amazing.
4075,1359,1429,3,A peaceful and spiritually uplifting destination. Visiting Gajanan Maharaj Temple was amazing.
4076,1359,1818,4,A peaceful and spiritually uplifting destination. Visiting Gajanan Maharaj Temple was amazing.
4077,1359,1589,2,A peaceful and spiritually uplifting destination. Visiting Gajanan Maharaj Temple was amazing.
4078,1360,1805,3,A wonderful and memorable travel experience! Visiting Anand Sagar Garden was amazing.
4079,1360,173,1,A wonderful and memorable travel experience! Visiting Anand Sagar Garden was amazing.
4080,1360,1101,3,A wonderful and memorable travel experience! Visiting Anand Sagar Garden was amazing.
4081,1361,799,2,A historical wonder with rich heritage and architecture! Visiting Sevagram Ashram was amazing.
4082,1361,1066,5,A historical wonder with rich heritage and architecture! Visiting Sevagram Ashram was amazing.
4083,1361,582,2,A historical wonder with rich heritage and architecture! Visiting Sevagram Ashram was amazing.
4084,1362,191,5,A peaceful and spiritually uplifting destination. Visiting Vishwa Shanti Stupa Wardha was amazing.
4085,1362,1131,3,A peaceful and spiritually uplifting destination. Visiting Vishwa Shanti Stupa Wardha was amazing.
4086,1362,1068,3,A peaceful and spiritually uplifting destination. Visiting Vishwa Shanti Stupa Wardha was amazing.
4087,1363,1551,2,A peaceful and spiritually uplifting destination. Visiting Paunar Ashram was amazing.
4088,1363,48,1,A peaceful and spiritually uplifting destination. Visiting Paunar Ashram was amazing.
4089,1363,1824,5,A peaceful and spiritually uplifting destination. Visiting Paunar Ashram was amazing.
4090,1364,1214,3,A wonderful and memorable travel experience! Visiting Mahatma Gandhi Institute Museum was amazing.
4091,1364,495,3,A wonderful and memorable travel experience! Visiting Mahatma Gandhi Institute Museum was amazing.
4092,1364,1488,4,A wonderful and memorable travel experience! Visiting Mahatma Gandhi Institute Museum was amazing.
4093,1365,1035,1,A peaceful and spiritually uplifting destination. Visiting Dikshabhoomi was amazing.
4094,1365,1500,1,A peaceful and spiritually uplifting destination. Visiting Dikshabhoomi was amazing.
4095,1365,1724,3,A peaceful and spiritually uplifting destination. Visiting Dikshabhoomi was amazing.
4096,1366,532,5,A historical wonder with rich heritage and architecture! Visiting Zero Mile Marker was amazing.
4097,1366,726,1,A historical wonder with rich heritage and architecture! Visiting Zero Mile Marker was amazing.
4098,1366,98,1,A historical wonder with rich heritage and architecture! Visiting Zero Mile Marker was amazing.
4099,1367,920,3,Incredible natural beauty with scenic landscapes! Visiting Futala Lake was amazing.
4100,1367,1173,1,Incredible natural beauty with scenic landscapes! Visiting Futala Lake was amazing.
4101,1367,929,3,Incredible natural beauty with scenic landscapes! Visiting Futala Lake was amazing.
4102,1368,484,5,A peaceful and spiritually uplifting destination. Visiting Ramtek Temple was amazing.
4103,1368,1159,5,A peaceful and spiritually uplifting destination. Visiting Ramtek Temple was amazing.
4104,1368,1730,5,A peaceful and spiritually uplifting destination. Visiting Ramtek Temple was amazing.
4105,1369,479,3,A wonderful and memorable travel experience! Visiting Khindsi Lake was amazing.
4106,1369,613,3,A wonderful and memorable travel experience! Visiting Khindsi Lake was amazing.
4107,1369,1366,5,A wonderful and memorable travel experience! Visiting Khindsi Lake was amazing.
4108,1370,1378,2,A peaceful and spiritually uplifting destination. Visiting Dragon Palace Temple was amazing.
4109,1370,1463,4,A peaceful and spiritually uplifting destination. Visiting Dragon Palace Temple was amazing.
4110,1370,1065,2,A peaceful and spiritually uplifting destination. Visiting Dragon Palace Temple was amazing.
4111,1371,216,3,A wonderful and memorable travel experience! Visiting Totladoh Dam was amazing.
4112,1371,1058,5,A wonderful and memorable travel experience! Visiting Totladoh Dam was amazing.
4113,1371,395,3,A wonderful and memorable travel experience! Visiting Totladoh Dam was amazing.
4114,1372,931,1,An exciting wildlife experience close to nature! Visiting Melghat Tiger Reserve was amazing.
4115,1372,301,4,An exciting wildlife experience close to nature! Visiting Melghat Tiger Reserve was amazing.
4116,1372,1697,4,An exciting wildlife experience close to nature! Visiting Melghat Tiger Reserve was amazing.
4117,1373,168,1,Pleasant weather and stunning hill views! Visiting Chikhaldara Hill Station was amazing.
4118,1373,128,4,Pleasant weather and stunning hill views! Visiting Chikhaldara Hill Station was amazing.
4119,1373,1820,2,Pleasant weather and stunning hill views! Visiting Chikhaldara Hill Station was amazing.
4120,1374,976,2,A historical wonder with rich heritage and architecture! Visiting Gawilghur Fort was amazing.
4121,1374,914,1,A historical wonder with rich heritage and architecture! Visiting Gawilghur Fort was amazing.
4122,1374,757,5,A historical wonder with rich heritage and architecture! Visiting Gawilghur Fort was amazing.
4123,1375,825,5,Incredible natural beauty with scenic landscapes! Visiting Bhim-Kund was amazing.
4124,1375,1145,5,Incredible natural beauty with scenic landscapes! Visiting Bhim-Kund was amazing.
4125,1375,1596,4,Incredible natural beauty with scenic landscapes! Visiting Bhim-Kund was amazing.
4126,1376,1786,3,An exciting wildlife experience close to nature! Visiting Gautala Autramghat Sanctuary was amazing.
4127,1376,1197,4,An exciting wildlife experience close to nature! Visiting Gautala Autramghat Sanctuary was amazing.
4128,1376,1304,4,An exciting wildlife experience close to nature! Visiting Gautala Autramghat Sanctuary was amazing.
4129,1377,902,4,A peaceful and spiritually uplifting destination. Visiting Muktagiri Jain Temples was amazing.
4130,1377,1499,4,A peaceful and spiritually uplifting destination. Visiting Muktagiri Jain Temples was amazing.
4131,1377,1688,2,A peaceful and spiritually uplifting destination. Visiting Muktagiri Jain Temples was amazing.
4132,1378,296,5,A peaceful and spiritually uplifting destination. Visiting Hazur Sahib Nanded was amazing.
4133,1378,261,4,A peaceful and spiritually uplifting destination. Visiting Hazur Sahib Nanded was amazing.
4134,1378,1457,4,A peaceful and spiritually uplifting destination. Visiting Hazur Sahib Nanded was amazing.
4135,1379,265,5,A historical wonder with rich heritage and architecture! Visiting Nanded Fort was amazing.
4136,1379,1768,5,A historical wonder with rich heritage and architecture! Visiting Nanded Fort was amazing.
4137,1379,242,2,A historical wonder with rich heritage and architecture! Visiting Nanded Fort was amazing.
4138,1380,933,4,A historical wonder with rich heritage and architecture! Visiting Kandhar Fort was amazing.
4139,1380,67,2,A historical wonder with rich heritage and architecture! Visiting Kandhar Fort was amazing.
4140,1380,1934,5,A historical wonder with rich heritage and architecture! Visiting Kandhar Fort was amazing.
4141,1381,757,1,A peaceful and spiritually uplifting destination. Visiting Aundha Nagnath Jyotirlinga was amazing.
4142,1381,1233,4,A peaceful and spiritually uplifting destination. Visiting Aundha Nagnath Jyotirlinga was amazing.
4143,1381,226,1,A peaceful and spiritually uplifting destination. Visiting Aundha Nagnath Jyotirlinga was amazing.
4144,1382,757,5,A peaceful and spiritually uplifting destination. Visiting Parli Vaijnath Jyotirlinga was amazing.
4145,1382,594,1,A peaceful and spiritually uplifting destination. Visiting Parli Vaijnath Jyotirlinga was amazing.
4146,1382,1071,2,A peaceful and spiritually uplifting destination. Visiting Parli Vaijnath Jyotirlinga was amazing.
4147,1383,242,3,A peaceful and spiritually uplifting destination. Visiting Kankaleshwar Temple was amazing.
4148,1383,625,3,A peaceful and spiritually uplifting destination. Visiting Kankaleshwar Temple was amazing.
4149,1383,622,3,A peaceful and spiritually uplifting destination. Visiting Kankaleshwar Temple was amazing.
4150,1384,996,1,A historical wonder with rich heritage and architecture! Visiting Dharur Fort was amazing.
4151,1384,1621,2,A historical wonder with rich heritage and architecture! Visiting Dharur Fort was amazing.
4152,1384,292,5,A historical wonder with rich heritage and architecture! Visiting Dharur Fort was amazing.
4153,1385,864,1,A peaceful and spiritually uplifting destination. Visiting Siddheshwar Temple Solapur was amazing.
4154,1385,1919,3,A peaceful and spiritually uplifting destination. Visiting Siddheshwar Temple Solapur was amazing.
4155,1385,1821,3,A peaceful and spiritually uplifting destination. Visiting Siddheshwar Temple Solapur was amazing.
4156,1386,442,2,A historical wonder with rich heritage and architecture! Visiting Bhuikot Fort Solapur was amazing.
4157,1386,1678,4,A historical wonder with rich heritage and architecture! Visiting Bhuikot Fort Solapur was amazing.
4158,1386,5,1,A historical wonder with rich heritage and architecture! Visiting Bhuikot Fort Solapur was amazing.
4159,1387,1122,3,An exciting wildlife experience close to nature! Visiting Great Indian Bustard Sanctuary was amazing.
4160,1387,139,1,An exciting wildlife experience close to nature! Visiting Great Indian Bustard Sanctuary was amazing.
4161,1387,856,4,An exciting wildlife experience close to nature! Visiting Great Indian Bustard Sanctuary was amazing.
4162,1388,1174,3,A peaceful and spiritually uplifting destination. Visiting Pandharpur Vitthal Temple was amazing.
4163,1388,1159,4,A peaceful and spiritually uplifting destination. Visiting Pandharpur Vitthal Temple was amazing.
4164,1388,1844,3,A peaceful and spiritually uplifting destination. Visiting Pandharpur Vitthal Temple was amazing.
4165,1389,1601,4,A peaceful and spiritually uplifting destination. Visiting Tuljapur Bhavani Temple was amazing.
4166,1389,974,5,A peaceful and spiritually uplifting destination. Visiting Tuljapur Bhavani Temple was amazing.
4167,1389,272,2,A peaceful and spiritually uplifting destination. Visiting Tuljapur Bhavani Temple was amazing.
4168,1390,1034,4,A historical wonder with rich heritage and architecture! Visiting Dharashiv Caves was amazing.
4169,1390,1560,4,A historical wonder with rich heritage and architecture! Visiting Dharashiv Caves was amazing.
4170,1390,1367,4,A historical wonder with rich heritage and architecture! Visiting Dharashiv Caves was amazing.
4171,1391,306,3,A historical wonder with rich heritage and architecture! Visiting Paranda Fort was amazing.
4172,1391,183,5,A historical wonder with rich heritage and architecture! Visiting Paranda Fort was amazing.
4173,1391,1361,5,A historical wonder with rich heritage and architecture! Visiting Paranda Fort was amazing.
4174,1392,839,4,A historical wonder with rich heritage and architecture! Visiting Naldurg Fort was amazing.
4175,1392,477,4,A historical wonder with rich heritage and architecture! Visiting Naldurg Fort was amazing.
4176,1392,695,5,A historical wonder with rich heritage and architecture! Visiting Naldurg Fort was amazing.
4177,1393,94,4,Thrilling adventure activities and excitement! Visiting Kalsubai Peak was amazing.
4178,1393,1508,3,Thrilling adventure activities and excitement! Visiting Kalsubai Peak was amazing.
4179,1393,1323,1,Thrilling adventure activities and excitement! Visiting Kalsubai Peak was amazing.
4180,1394,1774,2,Incredible natural beauty with scenic landscapes! Visiting Arthur Lake was amazing.
4181,1394,1449,1,Incredible natural beauty with scenic landscapes! Visiting Arthur Lake was amazing.
4182,1394,1172,3,Incredible natural beauty with scenic landscapes! Visiting Arthur Lake was amazing.
4183,1395,1150,1,A wonderful and memorable travel experience! Visiting Wilson Dam Bhandardara was amazing.
4184,1395,1319,5,A wonderful and memorable travel experience! Visiting Wilson Dam Bhandardara was amazing.
4185,1395,175,2,A wonderful and memorable travel experience! Visiting Wilson Dam Bhandardara was amazing.
4186,1396,1957,5,Incredible natural beauty with scenic landscapes! Visiting Randha Falls was amazing.
4187,1396,1110,5,Incredible natural beauty with scenic landscapes! Visiting Randha Falls was amazing.
4188,1396,1552,1,Incredible natural beauty with scenic landscapes! Visiting Randha Falls was amazing.
4189,1397,1961,5,Thrilling adventure activities and excitement! Visiting Sandhan Valley was amazing.
4190,1397,1069,2,Thrilling adventure activities and excitement! Visiting Sandhan Valley was amazing.
4191,1397,1538,4,Thrilling adventure activities and excitement! Visiting Sandhan Valley was amazing.
4192,1398,1030,1,A historical wonder with rich heritage and architecture! Visiting Ratangad Fort was amazing.
4193,1398,247,5,A historical wonder with rich heritage and architecture! Visiting Ratangad Fort was amazing.
4194,1398,369,1,A historical wonder with rich heritage and architecture! Visiting Ratangad Fort was amazing.
4195,1399,564,2,Thrilling adventure activities and excitement! Visiting Harishchandragad Fort was amazing.
4196,1399,503,5,Thrilling adventure activities and excitement! Visiting Harishchandragad Fort was amazing.
4197,1399,910,1,Thrilling adventure activities and excitement! Visiting Harishchandragad Fort was amazing.
4198,1400,1653,5,A historical wonder with rich heritage and architecture! Visiting Ahmednagar Fort was amazing.
4199,1400,1243,3,A historical wonder with rich heritage and architecture! Visiting Ahmednagar Fort was amazing.
4200,1400,823,5,A historical wonder with rich heritage and architecture! Visiting Ahmednagar Fort was amazing.
4201,1401,93,4,A historical wonder with rich heritage and architecture! Visiting Chand Minar Daulatabad was amazing.
4202,1401,1766,1,A historical wonder with rich heritage and architecture! Visiting Chand Minar Daulatabad was amazing.
4203,1401,697,4,A historical wonder with rich heritage and architecture! Visiting Chand Minar Daulatabad was amazing.
4204,1402,370,4,Incredible natural beauty with scenic landscapes! Visiting Pashan Lake was amazing.
4205,1402,50,5,Incredible natural beauty with scenic landscapes! Visiting Pashan Lake was amazing.
4206,1402,650,4,Incredible natural beauty with scenic landscapes! Visiting Pashan Lake was amazing.
4207,1403,527,1,Incredible natural beauty with scenic landscapes! Visiting Khadevasla Dam was amazing.
4208,1403,235,1,Incredible natural beauty with scenic landscapes! Visiting Khadevasla Dam was amazing.
4209,1403,1110,2,Incredible natural beauty with scenic landscapes! Visiting Khadevasla Dam was amazing.
4210,1404,585,2,A wonderful and memorable travel experience! Visiting Panshet Dam was amazing.
4211,1404,375,3,A wonderful and memorable travel experience! Visiting Panshet Dam was amazing.
4212,1404,1574,1,A wonderful and memorable travel experience! Visiting Panshet Dam was amazing.
4213,1405,316,3,A wonderful and memorable travel experience! Visiting Varasgaon Dam was amazing.
4214,1405,1951,4,A wonderful and memorable travel experience! Visiting Varasgaon Dam was amazing.
4215,1405,1390,2,A wonderful and memorable travel experience! Visiting Varasgaon Dam was amazing.
4216,1406,121,5,A wonderful and memorable travel experience! Visiting Lavad Lake City was amazing.
4217,1406,1969,3,A wonderful and memorable travel experience! Visiting Lavad Lake City was amazing.
4218,1406,372,1,A wonderful and memorable travel experience! Visiting Lavad Lake City was amazing.
4219,1407,1461,1,A wonderful and memorable travel experience! Visiting Temghar Dam was amazing.
4220,1407,611,4,A wonderful and memorable travel experience! Visiting Temghar Dam was amazing.
4221,1407,203,3,A wonderful and memorable travel experience! Visiting Temghar Dam was amazing.
4222,1408,292,4,A peaceful and spiritually uplifting destination. Visiting Parvati Hill was amazing.
4223,1408,1829,3,A peaceful and spiritually uplifting destination. Visiting Parvati Hill was amazing.
4224,1408,529,4,A peaceful and spiritually uplifting destination. Visiting Parvati Hill was amazing.
4225,1409,1929,1,Incredible natural beauty with scenic landscapes! Visiting Saras Baug was amazing.
4226,1409,107,2,Incredible natural beauty with scenic landscapes! Visiting Saras Baug was amazing.
4227,1409,491,5,Incredible natural beauty with scenic landscapes! Visiting Saras Baug was amazing.
4228,1410,1201,2,Incredible natural beauty with scenic landscapes! Visiting Okayama Friendship Garden was amazing.
4229,1410,1010,5,Incredible natural beauty with scenic landscapes! Visiting Okayama Friendship Garden was amazing.
4230,1410,1541,5,Incredible natural beauty with scenic landscapes! Visiting Okayama Friendship Garden was amazing.
4231,1411,789,1,A peaceful and spiritually uplifting destination. Visiting Chaturshringi Temple was amazing.
4232,1411,552,1,A peaceful and spiritually uplifting destination. Visiting Chaturshringi Temple was amazing.
4233,1411,652,4,A peaceful and spiritually uplifting destination. Visiting Chaturshringi Temple was amazing.
4234,1412,1133,4,A historical wonder with rich heritage and architecture! Visiting Pataleshwar Cave Temple was amazing.
4235,1412,135,4,A historical wonder with rich heritage and architecture! Visiting Pataleshwar Cave Temple was amazing.
4236,1412,60,4,A historical wonder with rich heritage and architecture! Visiting Pataleshwar Cave Temple was amazing.
4237,1413,1298,2,A wonderful and memorable travel experience! Visiting Pune Tribal Museum was amazing.
4238,1413,1872,1,A wonderful and memorable travel experience! Visiting Pune Tribal Museum was amazing.
4239,1413,552,5,A wonderful and memorable travel experience! Visiting Pune Tribal Museum was amazing.
4240,1414,1974,5,A historical wonder with rich heritage and architecture! Visiting Aga Khan Palace was amazing.
4241,1414,1383,1,A historical wonder with rich heritage and architecture! Visiting Aga Khan Palace was amazing.
4242,1414,505,5,A historical wonder with rich heritage and architecture! Visiting Aga Khan Palace was amazing.
4243,1415,1335,2,Incredible natural beauty with scenic landscapes! Visiting Bund Garden was amazing.
4244,1415,624,5,Incredible natural beauty with scenic landscapes! Visiting Bund Garden was amazing.
4245,1415,834,4,Incredible natural beauty with scenic landscapes! Visiting Bund Garden was amazing.
4246,1416,172,5,Incredible natural beauty with scenic landscapes! Visiting Empress Garden was amazing.
4247,1416,417,2,Incredible natural beauty with scenic landscapes! Visiting Empress Garden was amazing.
4248,1416,765,5,Incredible natural beauty with scenic landscapes! Visiting Empress Garden was amazing.
4249,1417,345,2,A wonderful and memorable travel experience! Visiting National Defence Academy (NDA) was amazing.
4250,1417,1101,4,A wonderful and memorable travel experience! Visiting National Defence Academy (NDA) was amazing.
4251,1417,1969,5,A wonderful and memorable travel experience! Visiting National Defence Academy (NDA) was amazing.
4252,1418,926,1,A wonderful and memorable travel experience! Visiting IUCAA Science Park was amazing.
4253,1418,3,4,A wonderful and memorable travel experience! Visiting IUCAA Science Park was amazing.
4254,1418,1969,5,A wonderful and memorable travel experience! Visiting IUCAA Science Park was amazing.
4255,1419,593,2,A wonderful and memorable travel experience! Visiting FC Road Shopping was amazing.
4256,1419,2,1,A wonderful and memorable travel experience! Visiting FC Road Shopping was amazing.
4257,1419,1912,4,A wonderful and memorable travel experience! Visiting FC Road Shopping was amazing.
4258,1420,560,5,A wonderful and memorable travel experience! Visiting Tulsi Baug Market was amazing.
4259,1420,514,4,A wonderful and memorable travel experience! Visiting Tulsi Baug Market was amazing.
4260,1420,720,2,A wonderful and memorable travel experience! Visiting Tulsi Baug Market was amazing.
4261,1421,1199,5,A historical wonder with rich heritage and architecture! Visiting Mahabalipuram Shore Temple was amazing.
4262,1421,577,1,A historical wonder with rich heritage and architecture! Visiting Mahabalipuram Shore Temple was amazing.
4263,1421,331,5,A historical wonder with rich heritage and architecture! Visiting Mahabalipuram Shore Temple was amazing.
4264,1422,1154,1,A historical wonder with rich heritage and architecture! Visiting Five Rathas Complex was amazing.
4265,1422,616,1,A historical wonder with rich heritage and architecture! Visiting Five Rathas Complex was amazing.
4266,1422,810,1,A historical wonder with rich heritage and architecture! Visiting Five Rathas Complex was amazing.
4267,1423,1701,2,A historical wonder with rich heritage and architecture! Visiting Arjuna's Penance Bas Relief was amazing.
4268,1423,1485,5,A historical wonder with rich heritage and architecture! Visiting Arjuna's Penance Bas Relief was amazing.
4269,1423,573,4,A historical wonder with rich heritage and architecture! Visiting Arjuna's Penance Bas Relief was amazing.
4270,1424,432,5,Incredible natural beauty with scenic landscapes! Visiting Krishna's Butter Ball was amazing.
4271,1424,1034,3,Incredible natural beauty with scenic landscapes! Visiting Krishna's Butter Ball was amazing.
4272,1424,1811,3,Incredible natural beauty with scenic landscapes! Visiting Krishna's Butter Ball was amazing.
4273,1425,1301,3,Loved the beaches and relaxing coastal vibes! Visiting Mahabalipuram Beach was amazing.
4274,1425,1542,4,Loved the beaches and relaxing coastal vibes! Visiting Mahabalipuram Beach was amazing.
4275,1425,560,2,Loved the beaches and relaxing coastal vibes! Visiting Mahabalipuram Beach was amazing.
4276,1426,1357,3,A wonderful and memorable travel experience! Visiting India Seashell Museum was amazing.
4277,1426,700,2,A wonderful and memorable travel experience! Visiting India Seashell Museum was amazing.
4278,1426,942,5,A wonderful and memorable travel experience! Visiting India Seashell Museum was amazing.
4279,1427,673,1,An exciting wildlife experience close to nature! Visiting Crocodile Bank Trust was amazing.
4280,1427,1872,2,An exciting wildlife experience close to nature! Visiting Crocodile Bank Trust was amazing.
4281,1427,1324,1,An exciting wildlife experience close to nature! Visiting Crocodile Bank Trust was amazing.
4282,1428,1247,4,A historical wonder with rich heritage and architecture! Visiting Tiger Cave Mahabalipuram was amazing.
4283,1428,9,1,A historical wonder with rich heritage and architecture! Visiting Tiger Cave Mahabalipuram was amazing.
4284,1428,1378,2,A historical wonder with rich heritage and architecture! Visiting Tiger Cave Mahabalipuram was amazing.
4285,1429,847,5,A historical wonder with rich heritage and architecture! Visiting Sadras Fort was amazing.
4286,1429,1834,4,A historical wonder with rich heritage and architecture! Visiting Sadras Fort was amazing.
4287,1429,1562,4,A historical wonder with rich heritage and architecture! Visiting Sadras Fort was amazing.
4288,1430,1103,1,A historical wonder with rich heritage and architecture! Visiting Alamparai Fort Ruins was amazing.
4289,1430,1613,1,A historical wonder with rich heritage and architecture! Visiting Alamparai Fort Ruins was amazing.
4290,1430,1104,1,A historical wonder with rich heritage and architecture! Visiting Alamparai Fort Ruins was amazing.
4291,1431,1828,4,An exciting wildlife experience close to nature! Visiting Vedanthangal Bird Sanctuary was amazing.
4292,1431,1377,1,An exciting wildlife experience close to nature! Visiting Vedanthangal Bird Sanctuary was amazing.
4293,1431,723,4,An exciting wildlife experience close to nature! Visiting Vedanthangal Bird Sanctuary was amazing.
4294,1432,1695,5,An exciting wildlife experience close to nature! Visiting Karikili Bird Sanctuary was amazing.
4295,1432,734,4,An exciting wildlife experience close to nature! Visiting Karikili Bird Sanctuary was amazing.
4296,1432,363,1,An exciting wildlife experience close to nature! Visiting Karikili Bird Sanctuary was amazing.
4297,1433,256,4,Incredible natural beauty with scenic landscapes! Visiting Madurantakam Tank was amazing.
4298,1433,759,2,Incredible natural beauty with scenic landscapes! Visiting Madurantakam Tank was amazing.
4299,1433,911,1,Incredible natural beauty with scenic landscapes! Visiting Madurantakam Tank was amazing.
4300,1434,454,1,Incredible natural beauty with scenic landscapes! Visiting Palavereekadu (Pulicat Lake) was amazing.
4301,1434,1554,3,Incredible natural beauty with scenic landscapes! Visiting Palavereekadu (Pulicat Lake) was amazing.
4302,1434,1394,3,Incredible natural beauty with scenic landscapes! Visiting Palavereekadu (Pulicat Lake) was amazing.
4303,1435,393,1,A historical wonder with rich heritage and architecture! Visiting Pazhaverkadu Lighthouse was amazing.
4304,1435,1672,5,A historical wonder with rich heritage and architecture! Visiting Pazhaverkadu Lighthouse was amazing.
4305,1435,1281,3,A historical wonder with rich heritage and architecture! Visiting Pazhaverkadu Lighthouse was amazing.
4306,1436,1656,2,A wonderful and memorable travel experience! Visiting Sri City SEZ View was amazing.
4307,1436,480,4,A wonderful and memorable travel experience! Visiting Sri City SEZ View was amazing.
4308,1436,1982,3,A wonderful and memorable travel experience! Visiting Sri City SEZ View was amazing.
4309,1437,76,3,A peaceful and spiritually uplifting destination. Visiting Tiruttani Murugan Temple was amazing.
4310,1437,1010,5,A peaceful and spiritually uplifting destination. Visiting Tiruttani Murugan Temple was amazing.
4311,1437,429,1,A peaceful and spiritually uplifting destination. Visiting Tiruttani Murugan Temple was amazing.
4312,1438,402,4,A peaceful and spiritually uplifting destination. Visiting Kanchipuram Kailasanathar Temple was amazing.
4313,1438,228,3,A peaceful and spiritually uplifting destination. Visiting Kanchipuram Kailasanathar Temple was amazing.
4314,1438,1166,5,A peaceful and spiritually uplifting destination. Visiting Kanchipuram Kailasanathar Temple was amazing.
4315,1439,1012,2,A peaceful and spiritually uplifting destination. Visiting Ekambareswarar Temple was amazing.
4316,1439,1131,2,A peaceful and spiritually uplifting destination. Visiting Ekambareswarar Temple was amazing.
4317,1439,1352,5,A peaceful and spiritually uplifting destination. Visiting Ekambareswarar Temple was amazing.
4318,1440,1377,5,A peaceful and spiritually uplifting destination. Visiting Varadharaja Perumal Temple was amazing.
4319,1440,1158,2,A peaceful and spiritually uplifting destination. Visiting Varadharaja Perumal Temple was amazing.
4320,1440,134,5,A peaceful and spiritually uplifting destination. Visiting Varadharaja Perumal Temple was amazing.
4321,1441,263,1,A peaceful and spiritually uplifting destination. Visiting Kamakshi Amman Temple was amazing.
4322,1441,261,3,A peaceful and spiritually uplifting destination. Visiting Kamakshi Amman Temple was amazing.
4323,1441,1912,5,A peaceful and spiritually uplifting destination. Visiting Kamakshi Amman Temple was amazing.
4324,1442,1753,2,A peaceful and spiritually uplifting destination. Visiting Vaikuntha Perumal Temple was amazing.
4325,1442,1805,5,A peaceful and spiritually uplifting destination. Visiting Vaikuntha Perumal Temple was amazing.
4326,1442,1493,3,A peaceful and spiritually uplifting destination. Visiting Vaikuntha Perumal Temple was amazing.
4327,1443,393,1,A peaceful and spiritually uplifting destination. Visiting Ulagalantha Perumal Temple was amazing.
4328,1443,1987,5,A peaceful and spiritually uplifting destination. Visiting Ulagalantha Perumal Temple was amazing.
4329,1443,1259,3,A peaceful and spiritually uplifting destination. Visiting Ulagalantha Perumal Temple was amazing.
4330,1444,1395,5,A wonderful and memorable travel experience! Visiting Silk Weaving Centers was amazing.
4331,1444,1809,4,A wonderful and memorable travel experience! Visiting Silk Weaving Centers was amazing.
4332,1444,5,4,A wonderful and memorable travel experience! Visiting Silk Weaving Centers was amazing.
4333,1445,1313,1,A peaceful and spiritually uplifting destination. Visiting Vellore Golden Temple was amazing.
4334,1445,1749,3,A peaceful and spiritually uplifting destination. Visiting Vellore Golden Temple was amazing.
4335,1445,886,4,A peaceful and spiritually uplifting destination. Visiting Vellore Golden Temple was amazing.
4336,1446,562,1,A historical wonder with rich heritage and architecture! Visiting Vellore Fort and Museum was amazing.
4337,1446,1393,5,A historical wonder with rich heritage and architecture! Visiting Vellore Fort and Museum was amazing.
4338,1446,956,4,A historical wonder with rich heritage and architecture! Visiting Vellore Fort and Museum was amazing.
4339,1447,741,5,A peaceful and spiritually uplifting destination. Visiting Jalankandeswarar Temple was amazing.
4340,1447,1555,1,A peaceful and spiritually uplifting destination. Visiting Jalankandeswarar Temple was amazing.
4341,1447,1811,2,A peaceful and spiritually uplifting destination. Visiting Jalankandeswarar Temple was amazing.
4342,1448,97,3,An exciting wildlife experience close to nature! Visiting Amirthi Zoological Park was amazing.
4343,1448,1881,4,An exciting wildlife experience close to nature! Visiting Amirthi Zoological Park was amazing.
4344,1448,1091,4,An exciting wildlife experience close to nature! Visiting Amirthi Zoological Park was amazing.
4345,1449,648,1,A wonderful and memorable travel experience! Visiting Yelagiri Punganoor Lake was amazing.
4346,1449,803,2,A wonderful and memorable travel experience! Visiting Yelagiri Punganoor Lake was amazing.
4347,1449,686,1,A wonderful and memorable travel experience! Visiting Yelagiri Punganoor Lake was amazing.
4348,1450,1803,5,Incredible natural beauty with scenic landscapes! Visiting Nature Park Yelagiri was amazing.
4349,1450,1655,1,Incredible natural beauty with scenic landscapes! Visiting Nature Park Yelagiri was amazing.
4350,1450,1511,2,Incredible natural beauty with scenic landscapes! Visiting Nature Park Yelagiri was amazing.
4351,1451,1413,4,Thrilling adventure activities and excitement! Visiting Swamimalai Hills was amazing.
4352,1451,1962,1,Thrilling adventure activities and excitement! Visiting Swamimalai Hills was amazing.
4353,1451,1879,2,Thrilling adventure activities and excitement! Visiting Swamimalai Hills was amazing.
4354,1452,404,2,Incredible natural beauty with scenic landscapes! Visiting Jalagamparai Waterfalls was amazing.
4355,1452,675,3,Incredible natural beauty with scenic landscapes! Visiting Jalagamparai Waterfalls was amazing.
4356,1452,129,1,Incredible natural beauty with scenic landscapes! Visiting Jalagamparai Waterfalls was amazing.
4357,1453,58,4,Pleasant weather and stunning hill views! Visiting Jawadhu Hills was amazing.
4358,1453,885,1,Pleasant weather and stunning hill views! Visiting Jawadhu Hills was amazing.
4359,1453,1214,3,Pleasant weather and stunning hill views! Visiting Jawadhu Hills was amazing.
4360,1454,1722,3,Incredible natural beauty with scenic landscapes! Visiting Beemanmadavu Waterfalls was amazing.
4361,1454,507,1,Incredible natural beauty with scenic landscapes! Visiting Beemanmadavu Waterfalls was amazing.
4362,1454,970,2,Incredible natural beauty with scenic landscapes! Visiting Beemanmadavu Waterfalls was amazing.
4363,1455,1964,3,A wonderful and memorable travel experience! Visiting Vainu Bappu Observatory was amazing.
4364,1455,1705,1,A wonderful and memorable travel experience! Visiting Vainu Bappu Observatory was amazing.
4365,1455,1683,3,A wonderful and memorable travel experience! Visiting Vainu Bappu Observatory was amazing.
4366,1456,1065,2,A wonderful and memorable travel experience! Visiting Sathanur Dam was amazing.
4367,1456,1933,1,A wonderful and memorable travel experience! Visiting Sathanur Dam was amazing.
4368,1456,1589,5,A wonderful and memorable travel experience! Visiting Sathanur Dam was amazing.
4369,1457,1269,4,A peaceful and spiritually uplifting destination. Visiting Annamalaiyar Temple was amazing.
4370,1457,1565,1,A peaceful and spiritually uplifting destination. Visiting Annamalaiyar Temple was amazing.
4371,1457,1281,4,A peaceful and spiritually uplifting destination. Visiting Annamalaiyar Temple was amazing.
4372,1458,1186,1,A peaceful and spiritually uplifting destination. Visiting Virupaksha Cave was amazing.
4373,1458,176,1,A peaceful and spiritually uplifting destination. Visiting Virupaksha Cave was amazing.
4374,1458,1878,1,A peaceful and spiritually uplifting destination. Visiting Virupaksha Cave was amazing.
4375,1459,773,3,A peaceful and spiritually uplifting destination. Visiting Skandashramam was amazing.
4376,1459,1823,1,A peaceful and spiritually uplifting destination. Visiting Skandashramam was amazing.
4377,1459,1603,2,A peaceful and spiritually uplifting destination. Visiting Skandashramam was amazing.
4378,1460,127,4,A peaceful and spiritually uplifting destination. Visiting Ramana Ashram was amazing.
4379,1460,113,3,A peaceful and spiritually uplifting destination. Visiting Ramana Ashram was amazing.
4380,1460,1251,4,A peaceful and spiritually uplifting destination. Visiting Ramana Ashram was amazing.
4381,1461,135,1,A historical wonder with rich heritage and architecture! Visiting Gingee Fort (Senji Fort) was amazing.
4382,1461,1388,1,A historical wonder with rich heritage and architecture! Visiting Gingee Fort (Senji Fort) was amazing.
4383,1461,1146,1,A historical wonder with rich heritage and architecture! Visiting Gingee Fort (Senji Fort) was amazing.
4384,1462,604,4,A historical wonder with rich heritage and architecture! Visiting Rajagiri Fort was amazing.
4385,1462,823,1,A historical wonder with rich heritage and architecture! Visiting Rajagiri Fort was amazing.
4386,1462,1265,4,A historical wonder with rich heritage and architecture! Visiting Rajagiri Fort was amazing.
4387,1463,478,5,A historical wonder with rich heritage and architecture! Visiting Krishnagiri Fort was amazing.
4388,1463,1613,5,A historical wonder with rich heritage and architecture! Visiting Krishnagiri Fort was amazing.
4389,1463,22,4,A historical wonder with rich heritage and architecture! Visiting Krishnagiri Fort was amazing.
4390,1464,787,4,A peaceful and spiritually uplifting destination. Visiting Venkataramana Temple was amazing.
4391,1464,1629,4,A peaceful and spiritually uplifting destination. Visiting Venkataramana Temple was amazing.
4392,1464,1803,5,A peaceful and spiritually uplifting destination. Visiting Venkataramana Temple was amazing.
4393,1465,1269,1,Incredible natural beauty with scenic landscapes! Visiting Pichavaram Mangroves was amazing.
4394,1465,696,1,Incredible natural beauty with scenic landscapes! Visiting Pichavaram Mangroves was amazing.
4395,1465,930,5,Incredible natural beauty with scenic landscapes! Visiting Pichavaram Mangroves was amazing.
4396,1466,673,5,A peaceful and spiritually uplifting destination. Visiting Chidambaram Nataraja Temple was amazing.
4397,1466,395,1,A peaceful and spiritually uplifting destination. Visiting Chidambaram Nataraja Temple was amazing.
4398,1466,211,1,A peaceful and spiritually uplifting destination. Visiting Chidambaram Nataraja Temple was amazing.
4399,1467,1219,1,A wonderful and memorable travel experience! Visiting Annamalai University Museum was amazing.
4400,1467,1215,2,A wonderful and memorable travel experience! Visiting Annamalai University Museum was amazing.
4401,1467,1853,5,A wonderful and memorable travel experience! Visiting Annamalai University Museum was amazing.
4402,1468,259,5,Loved the beaches and relaxing coastal vibes! Visiting Poompuhar Beach was amazing.
4403,1468,525,3,Loved the beaches and relaxing coastal vibes! Visiting Poompuhar Beach was amazing.
4404,1468,863,4,Loved the beaches and relaxing coastal vibes! Visiting Poompuhar Beach was amazing.
4405,1469,1485,5,A peaceful and spiritually uplifting destination. Visiting Sarangapani Temple was amazing.
4406,1469,911,2,A peaceful and spiritually uplifting destination. Visiting Sarangapani Temple was amazing.
4407,1469,498,2,A peaceful and spiritually uplifting destination. Visiting Sarangapani Temple was amazing.
4408,1470,1633,1,A peaceful and spiritually uplifting destination. Visiting Kumbeshwara Temple was amazing.
4409,1470,124,2,A peaceful and spiritually uplifting destination. Visiting Kumbeshwara Temple was amazing.
4410,1470,639,5,A peaceful and spiritually uplifting destination. Visiting Kumbeshwara Temple was amazing.
4411,1471,893,5,A historical wonder with rich heritage and architecture! Visiting Airavatesvara Temple was amazing.
4412,1471,1966,3,A historical wonder with rich heritage and architecture! Visiting Airavatesvara Temple was amazing.
4413,1471,638,5,A historical wonder with rich heritage and architecture! Visiting Airavatesvara Temple was amazing.
4414,1472,1813,5,A peaceful and spiritually uplifting destination. Visiting Swamimalai Murugan Temple was amazing.
4415,1472,1589,2,A peaceful and spiritually uplifting destination. Visiting Swamimalai Murugan Temple was amazing.
4416,1472,302,4,A peaceful and spiritually uplifting destination. Visiting Swamimalai Murugan Temple was amazing.
4417,1473,633,5,A peaceful and spiritually uplifting destination. Visiting Uppiliappan Temple was amazing.
4418,1473,703,3,A peaceful and spiritually uplifting destination. Visiting Uppiliappan Temple was amazing.
4419,1473,756,1,A peaceful and spiritually uplifting destination. Visiting Uppiliappan Temple was amazing.
4420,1474,1061,5,A peaceful and spiritually uplifting destination. Visiting Mahamaham Tank was amazing.
4421,1474,1347,2,A peaceful and spiritually uplifting destination. Visiting Mahamaham Tank was amazing.
4422,1474,118,2,A peaceful and spiritually uplifting destination. Visiting Mahamaham Tank was amazing.
4423,1475,1039,5,A historical wonder with rich heritage and architecture! Visiting Gangaikonda Cholapuram was amazing.
4424,1475,1759,1,A historical wonder with rich heritage and architecture! Visiting Gangaikonda Cholapuram was amazing.
4425,1475,865,3,A historical wonder with rich heritage and architecture! Visiting Gangaikonda Cholapuram was amazing.
4426,1476,401,2,A peaceful and spiritually uplifting destination. Visiting Brihadeeswarar Temple was amazing.
4427,1476,1312,2,A peaceful and spiritually uplifting destination. Visiting Brihadeeswarar Temple was amazing.
4428,1476,1609,1,A peaceful and spiritually uplifting destination. Visiting Brihadeeswarar Temple was amazing.
4429,1477,700,2,A historical wonder with rich heritage and architecture! Visiting Thanjavur Maratha Palace was amazing.
4430,1477,1368,4,A historical wonder with rich heritage and architecture! Visiting Thanjavur Maratha Palace was amazing.
4431,1477,1423,4,A historical wonder with rich heritage and architecture! Visiting Thanjavur Maratha Palace was amazing.
4432,1478,1229,3,A wonderful and memorable travel experience! Visiting Saraswathi Mahal Library was amazing.
4433,1478,1745,5,A wonderful and memorable travel experience! Visiting Saraswathi Mahal Library was amazing.
4434,1478,1160,3,A wonderful and memorable travel experience! Visiting Saraswathi Mahal Library was amazing.
4435,1479,1262,3,A peaceful and spiritually uplifting destination. Visiting Schwartz Church was amazing.
4436,1479,858,3,A peaceful and spiritually uplifting destination. Visiting Schwartz Church was amazing.
4437,1479,333,1,A peaceful and spiritually uplifting destination. Visiting Schwartz Church was amazing.
4438,1480,931,1,Incredible natural beauty with scenic landscapes! Visiting Sivaganga Park was amazing.
4439,1480,1016,2,Incredible natural beauty with scenic landscapes! Visiting Sivaganga Park was amazing.
4440,1480,1885,1,Incredible natural beauty with scenic landscapes! Visiting Sivaganga Park was amazing.
4441,1481,1309,2,A historical wonder with rich heritage and architecture! Visiting Manora Fort was amazing.
4442,1481,1420,2,A historical wonder with rich heritage and architecture! Visiting Manora Fort was amazing.
4443,1481,956,5,A historical wonder with rich heritage and architecture! Visiting Manora Fort was amazing.
4444,1482,437,2,Loved the beaches and relaxing coastal vibes! Visiting Tranquebar (Tharangambadi) Beach was amazing.
4445,1482,985,3,Loved the beaches and relaxing coastal vibes! Visiting Tranquebar (Tharangambadi) Beach was amazing.
4446,1482,1654,4,Loved the beaches and relaxing coastal vibes! Visiting Tranquebar (Tharangambadi) Beach was amazing.
4447,1483,421,4,A historical wonder with rich heritage and architecture! Visiting Fort Dansborg was amazing.
4448,1483,378,1,A historical wonder with rich heritage and architecture! Visiting Fort Dansborg was amazing.
4449,1483,744,1,A historical wonder with rich heritage and architecture! Visiting Fort Dansborg was amazing.
4450,1484,152,3,A peaceful and spiritually uplifting destination. Visiting Velankanni Basilica was amazing.
4451,1484,62,5,A peaceful and spiritually uplifting destination. Visiting Velankanni Basilica was amazing.
4452,1484,236,2,A peaceful and spiritually uplifting destination. Visiting Velankanni Basilica was amazing.
4453,1485,596,4,A peaceful and spiritually uplifting destination. Visiting Nagore Dargah was amazing.
4454,1485,399,5,A peaceful and spiritually uplifting destination. Visiting Nagore Dargah was amazing.
4455,1485,1870,3,A peaceful and spiritually uplifting destination. Visiting Nagore Dargah was amazing.
4456,1486,90,1,An exciting wildlife experience close to nature! Visiting Point Calimere Sanctuary was amazing.
4457,1486,408,2,An exciting wildlife experience close to nature! Visiting Point Calimere Sanctuary was amazing.
4458,1486,582,2,An exciting wildlife experience close to nature! Visiting Point Calimere Sanctuary was amazing.
4459,1487,449,3,Incredible natural beauty with scenic landscapes! Visiting Muthupet Mangroves was amazing.
4460,1487,1473,2,Incredible natural beauty with scenic landscapes! Visiting Muthupet Mangroves was amazing.
4461,1487,696,5,Incredible natural beauty with scenic landscapes! Visiting Muthupet Mangroves was amazing.
4462,1488,504,2,A peaceful and spiritually uplifting destination. Visiting Tiruvarur Thyagaraja Temple was amazing.
4463,1488,402,1,A peaceful and spiritually uplifting destination. Visiting Tiruvarur Thyagaraja Temple was amazing.
4464,1488,361,3,A peaceful and spiritually uplifting destination. Visiting Tiruvarur Thyagaraja Temple was amazing.
4465,1489,1866,1,A peaceful and spiritually uplifting destination. Visiting Rockfort Temple (Ucchi Pillayar) was amazing.
4466,1489,43,2,A peaceful and spiritually uplifting destination. Visiting Rockfort Temple (Ucchi Pillayar) was amazing.
4467,1489,777,1,A peaceful and spiritually uplifting destination. Visiting Rockfort Temple (Ucchi Pillayar) was amazing.
4468,1490,694,2,A peaceful and spiritually uplifting destination. Visiting Srirangam Ranganathaswamy was amazing.
4469,1490,625,4,A peaceful and spiritually uplifting destination. Visiting Srirangam Ranganathaswamy was amazing.
4470,1490,492,3,A peaceful and spiritually uplifting destination. Visiting Srirangam Ranganathaswamy was amazing.
4471,1491,1658,3,A peaceful and spiritually uplifting destination. Visiting Jambukeswarar Temple was amazing.
4472,1491,1354,2,A peaceful and spiritually uplifting destination. Visiting Jambukeswarar Temple was amazing.
4473,1491,1928,5,A peaceful and spiritually uplifting destination. Visiting Jambukeswarar Temple was amazing.
4474,1492,1637,5,A peaceful and spiritually uplifting destination. Visiting Samayapuram Mariamman was amazing.
4475,1492,1806,4,A peaceful and spiritually uplifting destination. Visiting Samayapuram Mariamman was amazing.
4476,1492,1799,1,A peaceful and spiritually uplifting destination. Visiting Samayapuram Mariamman was amazing.
4477,1493,243,2,Incredible natural beauty with scenic landscapes! Visiting Mukkombu Dam was amazing.
4478,1493,1808,2,Incredible natural beauty with scenic landscapes! Visiting Mukkombu Dam was amazing.
4479,1493,1628,2,Incredible natural beauty with scenic landscapes! Visiting Mukkombu Dam was amazing.
4480,1494,393,5,A wonderful and memorable travel experience! Visiting Grand Anicut (Kallanai Dam) was amazing.
4481,1494,775,3,A wonderful and memorable travel experience! Visiting Grand Anicut (Kallanai Dam) was amazing.
4482,1494,652,5,A wonderful and memorable travel experience! Visiting Grand Anicut (Kallanai Dam) was amazing.
4483,1495,880,2,A peaceful and spiritually uplifting destination. Visiting St. Lourdes Church was amazing.
4484,1495,1887,1,A peaceful and spiritually uplifting destination. Visiting St. Lourdes Church was amazing.
4485,1495,1563,5,A peaceful and spiritually uplifting destination. Visiting St. Lourdes Church was amazing.
4486,1496,1203,2,Pleasant weather and stunning hill views! Visiting Pachamalai Hills was amazing.
4487,1496,1750,5,Pleasant weather and stunning hill views! Visiting Pachamalai Hills was amazing.
4488,1496,603,2,Pleasant weather and stunning hill views! Visiting Pachamalai Hills was amazing.
4489,1497,672,2,Incredible natural beauty with scenic landscapes! Visiting Puliyancholai Falls was amazing.
4490,1497,110,3,Incredible natural beauty with scenic landscapes! Visiting Puliyancholai Falls was amazing.
4491,1497,1788,2,Incredible natural beauty with scenic landscapes! Visiting Puliyancholai Falls was amazing.
4492,1498,1744,5,An exciting wildlife experience close to nature! Visiting Butterfly Park Srirangam was amazing.
4493,1498,1984,5,An exciting wildlife experience close to nature! Visiting Butterfly Park Srirangam was amazing.
4494,1498,1815,4,An exciting wildlife experience close to nature! Visiting Butterfly Park Srirangam was amazing.
4495,1499,429,1,A historical wonder with rich heritage and architecture! Visiting Malaikkottai (Fort) was amazing.
4496,1499,1607,4,A historical wonder with rich heritage and architecture! Visiting Malaikkottai (Fort) was amazing.
4497,1499,1620,5,A historical wonder with rich heritage and architecture! Visiting Malaikkottai (Fort) was amazing.
4498,1500,133,2,A wonderful and memorable travel experience! Visiting Government Museum Trichy was amazing.
4499,1500,1042,4,A wonderful and memorable travel experience! Visiting Government Museum Trichy was amazing.
4500,1500,1539,5,A wonderful and memorable travel experience! Visiting Government Museum Trichy was amazing.
4501,1501,767,4,A peaceful and spiritually uplifting destination. Visiting Ram Janmabhoomi Mandir was amazing.
4502,1501,1063,4,A peaceful and spiritually uplifting destination. Visiting Ram Janmabhoomi Mandir was amazing.
4503,1501,367,3,A peaceful and spiritually uplifting destination. Visiting Ram Janmabhoomi Mandir was amazing.
4504,1502,1460,3,A peaceful and spiritually uplifting destination. Visiting Hanuman Garhi was amazing.
4505,1502,1077,4,A peaceful and spiritually uplifting destination. Visiting Hanuman Garhi was amazing.
4506,1502,1466,4,A peaceful and spiritually uplifting destination. Visiting Hanuman Garhi was amazing.
4507,1503,971,3,A peaceful and spiritually uplifting destination. Visiting Kanak Bhawan was amazing.
4508,1503,1191,4,A peaceful and spiritually uplifting destination. Visiting Kanak Bhawan was amazing.
4509,1503,1307,5,A peaceful and spiritually uplifting destination. Visiting Kanak Bhawan was amazing.
4510,1504,1331,1,A peaceful and spiritually uplifting destination. Visiting Sarayu Ghat was amazing.
4511,1504,425,2,A peaceful and spiritually uplifting destination. Visiting Sarayu Ghat was amazing.
4512,1504,1833,2,A peaceful and spiritually uplifting destination. Visiting Sarayu Ghat was amazing.
4513,1505,926,2,A historical wonder with rich heritage and architecture! Visiting Gulab Bari was amazing.
4514,1505,811,2,A historical wonder with rich heritage and architecture! Visiting Gulab Bari was amazing.
4515,1505,627,4,A historical wonder with rich heritage and architecture! Visiting Gulab Bari was amazing.
4516,1506,1821,4,A peaceful and spiritually uplifting destination. Visiting Mani Parvat was amazing.
4517,1506,1171,2,A peaceful and spiritually uplifting destination. Visiting Mani Parvat was amazing.
4518,1506,1916,3,A peaceful and spiritually uplifting destination. Visiting Mani Parvat was amazing.
4519,1507,522,5,A historical wonder with rich heritage and architecture! Visiting Chota Imambara was amazing.
4520,1507,174,2,A historical wonder with rich heritage and architecture! Visiting Chota Imambara was amazing.
4521,1507,1540,1,A historical wonder with rich heritage and architecture! Visiting Chota Imambara was amazing.
4522,1508,605,4,A historical wonder with rich heritage and architecture! Visiting Rumi Darwaza was amazing.
4523,1508,1063,3,A historical wonder with rich heritage and architecture! Visiting Rumi Darwaza was amazing.
4524,1508,472,5,A historical wonder with rich heritage and architecture! Visiting Rumi Darwaza was amazing.
4525,1509,85,4,A historical wonder with rich heritage and architecture! Visiting Lucknow Residency Ruins was amazing.
4526,1509,1050,5,A historical wonder with rich heritage and architecture! Visiting Lucknow Residency Ruins was amazing.
4527,1509,689,4,A historical wonder with rich heritage and architecture! Visiting Lucknow Residency Ruins was amazing.
4528,1510,924,4,A wonderful and memorable travel experience! Visiting Ambedkar Memorial Park was amazing.
4529,1510,886,4,A wonderful and memorable travel experience! Visiting Ambedkar Memorial Park was amazing.
4530,1510,753,4,A wonderful and memorable travel experience! Visiting Ambedkar Memorial Park was amazing.
4531,1511,650,3,Incredible natural beauty with scenic landscapes! Visiting Janeshwar Mishra Park was amazing.
4532,1511,784,1,Incredible natural beauty with scenic landscapes! Visiting Janeshwar Mishra Park was amazing.
4533,1511,368,4,Incredible natural beauty with scenic landscapes! Visiting Janeshwar Mishra Park was amazing.
4534,1512,479,3,A wonderful and memorable travel experience! Visiting Hazratganj Shopping Street was amazing.
4535,1512,1322,1,A wonderful and memorable travel experience! Visiting Hazratganj Shopping Street was amazing.
4536,1512,736,1,A wonderful and memorable travel experience! Visiting Hazratganj Shopping Street was amazing.
4537,1513,604,5,An exciting wildlife experience close to nature! Visiting Lucknow Zoo was amazing.
4538,1513,1051,5,An exciting wildlife experience close to nature! Visiting Lucknow Zoo was amazing.
4539,1513,1319,1,An exciting wildlife experience close to nature! Visiting Lucknow Zoo was amazing.
4540,1514,1610,3,A wonderful and memorable travel experience! Visiting Regional Science City was amazing.
4541,1514,1898,2,A wonderful and memorable travel experience! Visiting Regional Science City was amazing.
4542,1514,202,1,A wonderful and memorable travel experience! Visiting Regional Science City was amazing.
4543,1515,147,3,A wonderful and memorable travel experience! Visiting Tunday Kababi Lane was amazing.
4544,1515,79,5,A wonderful and memorable travel experience! Visiting Tunday Kababi Lane was amazing.
4545,1515,411,3,A wonderful and memorable travel experience! Visiting Tunday Kababi Lane was amazing.
4546,1516,403,3,A historical wonder with rich heritage and architecture! Visiting Dilkusha Kothi was amazing.
4547,1516,513,3,A historical wonder with rich heritage and architecture! Visiting Dilkusha Kothi was amazing.
4548,1516,1527,3,A historical wonder with rich heritage and architecture! Visiting Dilkusha Kothi was amazing.
4549,1517,391,5,A wonderful and memorable travel experience! Visiting La Martiniere College was amazing.
4550,1517,283,5,A wonderful and memorable travel experience! Visiting La Martiniere College was amazing.
4551,1517,1869,3,A wonderful and memorable travel experience! Visiting La Martiniere College was amazing.
4552,1518,18,3,A historical wonder with rich heritage and architecture! Visiting Constantia House was amazing.
4553,1518,578,3,A historical wonder with rich heritage and architecture! Visiting Constantia House was amazing.
4554,1518,1604,4,A historical wonder with rich heritage and architecture! Visiting Constantia House was amazing.
4555,1519,1938,4,A historical wonder with rich heritage and architecture! Visiting Chattar Manzil was amazing.
4556,1519,1684,5,A historical wonder with rich heritage and architecture! Visiting Chattar Manzil was amazing.
4557,1519,1552,1,A historical wonder with rich heritage and architecture! Visiting Chattar Manzil was amazing.
4558,1520,967,5,A historical wonder with rich heritage and architecture! Visiting Kaiserbagh Palace Complex was amazing.
4559,1520,1559,2,A historical wonder with rich heritage and architecture! Visiting Kaiserbagh Palace Complex was amazing.
4560,1520,1773,4,A historical wonder with rich heritage and architecture! Visiting Kaiserbagh Palace Complex was amazing.
4561,1521,467,2,An exciting wildlife experience close to nature! Visiting Allen Forest Zoo was amazing.
4562,1521,1482,2,An exciting wildlife experience close to nature! Visiting Allen Forest Zoo was amazing.
4563,1521,972,2,An exciting wildlife experience close to nature! Visiting Allen Forest Zoo was amazing.
4564,1522,1057,5,A peaceful and spiritually uplifting destination. Visiting JK Temple was amazing.
4565,1522,1610,5,A peaceful and spiritually uplifting destination. Visiting JK Temple was amazing.
4566,1522,1552,4,A peaceful and spiritually uplifting destination. Visiting JK Temple was amazing.
4567,1523,1480,4,A wonderful and memorable travel experience! Visiting Moti Jheel was amazing.
4568,1523,698,1,A wonderful and memorable travel experience! Visiting Moti Jheel was amazing.
4569,1523,642,2,A wonderful and memorable travel experience! Visiting Moti Jheel was amazing.
4570,1524,879,4,A wonderful and memorable travel experience! Visiting Z Square Mall was amazing.
4571,1524,430,4,A wonderful and memorable travel experience! Visiting Z Square Mall was amazing.
4572,1524,922,5,A wonderful and memorable travel experience! Visiting Z Square Mall was amazing.
4573,1525,62,3,A historical wonder with rich heritage and architecture! Visiting Kanpur Memorial Church was amazing.
4574,1525,285,5,A historical wonder with rich heritage and architecture! Visiting Kanpur Memorial Church was amazing.
4575,1525,1790,2,A historical wonder with rich heritage and architecture! Visiting Kanpur Memorial Church was amazing.
4576,1526,626,1,A peaceful and spiritually uplifting destination. Visiting Bithoor Ghats was amazing.
4577,1526,1024,3,A peaceful and spiritually uplifting destination. Visiting Bithoor Ghats was amazing.
4578,1526,696,2,A peaceful and spiritually uplifting destination. Visiting Bithoor Ghats was amazing.
4579,1527,859,4,A wonderful and memorable travel experience! Visiting Blue World Theme Park was amazing.
4580,1527,1405,4,A wonderful and memorable travel experience! Visiting Blue World Theme Park was amazing.
4581,1527,1563,5,A wonderful and memorable travel experience! Visiting Blue World Theme Park was amazing.
4582,1528,614,3,Incredible natural beauty with scenic landscapes! Visiting Nana Rao Park was amazing.
4583,1528,1203,1,Incredible natural beauty with scenic landscapes! Visiting Nana Rao Park was amazing.
4584,1528,1163,1,Incredible natural beauty with scenic landscapes! Visiting Nana Rao Park was amazing.
4585,1529,1889,2,A peaceful and spiritually uplifting destination. Visiting Triveni Sangam was amazing.
4586,1529,315,3,A peaceful and spiritually uplifting destination. Visiting Triveni Sangam was amazing.
4587,1529,1164,5,A peaceful and spiritually uplifting destination. Visiting Triveni Sangam was amazing.
4588,1530,1872,5,A historical wonder with rich heritage and architecture! Visiting Allahabad Fort was amazing.
4589,1530,1176,4,A historical wonder with rich heritage and architecture! Visiting Allahabad Fort was amazing.
4590,1530,781,2,A historical wonder with rich heritage and architecture! Visiting Allahabad Fort was amazing.
4591,1531,1943,4,A historical wonder with rich heritage and architecture! Visiting Anand Bhavan Museum was amazing.
4592,1531,131,5,A historical wonder with rich heritage and architecture! Visiting Anand Bhavan Museum was amazing.
4593,1531,792,2,A historical wonder with rich heritage and architecture! Visiting Anand Bhavan Museum was amazing.
4594,1532,973,1,A historical wonder with rich heritage and architecture! Visiting Swaraj Bhavan was amazing.
4595,1532,674,5,A historical wonder with rich heritage and architecture! Visiting Swaraj Bhavan was amazing.
4596,1532,1971,4,A historical wonder with rich heritage and architecture! Visiting Swaraj Bhavan was amazing.
4597,1533,1309,3,A historical wonder with rich heritage and architecture! Visiting Khusro Bagh was amazing.
4598,1533,191,2,A historical wonder with rich heritage and architecture! Visiting Khusro Bagh was amazing.
4599,1533,214,5,A historical wonder with rich heritage and architecture! Visiting Khusro Bagh was amazing.
4600,1534,364,1,A wonderful and memorable travel experience! Visiting Allahabad High Court Building was amazing.
4601,1534,1693,5,A wonderful and memorable travel experience! Visiting Allahabad High Court Building was amazing.
4602,1534,1001,1,A wonderful and memorable travel experience! Visiting Allahabad High Court Building was amazing.
4603,1535,383,2,A historical wonder with rich heritage and architecture! Visiting Alfred Park (Azad Park) was amazing.
4604,1535,143,4,A historical wonder with rich heritage and architecture! Visiting Alfred Park (Azad Park) was amazing.
4605,1535,582,2,A historical wonder with rich heritage and architecture! Visiting Alfred Park (Azad Park) was amazing.
4606,1536,478,3,A peaceful and spiritually uplifting destination. Visiting All Saints Cathedral was amazing.
4607,1536,1351,5,A peaceful and spiritually uplifting destination. Visiting All Saints Cathedral was amazing.
4608,1536,144,4,A peaceful and spiritually uplifting destination. Visiting All Saints Cathedral was amazing.
4609,1537,118,3,A peaceful and spiritually uplifting destination. Visiting Hanuman Mandir (Reclining) was amazing.
4610,1537,1062,1,A peaceful and spiritually uplifting destination. Visiting Hanuman Mandir (Reclining) was amazing.
4611,1537,352,3,A peaceful and spiritually uplifting destination. Visiting Hanuman Mandir (Reclining) was amazing.
4612,1538,1761,4,A wonderful and memorable travel experience! Visiting Jawahar Planetarium was amazing.
4613,1538,801,2,A wonderful and memorable travel experience! Visiting Jawahar Planetarium was amazing.
4614,1538,227,2,A wonderful and memorable travel experience! Visiting Jawahar Planetarium was amazing.
4615,1539,1099,4,A peaceful and spiritually uplifting destination. Visiting Mankameshwar Temple was amazing.
4616,1539,980,1,A peaceful and spiritually uplifting destination. Visiting Mankameshwar Temple was amazing.
4617,1539,797,2,A peaceful and spiritually uplifting destination. Visiting Mankameshwar Temple was amazing.
4618,1540,267,2,A wonderful and memorable travel experience! Visiting New Yamuna Bridge was amazing.
4619,1540,635,4,A wonderful and memorable travel experience! Visiting New Yamuna Bridge was amazing.
4620,1540,1676,4,A wonderful and memorable travel experience! Visiting New Yamuna Bridge was amazing.
4621,1541,326,5,A historical wonder with rich heritage and architecture! Visiting Jhansi Fort was amazing.
4622,1541,1178,3,A historical wonder with rich heritage and architecture! Visiting Jhansi Fort was amazing.
4623,1541,1204,2,A historical wonder with rich heritage and architecture! Visiting Jhansi Fort was amazing.
4624,1542,1030,4,A historical wonder with rich heritage and architecture! Visiting Rani Mahal was amazing.
4625,1542,565,2,A historical wonder with rich heritage and architecture! Visiting Rani Mahal was amazing.
4626,1542,16,2,A historical wonder with rich heritage and architecture! Visiting Rani Mahal was amazing.
4627,1543,913,1,A wonderful and memorable travel experience! Visiting Government Museum Jhansi was amazing.
4628,1543,1689,4,A wonderful and memorable travel experience! Visiting Government Museum Jhansi was amazing.
4629,1543,1239,2,A wonderful and memorable travel experience! Visiting Government Museum Jhansi was amazing.
4630,1544,1077,3,A historical wonder with rich heritage and architecture! Visiting Barua Sagar Fort was amazing.
4631,1544,1865,5,A historical wonder with rich heritage and architecture! Visiting Barua Sagar Fort was amazing.
4632,1544,1801,4,A historical wonder with rich heritage and architecture! Visiting Barua Sagar Fort was amazing.
4633,1545,943,4,A wonderful and memorable travel experience! Visiting Parichha Dam was amazing.
4634,1545,1180,1,A wonderful and memorable travel experience! Visiting Parichha Dam was amazing.
4635,1545,1510,1,A wonderful and memorable travel experience! Visiting Parichha Dam was amazing.
4636,1546,590,4,A historical wonder with rich heritage and architecture! Visiting Kalinjar Fort was amazing.
4637,1546,711,3,A historical wonder with rich heritage and architecture! Visiting Kalinjar Fort was amazing.
4638,1546,801,5,A historical wonder with rich heritage and architecture! Visiting Kalinjar Fort was amazing.
4639,1547,1687,2,A peaceful and spiritually uplifting destination. Visiting Vindhyachal Dham was amazing.
4640,1547,851,2,A peaceful and spiritually uplifting destination. Visiting Vindhyachal Dham was amazing.
4641,1547,368,5,A peaceful and spiritually uplifting destination. Visiting Vindhyachal Dham was amazing.
4642,1548,1502,4,A historical wonder with rich heritage and architecture! Visiting Chunar Fort was amazing.
4643,1548,938,4,A historical wonder with rich heritage and architecture! Visiting Chunar Fort was amazing.
4644,1548,1866,2,A historical wonder with rich heritage and architecture! Visiting Chunar Fort was amazing.
4645,1549,1431,5,Incredible natural beauty with scenic landscapes! Visiting Wyndham Falls was amazing.
4646,1549,196,4,Incredible natural beauty with scenic landscapes! Visiting Wyndham Falls was amazing.
4647,1549,1431,1,Incredible natural beauty with scenic landscapes! Visiting Wyndham Falls was amazing.
4648,1550,491,2,A historical wonder with rich heritage and architecture! Visiting Siraj-e-Hind (Jaunpur Fort) was amazing.
4649,1550,561,5,A historical wonder with rich heritage and architecture! Visiting Siraj-e-Hind (Jaunpur Fort) was amazing.
4650,1550,598,1,A historical wonder with rich heritage and architecture! Visiting Siraj-e-Hind (Jaunpur Fort) was amazing.
4651,1551,1430,2,A peaceful and spiritually uplifting destination. Visiting Atala Masjid was amazing.
4652,1551,1862,4,A peaceful and spiritually uplifting destination. Visiting Atala Masjid was amazing.
4653,1551,843,5,A peaceful and spiritually uplifting destination. Visiting Atala Masjid was amazing.
4654,1552,249,3,A wonderful and memorable travel experience! Visiting Shahi Bridge was amazing.
4655,1552,157,1,A wonderful and memorable travel experience! Visiting Shahi Bridge was amazing.
4656,1552,1034,3,A wonderful and memorable travel experience! Visiting Shahi Bridge was amazing.
4657,1553,840,4,An exciting wildlife experience close to nature! Visiting Dudhwa National Park was amazing.
4658,1553,338,3,An exciting wildlife experience close to nature! Visiting Dudhwa National Park was amazing.
4659,1553,425,5,An exciting wildlife experience close to nature! Visiting Dudhwa National Park was amazing.
4660,1554,92,4,An exciting wildlife experience close to nature! Visiting Kishalpur Sanctuary was amazing.
4661,1554,55,1,An exciting wildlife experience close to nature! Visiting Kishalpur Sanctuary was amazing.
4662,1554,1309,4,An exciting wildlife experience close to nature! Visiting Kishalpur Sanctuary was amazing.
4663,1555,781,3,An exciting wildlife experience close to nature! Visiting Katarniaghat Wildlife Sanctuary was amazing.
4664,1555,1528,4,An exciting wildlife experience close to nature! Visiting Katarniaghat Wildlife Sanctuary was amazing.
4665,1555,1753,2,An exciting wildlife experience close to nature! Visiting Katarniaghat Wildlife Sanctuary was amazing.
4666,1556,813,1,An exciting wildlife experience close to nature! Visiting Hastinapur Wildlife Sanctuary was amazing.
4667,1556,22,3,An exciting wildlife experience close to nature! Visiting Hastinapur Wildlife Sanctuary was amazing.
4668,1556,235,2,An exciting wildlife experience close to nature! Visiting Hastinapur Wildlife Sanctuary was amazing.
4669,1557,670,4,A peaceful and spiritually uplifting destination. Visiting Augarnath Temple was amazing.
4670,1557,993,4,A peaceful and spiritually uplifting destination. Visiting Augarnath Temple was amazing.
4671,1557,140,1,A peaceful and spiritually uplifting destination. Visiting Augarnath Temple was amazing.
4672,1558,1124,2,A historical wonder with rich heritage and architecture! Visiting Suraj Kund Meerut was amazing.
4673,1558,1462,4,A historical wonder with rich heritage and architecture! Visiting Suraj Kund Meerut was amazing.
4674,1558,288,4,A historical wonder with rich heritage and architecture! Visiting Suraj Kund Meerut was amazing.
4675,1559,1681,3,A historical wonder with rich heritage and architecture! Visiting Shahpir Mausoleum was amazing.
4676,1559,1724,2,A historical wonder with rich heritage and architecture! Visiting Shahpir Mausoleum was amazing.
4677,1559,350,1,A historical wonder with rich heritage and architecture! Visiting Shahpir Mausoleum was amazing.
4678,1560,1244,1,A peaceful and spiritually uplifting destination. Visiting Sardhana Church (Basilica) was amazing.
4679,1560,363,3,A peaceful and spiritually uplifting destination. Visiting Sardhana Church (Basilica) was amazing.
4680,1560,255,5,A peaceful and spiritually uplifting destination. Visiting Sardhana Church (Basilica) was amazing.
4681,1561,1519,4,Incredible natural beauty with scenic landscapes! Visiting Bee Falls was amazing.
4682,1561,345,1,Incredible natural beauty with scenic landscapes! Visiting Bee Falls was amazing.
4683,1561,1376,1,Incredible natural beauty with scenic landscapes! Visiting Bee Falls was amazing.
4684,1562,1388,3,A peaceful and spiritually uplifting destination. Visiting Jata Shankar Caves was amazing.
4685,1562,315,4,A peaceful and spiritually uplifting destination. Visiting Jata Shankar Caves was amazing.
4686,1562,734,2,A peaceful and spiritually uplifting destination. Visiting Jata Shankar Caves was amazing.
4687,1563,444,1,A historical wonder with rich heritage and architecture! Visiting Pandav Caves was amazing.
4688,1563,1829,5,A historical wonder with rich heritage and architecture! Visiting Pandav Caves was amazing.
4689,1563,443,4,A historical wonder with rich heritage and architecture! Visiting Pandav Caves was amazing.
4690,1564,1427,1,Incredible natural beauty with scenic landscapes! Visiting Dhupgarh Sunset Point was amazing.
4691,1564,1714,5,Incredible natural beauty with scenic landscapes! Visiting Dhupgarh Sunset Point was amazing.
4692,1564,1313,1,Incredible natural beauty with scenic landscapes! Visiting Dhupgarh Sunset Point was amazing.
4693,1565,800,3,Incredible natural beauty with scenic landscapes! Visiting Handi Khoh was amazing.
4694,1565,910,1,Incredible natural beauty with scenic landscapes! Visiting Handi Khoh was amazing.
4695,1565,1226,1,Incredible natural beauty with scenic landscapes! Visiting Handi Khoh was amazing.
4696,1566,100,4,Incredible natural beauty with scenic landscapes! Visiting Apsara Vihar was amazing.
4697,1566,1572,2,Incredible natural beauty with scenic landscapes! Visiting Apsara Vihar was amazing.
4698,1566,1903,2,Incredible natural beauty with scenic landscapes! Visiting Apsara Vihar was amazing.
4699,1567,768,2,Thrilling adventure activities and excitement! Visiting Reechgarh was amazing.
4700,1567,410,1,Thrilling adventure activities and excitement! Visiting Reechgarh was amazing.
4701,1567,33,4,Thrilling adventure activities and excitement! Visiting Reechgarh was amazing.
4702,1568,58,1,A peaceful and spiritually uplifting destination. Visiting Bada Mahadev was amazing.
4703,1568,691,2,A peaceful and spiritually uplifting destination. Visiting Bada Mahadev was amazing.
4704,1568,1393,1,A peaceful and spiritually uplifting destination. Visiting Bada Mahadev was amazing.
4705,1569,452,1,Thrilling adventure activities and excitement! Visiting Chauragarh Peak was amazing.
4706,1569,1633,2,Thrilling adventure activities and excitement! Visiting Chauragarh Peak was amazing.
4707,1569,1483,2,Thrilling adventure activities and excitement! Visiting Chauragarh Peak was amazing.
4708,1570,91,4,Incredible natural beauty with scenic landscapes! Visiting Silver Fall (Rajat Prapat) was amazing.
4709,1570,1050,1,Incredible natural beauty with scenic landscapes! Visiting Silver Fall (Rajat Prapat) was amazing.
4710,1570,1671,3,Incredible natural beauty with scenic landscapes! Visiting Silver Fall (Rajat Prapat) was amazing.
4711,1571,661,5,An exciting wildlife experience close to nature! Visiting Satpura National Park was amazing.
4712,1571,1284,2,An exciting wildlife experience close to nature! Visiting Satpura National Park was amazing.
4713,1571,1280,2,An exciting wildlife experience close to nature! Visiting Satpura National Park was amazing.
4714,1572,1914,5,Incredible natural beauty with scenic landscapes! Visiting Tawa Reservoir was amazing.
4715,1572,810,4,Incredible natural beauty with scenic landscapes! Visiting Tawa Reservoir was amazing.
4716,1572,248,2,Incredible natural beauty with scenic landscapes! Visiting Tawa Reservoir was amazing.
4717,1573,438,1,An exciting wildlife experience close to nature! Visiting Madai Wildlife Point was amazing.
4718,1573,731,3,An exciting wildlife experience close to nature! Visiting Madai Wildlife Point was amazing.
4719,1573,356,1,An exciting wildlife experience close to nature! Visiting Madai Wildlife Point was amazing.
4720,1574,824,3,A peaceful and spiritually uplifting destination. Visiting Sethani Ghat was amazing.
4721,1574,25,4,A peaceful and spiritually uplifting destination. Visiting Sethani Ghat was amazing.
4722,1574,436,4,A peaceful and spiritually uplifting destination. Visiting Sethani Ghat was amazing.
4723,1575,451,1,A historical wonder with rich heritage and architecture! Visiting Adamgarh Hills was amazing.
4724,1575,1348,3,A historical wonder with rich heritage and architecture! Visiting Adamgarh Hills was amazing.
4725,1575,1332,5,A historical wonder with rich heritage and architecture! Visiting Adamgarh Hills was amazing.
4726,1576,756,1,A peaceful and spiritually uplifting destination. Visiting Bhojpur Temple was amazing.
4727,1576,138,2,A peaceful and spiritually uplifting destination. Visiting Bhojpur Temple was amazing.
4728,1576,842,3,A peaceful and spiritually uplifting destination. Visiting Bhojpur Temple was amazing.
4729,1577,1572,5,A historical wonder with rich heritage and architecture! Visiting Islamnagar Fort was amazing.
4730,1577,1024,1,A historical wonder with rich heritage and architecture! Visiting Islamnagar Fort was amazing.
4731,1577,1460,5,A historical wonder with rich heritage and architecture! Visiting Islamnagar Fort was amazing.
4732,1578,1621,5,A peaceful and spiritually uplifting destination. Visiting Taj-ul-Masajid was amazing.
4733,1578,352,3,A peaceful and spiritually uplifting destination. Visiting Taj-ul-Masajid was amazing.
4734,1578,1965,1,A peaceful and spiritually uplifting destination. Visiting Taj-ul-Masajid was amazing.
4735,1579,1229,3,A historical wonder with rich heritage and architecture! Visiting Gohar Mahal was amazing.
4736,1579,1293,4,A historical wonder with rich heritage and architecture! Visiting Gohar Mahal was amazing.
4737,1579,1389,2,A historical wonder with rich heritage and architecture! Visiting Gohar Mahal was amazing.
4738,1580,681,2,A historical wonder with rich heritage and architecture! Visiting Shaukat Mahal was amazing.
4739,1580,1302,3,A historical wonder with rich heritage and architecture! Visiting Shaukat Mahal was amazing.
4740,1580,1744,4,A historical wonder with rich heritage and architecture! Visiting Shaukat Mahal was amazing.
4741,1581,139,3,A peaceful and spiritually uplifting destination. Visiting Chitrakoot Ghats was amazing.
4742,1581,37,5,A peaceful and spiritually uplifting destination. Visiting Chitrakoot Ghats was amazing.
4743,1581,1868,5,A peaceful and spiritually uplifting destination. Visiting Chitrakoot Ghats was amazing.
4744,1582,920,4,A peaceful and spiritually uplifting destination. Visiting Kamadgiri Mountain was amazing.
4745,1582,1047,2,A peaceful and spiritually uplifting destination. Visiting Kamadgiri Mountain was amazing.
4746,1582,1032,5,A peaceful and spiritually uplifting destination. Visiting Kamadgiri Mountain was amazing.
4747,1583,1444,1,Incredible natural beauty with scenic landscapes! Visiting Gupt Godavari Caves was amazing.
4748,1583,477,1,Incredible natural beauty with scenic landscapes! Visiting Gupt Godavari Caves was amazing.
4749,1583,1263,1,Incredible natural beauty with scenic landscapes! Visiting Gupt Godavari Caves was amazing.
4750,1584,633,2,A peaceful and spiritually uplifting destination. Visiting Sati Anusuya Ashram was amazing.
4751,1584,1512,4,A peaceful and spiritually uplifting destination. Visiting Sati Anusuya Ashram was amazing.
4752,1584,1551,2,A peaceful and spiritually uplifting destination. Visiting Sati Anusuya Ashram was amazing.
4753,1585,1270,1,A peaceful and spiritually uplifting destination. Visiting Sphatik Shila was amazing.
4754,1585,123,2,A peaceful and spiritually uplifting destination. Visiting Sphatik Shila was amazing.
4755,1585,768,4,A peaceful and spiritually uplifting destination. Visiting Sphatik Shila was amazing.
4756,1586,608,2,A peaceful and spiritually uplifting destination. Visiting Maihar Sharda Devi Temple was amazing.
4757,1586,311,4,A peaceful and spiritually uplifting destination. Visiting Maihar Sharda Devi Temple was amazing.
4758,1586,419,1,A peaceful and spiritually uplifting destination. Visiting Maihar Sharda Devi Temple was amazing.
4759,1587,488,5,A historical wonder with rich heritage and architecture! Visiting Rewa Fort was amazing.
4760,1587,1938,4,A historical wonder with rich heritage and architecture! Visiting Rewa Fort was amazing.
4761,1587,1514,3,A historical wonder with rich heritage and architecture! Visiting Rewa Fort was amazing.
4762,1588,275,3,A historical wonder with rich heritage and architecture! Visiting Govindgarh Palace was amazing.
4763,1588,651,1,A historical wonder with rich heritage and architecture! Visiting Govindgarh Palace was amazing.
4764,1588,1067,4,A historical wonder with rich heritage and architecture! Visiting Govindgarh Palace was amazing.
4765,1589,1328,3,Incredible natural beauty with scenic landscapes! Visiting Purwa Falls was amazing.
4766,1589,1538,1,Incredible natural beauty with scenic landscapes! Visiting Purwa Falls was amazing.
4767,1589,470,3,Incredible natural beauty with scenic landscapes! Visiting Purwa Falls was amazing.
4768,1590,702,2,Incredible natural beauty with scenic landscapes! Visiting Keoti Falls was amazing.
4769,1590,422,5,Incredible natural beauty with scenic landscapes! Visiting Keoti Falls was amazing.
4770,1590,111,2,Incredible natural beauty with scenic landscapes! Visiting Keoti Falls was amazing.
4771,1591,1642,2,Incredible natural beauty with scenic landscapes! Visiting Bahuti Falls was amazing.
4772,1591,1246,4,Incredible natural beauty with scenic landscapes! Visiting Bahuti Falls was amazing.
4773,1591,1068,3,Incredible natural beauty with scenic landscapes! Visiting Bahuti Falls was amazing.
4774,1592,376,4,A historical wonder with rich heritage and architecture! Visiting Deorkothar Buddhist Stupas was amazing.
4775,1592,1290,1,A historical wonder with rich heritage and architecture! Visiting Deorkothar Buddhist Stupas was amazing.
4776,1592,133,4,A historical wonder with rich heritage and architecture! Visiting Deorkothar Buddhist Stupas was amazing.
4777,1593,144,2,An exciting wildlife experience close to nature! Visiting Pench Tiger Reserve was amazing.
4778,1593,107,2,An exciting wildlife experience close to nature! Visiting Pench Tiger Reserve was amazing.
4779,1593,1922,2,An exciting wildlife experience close to nature! Visiting Pench Tiger Reserve was amazing.
4780,1594,258,1,Thrilling adventure activities and excitement! Visiting Turia Gate Pench was amazing.
4781,1594,356,5,Thrilling adventure activities and excitement! Visiting Turia Gate Pench was amazing.
4782,1594,1125,2,Thrilling adventure activities and excitement! Visiting Turia Gate Pench was amazing.
4783,1595,484,5,Incredible natural beauty with scenic landscapes! Visiting Priyadarshini Point was amazing.
4784,1595,161,4,Incredible natural beauty with scenic landscapes! Visiting Priyadarshini Point was amazing.
4785,1595,1485,4,Incredible natural beauty with scenic landscapes! Visiting Priyadarshini Point was amazing.
4786,1596,638,2,A historical wonder with rich heritage and architecture! Visiting Burhanpur Shahi Qila was amazing.
4787,1596,1478,2,A historical wonder with rich heritage and architecture! Visiting Burhanpur Shahi Qila was amazing.
4788,1596,502,4,A historical wonder with rich heritage and architecture! Visiting Burhanpur Shahi Qila was amazing.
4789,1597,362,5,A peaceful and spiritually uplifting destination. Visiting Jama Masjid Burhanpur was amazing.
4790,1597,510,3,A peaceful and spiritually uplifting destination. Visiting Jama Masjid Burhanpur was amazing.
4791,1597,585,5,A peaceful and spiritually uplifting destination. Visiting Jama Masjid Burhanpur was amazing.
4792,1598,919,2,A historical wonder with rich heritage and architecture! Visiting Asirgarh Fort was amazing.
4793,1598,557,4,A historical wonder with rich heritage and architecture! Visiting Asirgarh Fort was amazing.
4794,1598,164,3,A historical wonder with rich heritage and architecture! Visiting Asirgarh Fort was amazing.
4795,1599,816,4,An exciting wildlife experience close to nature! Visiting Kuno National Park was amazing.
4796,1599,344,4,An exciting wildlife experience close to nature! Visiting Kuno National Park was amazing.
4797,1599,904,4,An exciting wildlife experience close to nature! Visiting Kuno National Park was amazing.
4798,1600,1035,5,An exciting wildlife experience close to nature! Visiting Shivpuri Madhav National Park was amazing.
4799,1600,1506,4,An exciting wildlife experience close to nature! Visiting Shivpuri Madhav National Park was amazing.
4800,1600,1558,2,An exciting wildlife experience close to nature! Visiting Shivpuri Madhav National Park was amazing.
4801,1601,1679,4,A historical wonder with rich heritage and architecture! Visiting Chhatris of Scindia was amazing.
4802,1601,41,4,A historical wonder with rich heritage and architecture! Visiting Chhatris of Scindia was amazing.
4803,1601,876,1,A historical wonder with rich heritage and architecture! Visiting Chhatris of Scindia was amazing.
4804,1602,1555,3,A historical wonder with rich heritage and architecture! Visiting George Castle Shivpuri was amazing.
4805,1602,1219,5,A historical wonder with rich heritage and architecture! Visiting George Castle Shivpuri was amazing.
4806,1602,313,5,A historical wonder with rich heritage and architecture! Visiting George Castle Shivpuri was amazing.
4807,1603,1489,2,Incredible natural beauty with scenic landscapes! Visiting Bhadaiya Kund was amazing.
4808,1603,527,4,Incredible natural beauty with scenic landscapes! Visiting Bhadaiya Kund was amazing.
4809,1603,950,3,Incredible natural beauty with scenic landscapes! Visiting Bhadaiya Kund was amazing.
4810,1604,929,3,An exciting wildlife experience close to nature! Visiting Karera Bird Sanctuary was amazing.
4811,1604,769,5,An exciting wildlife experience close to nature! Visiting Karera Bird Sanctuary was amazing.
4812,1604,1242,4,An exciting wildlife experience close to nature! Visiting Karera Bird Sanctuary was amazing.
4813,1605,148,3,A wonderful and memorable travel experience! Visiting Bansagar Dam was amazing.
4814,1605,280,4,A wonderful and memorable travel experience! Visiting Bansagar Dam was amazing.
4815,1605,401,2,A wonderful and memorable travel experience! Visiting Bansagar Dam was amazing.
4816,1606,1877,2,A peaceful and spiritually uplifting destination. Visiting Amarkantak Narmada Udgam was amazing.
4817,1606,9,1,A peaceful and spiritually uplifting destination. Visiting Amarkantak Narmada Udgam was amazing.
4818,1606,1765,5,A peaceful and spiritually uplifting destination. Visiting Amarkantak Narmada Udgam was amazing.
4819,1607,1496,3,Incredible natural beauty with scenic landscapes! Visiting Kapil Dhara Falls was amazing.
4820,1607,1007,4,Incredible natural beauty with scenic landscapes! Visiting Kapil Dhara Falls was amazing.
4821,1607,1896,4,Incredible natural beauty with scenic landscapes! Visiting Kapil Dhara Falls was amazing.
4822,1608,1926,4,Incredible natural beauty with scenic landscapes! Visiting Sonemuda was amazing.
4823,1608,1988,3,Incredible natural beauty with scenic landscapes! Visiting Sonemuda was amazing.
4824,1608,787,4,Incredible natural beauty with scenic landscapes! Visiting Sonemuda was amazing.
4825,1609,631,5,A peaceful and spiritually uplifting destination. Visiting Kabir Chabutra was amazing.
4826,1609,146,4,A peaceful and spiritually uplifting destination. Visiting Kabir Chabutra was amazing.
4827,1609,1813,1,A peaceful and spiritually uplifting destination. Visiting Kabir Chabutra was amazing.
4828,1610,1888,1,A peaceful and spiritually uplifting destination. Visiting Pataleshwar Mahadev was amazing.
4829,1610,789,5,A peaceful and spiritually uplifting destination. Visiting Pataleshwar Mahadev was amazing.
4830,1610,333,2,A peaceful and spiritually uplifting destination. Visiting Pataleshwar Mahadev was amazing.
4831,1611,1563,4,A peaceful and spiritually uplifting destination. Visiting Virupaksha Temple was amazing.
4832,1611,1961,3,A peaceful and spiritually uplifting destination. Visiting Virupaksha Temple was amazing.
4833,1611,1580,3,A peaceful and spiritually uplifting destination. Visiting Virupaksha Temple was amazing.
4834,1612,1044,4,A historical wonder with rich heritage and architecture! Visiting Vittala Temple Stone Chariot was amazing.
4835,1612,1301,3,A historical wonder with rich heritage and architecture! Visiting Vittala Temple Stone Chariot was amazing.
4836,1612,1427,1,A historical wonder with rich heritage and architecture! Visiting Vittala Temple Stone Chariot was amazing.
4837,1613,1334,4,A historical wonder with rich heritage and architecture! Visiting Elephant Stables was amazing.
4838,1613,1898,4,A historical wonder with rich heritage and architecture! Visiting Elephant Stables was amazing.
4839,1613,1507,2,A historical wonder with rich heritage and architecture! Visiting Elephant Stables was amazing.
4840,1614,497,4,A historical wonder with rich heritage and architecture! Visiting Lotus Mahal was amazing.
4841,1614,71,3,A historical wonder with rich heritage and architecture! Visiting Lotus Mahal was amazing.
4842,1614,1293,1,A historical wonder with rich heritage and architecture! Visiting Lotus Mahal was amazing.
4843,1615,1429,2,A peaceful and spiritually uplifting destination. Visiting Hazara Rama Temple was amazing.
4844,1615,536,5,A peaceful and spiritually uplifting destination. Visiting Hazara Rama Temple was amazing.
4845,1615,933,2,A peaceful and spiritually uplifting destination. Visiting Hazara Rama Temple was amazing.
4846,1616,521,2,Incredible natural beauty with scenic landscapes! Visiting Matanga Hill Sunset was amazing.
4847,1616,1234,5,Incredible natural beauty with scenic landscapes! Visiting Matanga Hill Sunset was amazing.
4848,1616,1950,2,Incredible natural beauty with scenic landscapes! Visiting Matanga Hill Sunset was amazing.
4849,1617,26,1,A historical wonder with rich heritage and architecture! Visiting Hemakuta Hill Temples was amazing.
4850,1617,1579,1,A historical wonder with rich heritage and architecture! Visiting Hemakuta Hill Temples was amazing.
4851,1617,1320,4,A historical wonder with rich heritage and architecture! Visiting Hemakuta Hill Temples was amazing.
4852,1618,815,5,A peaceful and spiritually uplifting destination. Visiting Achyutaraya Temple was amazing.
4853,1618,1996,1,A peaceful and spiritually uplifting destination. Visiting Achyutaraya Temple was amazing.
4854,1618,1062,2,A peaceful and spiritually uplifting destination. Visiting Achyutaraya Temple was amazing.
4855,1619,1795,4,A peaceful and spiritually uplifting destination. Visiting Sasivekalu Ganesha was amazing.
4856,1619,340,4,A peaceful and spiritually uplifting destination. Visiting Sasivekalu Ganesha was amazing.
4857,1619,518,3,A peaceful and spiritually uplifting destination. Visiting Sasivekalu Ganesha was amazing.
4858,1620,1026,5,A historical wonder with rich heritage and architecture! Visiting Ugra Narasimha Statue was amazing.
4859,1620,1349,4,A historical wonder with rich heritage and architecture! Visiting Ugra Narasimha Statue was amazing.
4860,1620,1201,3,A historical wonder with rich heritage and architecture! Visiting Ugra Narasimha Statue was amazing.
4861,1621,1504,4,A historical wonder with rich heritage and architecture! Visiting Queen's Bath was amazing.
4862,1621,1542,1,A historical wonder with rich heritage and architecture! Visiting Queen's Bath was amazing.
4863,1621,224,5,A historical wonder with rich heritage and architecture! Visiting Queen's Bath was amazing.
4864,1622,1591,3,Incredible natural beauty with scenic landscapes! Visiting Sanapur Lake was amazing.
4865,1622,1668,2,Incredible natural beauty with scenic landscapes! Visiting Sanapur Lake was amazing.
4866,1622,551,2,Incredible natural beauty with scenic landscapes! Visiting Sanapur Lake was amazing.
4867,1623,1905,4,A peaceful and spiritually uplifting destination. Visiting Anjanadri Hill (Hanuman Birthplace) was amazing.
4868,1623,1432,3,A peaceful and spiritually uplifting destination. Visiting Anjanadri Hill (Hanuman Birthplace) was amazing.
4869,1623,14,2,A peaceful and spiritually uplifting destination. Visiting Anjanadri Hill (Hanuman Birthplace) was amazing.
4870,1624,1672,4,A historical wonder with rich heritage and architecture! Visiting Anegundi Fort was amazing.
4871,1624,4,1,A historical wonder with rich heritage and architecture! Visiting Anegundi Fort was amazing.
4872,1624,144,4,A historical wonder with rich heritage and architecture! Visiting Anegundi Fort was amazing.
4873,1625,1076,4,A wonderful and memorable travel experience! Visiting Tungabhadra Dam was amazing.
4874,1625,1341,3,A wonderful and memorable travel experience! Visiting Tungabhadra Dam was amazing.
4875,1625,1502,4,A wonderful and memorable travel experience! Visiting Tungabhadra Dam was amazing.
4876,1626,350,2,Incredible natural beauty with scenic landscapes! Visiting Japanese Garden TB Dam was amazing.
4877,1626,768,2,Incredible natural beauty with scenic landscapes! Visiting Japanese Garden TB Dam was amazing.
4878,1626,1442,2,Incredible natural beauty with scenic landscapes! Visiting Japanese Garden TB Dam was amazing.
4879,1627,406,4,An exciting wildlife experience close to nature! Visiting Daroji Sloth Bear Sanctuary was amazing.
4880,1627,373,5,An exciting wildlife experience close to nature! Visiting Daroji Sloth Bear Sanctuary was amazing.
4881,1627,1943,1,An exciting wildlife experience close to nature! Visiting Daroji Sloth Bear Sanctuary was amazing.
4882,1628,923,5,A historical wonder with rich heritage and architecture! Visiting Ballari Fort was amazing.
4883,1628,1668,2,A historical wonder with rich heritage and architecture! Visiting Ballari Fort was amazing.
4884,1628,381,2,A historical wonder with rich heritage and architecture! Visiting Ballari Fort was amazing.
4885,1629,121,2,A peaceful and spiritually uplifting destination. Visiting Banashankari Amma Temple was amazing.
4886,1629,1658,2,A peaceful and spiritually uplifting destination. Visiting Banashankari Amma Temple was amazing.
4887,1629,532,4,A peaceful and spiritually uplifting destination. Visiting Banashankari Amma Temple was amazing.
4888,1630,903,5,Incredible natural beauty with scenic landscapes! Visiting Agastya Lake was amazing.
4889,1630,224,2,Incredible natural beauty with scenic landscapes! Visiting Agastya Lake was amazing.
4890,1630,164,3,Incredible natural beauty with scenic landscapes! Visiting Agastya Lake was amazing.
4891,1631,176,4,A historical wonder with rich heritage and architecture! Visiting Badami Cave 1 was amazing.
4892,1631,256,3,A historical wonder with rich heritage and architecture! Visiting Badami Cave 1 was amazing.
4893,1631,132,3,A historical wonder with rich heritage and architecture! Visiting Badami Cave 1 was amazing.
4894,1632,61,5,A historical wonder with rich heritage and architecture! Visiting Badami Cave 2 was amazing.
4895,1632,481,4,A historical wonder with rich heritage and architecture! Visiting Badami Cave 2 was amazing.
4896,1632,994,1,A historical wonder with rich heritage and architecture! Visiting Badami Cave 2 was amazing.
4897,1633,20,1,A historical wonder with rich heritage and architecture! Visiting Badami Cave 3 was amazing.
4898,1633,545,1,A historical wonder with rich heritage and architecture! Visiting Badami Cave 3 was amazing.
4899,1633,1363,5,A historical wonder with rich heritage and architecture! Visiting Badami Cave 3 was amazing.
4900,1634,1617,1,A historical wonder with rich heritage and architecture! Visiting Badami Cave 4 was amazing.
4901,1634,199,2,A historical wonder with rich heritage and architecture! Visiting Badami Cave 4 was amazing.
4902,1634,1070,1,A historical wonder with rich heritage and architecture! Visiting Badami Cave 4 was amazing.
4903,1635,770,5,A historical wonder with rich heritage and architecture! Visiting Bhutnatha Temple was amazing.
4904,1635,1066,3,A historical wonder with rich heritage and architecture! Visiting Bhutnatha Temple was amazing.
4905,1635,1909,4,A historical wonder with rich heritage and architecture! Visiting Bhutnatha Temple was amazing.
4906,1636,970,3,A historical wonder with rich heritage and architecture! Visiting Badami North Fort was amazing.
4907,1636,1238,4,A historical wonder with rich heritage and architecture! Visiting Badami North Fort was amazing.
4908,1636,690,3,A historical wonder with rich heritage and architecture! Visiting Badami North Fort was amazing.
4909,1637,1397,3,A historical wonder with rich heritage and architecture! Visiting Pattadakal Virupaksha was amazing.
4910,1637,646,2,A historical wonder with rich heritage and architecture! Visiting Pattadakal Virupaksha was amazing.
4911,1637,1928,3,A historical wonder with rich heritage and architecture! Visiting Pattadakal Virupaksha was amazing.
4912,1638,1363,4,A historical wonder with rich heritage and architecture! Visiting Pattadakal Mallikarjuna was amazing.
4913,1638,776,5,A historical wonder with rich heritage and architecture! Visiting Pattadakal Mallikarjuna was amazing.
4914,1638,118,3,A historical wonder with rich heritage and architecture! Visiting Pattadakal Mallikarjuna was amazing.
4915,1639,1789,3,A historical wonder with rich heritage and architecture! Visiting Pattadakal Papanatha was amazing.
4916,1639,1652,1,A historical wonder with rich heritage and architecture! Visiting Pattadakal Papanatha was amazing.
4917,1639,7,4,A historical wonder with rich heritage and architecture! Visiting Pattadakal Papanatha was amazing.
4918,1640,1783,4,A historical wonder with rich heritage and architecture! Visiting Aihole Durga Temple was amazing.
4919,1640,1486,2,A historical wonder with rich heritage and architecture! Visiting Aihole Durga Temple was amazing.
4920,1640,53,5,A historical wonder with rich heritage and architecture! Visiting Aihole Durga Temple was amazing.
4921,1641,252,5,A historical wonder with rich heritage and architecture! Visiting Aihole Lad Khan Temple was amazing.
4922,1641,573,2,A historical wonder with rich heritage and architecture! Visiting Aihole Lad Khan Temple was amazing.
4923,1641,755,4,A historical wonder with rich heritage and architecture! Visiting Aihole Lad Khan Temple was amazing.
4924,1642,1267,4,A historical wonder with rich heritage and architecture! Visiting Aihole Ravana Phadi Cave was amazing.
4925,1642,1055,4,A historical wonder with rich heritage and architecture! Visiting Aihole Ravana Phadi Cave was amazing.
4926,1642,1353,2,A historical wonder with rich heritage and architecture! Visiting Aihole Ravana Phadi Cave was amazing.
4927,1643,7,3,A historical wonder with rich heritage and architecture! Visiting Aihole Meguti Hill was amazing.
4928,1643,35,3,A historical wonder with rich heritage and architecture! Visiting Aihole Meguti Hill was amazing.
4929,1643,1789,1,A historical wonder with rich heritage and architecture! Visiting Aihole Meguti Hill was amazing.
4930,1644,1986,3,A peaceful and spiritually uplifting destination. Visiting Mahakuta Group of Temples was amazing.
4931,1644,1389,4,A peaceful and spiritually uplifting destination. Visiting Mahakuta Group of Temples was amazing.
4932,1644,479,5,A peaceful and spiritually uplifting destination. Visiting Mahakuta Group of Temples was amazing.
4933,1645,993,4,A wonderful and memorable travel experience! Visiting Almatti Dam was amazing.
4934,1645,1514,5,A wonderful and memorable travel experience! Visiting Almatti Dam was amazing.
4935,1645,1627,1,A wonderful and memorable travel experience! Visiting Almatti Dam was amazing.
4936,1646,714,4,Incredible natural beauty with scenic landscapes! Visiting Mughal Garden Almatti was amazing.
4937,1646,1924,4,Incredible natural beauty with scenic landscapes! Visiting Mughal Garden Almatti was amazing.
4938,1646,1349,1,Incredible natural beauty with scenic landscapes! Visiting Mughal Garden Almatti was amazing.
4939,1647,1504,4,A historical wonder with rich heritage and architecture! Visiting Gol Gumbaz Whispering Gallery was amazing.
4940,1647,602,5,A historical wonder with rich heritage and architecture! Visiting Gol Gumbaz Whispering Gallery was amazing.
4941,1647,400,2,A historical wonder with rich heritage and architecture! Visiting Gol Gumbaz Whispering Gallery was amazing.
4942,1648,1782,5,A historical wonder with rich heritage and architecture! Visiting Ibrahim Rauza was amazing.
4943,1648,1795,5,A historical wonder with rich heritage and architecture! Visiting Ibrahim Rauza was amazing.
4944,1648,1608,5,A historical wonder with rich heritage and architecture! Visiting Ibrahim Rauza was amazing.
4945,1649,66,2,A peaceful and spiritually uplifting destination. Visiting Jumma Masjid Vijayapura was amazing.
4946,1649,1020,1,A peaceful and spiritually uplifting destination. Visiting Jumma Masjid Vijayapura was amazing.
4947,1649,618,5,A peaceful and spiritually uplifting destination. Visiting Jumma Masjid Vijayapura was amazing.
4948,1650,1792,4,A historical wonder with rich heritage and architecture! Visiting Bara Kaman was amazing.
4949,1650,345,4,A historical wonder with rich heritage and architecture! Visiting Bara Kaman was amazing.
4950,1650,1956,1,A historical wonder with rich heritage and architecture! Visiting Bara Kaman was amazing.
4951,1651,988,5,Thrilling adventure activities and excitement! Visiting Uliyanthala Cave was amazing.
4952,1651,494,2,Thrilling adventure activities and excitement! Visiting Uliyanthala Cave was amazing.
4953,1651,434,2,Thrilling adventure activities and excitement! Visiting Uliyanthala Cave was amazing.
4954,1652,1543,1,Loved the beaches and relaxing coastal vibes! Visiting Cherai Beach was amazing.
4955,1652,217,4,Loved the beaches and relaxing coastal vibes! Visiting Cherai Beach was amazing.
4956,1652,1466,1,Loved the beaches and relaxing coastal vibes! Visiting Cherai Beach was amazing.
4957,1653,329,3,A historical wonder with rich heritage and architecture! Visiting Mattancherry Palace was amazing.
4958,1653,1849,4,A historical wonder with rich heritage and architecture! Visiting Mattancherry Palace was amazing.
4959,1653,1570,3,A historical wonder with rich heritage and architecture! Visiting Mattancherry Palace was amazing.
4960,1654,452,3,A wonderful and memorable travel experience! Visiting Jew Town was amazing.
4961,1654,1364,4,A wonderful and memorable travel experience! Visiting Jew Town was amazing.
4962,1654,1949,1,A wonderful and memorable travel experience! Visiting Jew Town was amazing.
4963,1655,1363,2,A peaceful and spiritually uplifting destination. Visiting Paradesi Synagogue was amazing.
4964,1655,1890,5,A peaceful and spiritually uplifting destination. Visiting Paradesi Synagogue was amazing.
4965,1655,1298,4,A peaceful and spiritually uplifting destination. Visiting Paradesi Synagogue was amazing.
4966,1656,186,3,A wonderful and memorable travel experience! Visiting Chinese Fishing Nets was amazing.
4967,1656,1786,2,A wonderful and memorable travel experience! Visiting Chinese Fishing Nets was amazing.
4968,1656,1909,5,A wonderful and memorable travel experience! Visiting Chinese Fishing Nets was amazing.
4969,1657,1570,5,A peaceful and spiritually uplifting destination. Visiting Santa Cruz Basilica was amazing.
4970,1657,133,3,A peaceful and spiritually uplifting destination. Visiting Santa Cruz Basilica was amazing.
4971,1657,773,4,A peaceful and spiritually uplifting destination. Visiting Santa Cruz Basilica was amazing.
4972,1658,1340,5,A historical wonder with rich heritage and architecture! Visiting St. Francis Church was amazing.
4973,1658,1979,4,A historical wonder with rich heritage and architecture! Visiting St. Francis Church was amazing.
4974,1658,1656,2,A historical wonder with rich heritage and architecture! Visiting St. Francis Church was amazing.
4975,1659,458,3,A wonderful and memorable travel experience! Visiting Kochi-Muziris Biennale Site was amazing.
4976,1659,237,3,A wonderful and memorable travel experience! Visiting Kochi-Muziris Biennale Site was amazing.
4977,1659,180,1,A wonderful and memorable travel experience! Visiting Kochi-Muziris Biennale Site was amazing.
4978,1660,183,3,A historical wonder with rich heritage and architecture! Visiting Hill Palace Museum was amazing.
4979,1660,1517,5,A historical wonder with rich heritage and architecture! Visiting Hill Palace Museum was amazing.
4980,1660,1920,2,A historical wonder with rich heritage and architecture! Visiting Hill Palace Museum was amazing.
4981,1661,1525,1,A wonderful and memorable travel experience! Visiting Marine Drive Kochi was amazing.
4982,1661,1174,3,A wonderful and memorable travel experience! Visiting Marine Drive Kochi was amazing.
4983,1661,261,3,A wonderful and memorable travel experience! Visiting Marine Drive Kochi was amazing.
4984,1662,1954,4,A historical wonder with rich heritage and architecture! Visiting Bolgatty Palace was amazing.
4985,1662,1182,1,A historical wonder with rich heritage and architecture! Visiting Bolgatty Palace was amazing.
4986,1662,637,1,A historical wonder with rich heritage and architecture! Visiting Bolgatty Palace was amazing.
4987,1663,1209,5,A wonderful and memorable travel experience! Visiting Willingdon Island was amazing.
4988,1663,389,4,A wonderful and memorable travel experience! Visiting Willingdon Island was amazing.
4989,1663,868,3,A wonderful and memorable travel experience! Visiting Willingdon Island was amazing.
4990,1664,1580,3,A wonderful and memorable travel experience! Visiting Lulu Mall Kochi was amazing.
4991,1664,1634,2,A wonderful and memorable travel experience! Visiting Lulu Mall Kochi was amazing.
4992,1664,1065,5,A wonderful and memorable travel experience! Visiting Lulu Mall Kochi was amazing.
4993,1665,1210,2,A wonderful and memorable travel experience! Visiting Wonderla Kochi was amazing.
4994,1665,219,4,A wonderful and memorable travel experience! Visiting Wonderla Kochi was amazing.
4995,1665,19,5,A wonderful and memorable travel experience! Visiting Wonderla Kochi was amazing.
4996,1666,1746,4,An exciting wildlife experience close to nature! Visiting Mangalavanam Bird Sanctuary was amazing.
4997,1666,648,2,An exciting wildlife experience close to nature! Visiting Mangalavanam Bird Sanctuary was amazing.
4998,1666,1672,3,An exciting wildlife experience close to nature! Visiting Mangalavanam Bird Sanctuary was amazing.
4999,1667,1715,2,Incredible natural beauty with scenic landscapes! Visiting Athirappilly Falls was amazing.
5000,1667,1024,4,Incredible natural beauty with scenic landscapes! Visiting Athirappilly Falls was amazing.
5001,1667,302,5,Incredible natural beauty with scenic landscapes! Visiting Athirappilly Falls was amazing.
5002,1668,581,2,Incredible natural beauty with scenic landscapes! Visiting Charpa Falls was amazing.
5003,1668,1530,1,Incredible natural beauty with scenic landscapes! Visiting Charpa Falls was amazing.
5004,1668,1227,3,Incredible natural beauty with scenic landscapes! Visiting Charpa Falls was amazing.
5005,1669,633,5,Incredible natural beauty with scenic landscapes! Visiting Vazhachal Waterfalls was amazing.
5006,1669,1411,1,Incredible natural beauty with scenic landscapes! Visiting Vazhachal Waterfalls was amazing.
5007,1669,561,5,Incredible natural beauty with scenic landscapes! Visiting Vazhachal Waterfalls was amazing.
5008,1670,980,2,Incredible natural beauty with scenic landscapes! Visiting Thumboormuzhi Dam was amazing.
5009,1670,1014,3,Incredible natural beauty with scenic landscapes! Visiting Thumboormuzhi Dam was amazing.
5010,1670,1443,4,Incredible natural beauty with scenic landscapes! Visiting Thumboormuzhi Dam was amazing.
5011,1671,121,3,A wonderful and memorable travel experience! Visiting Sholayar Dam was amazing.
5012,1671,313,2,A wonderful and memorable travel experience! Visiting Sholayar Dam was amazing.
5013,1671,1737,2,A wonderful and memorable travel experience! Visiting Sholayar Dam was amazing.
5014,1672,1435,1,A peaceful and spiritually uplifting destination. Visiting Vadakkunnathan Temple was amazing.
5015,1672,1891,2,A peaceful and spiritually uplifting destination. Visiting Vadakkunnathan Temple was amazing.
5016,1672,1755,4,A peaceful and spiritually uplifting destination. Visiting Vadakkunnathan Temple was amazing.
5017,1673,1490,4,An exciting wildlife experience close to nature! Visiting Thrissur Zoo and Museum was amazing.
5018,1673,613,2,An exciting wildlife experience close to nature! Visiting Thrissur Zoo and Museum was amazing.
5019,1673,45,5,An exciting wildlife experience close to nature! Visiting Thrissur Zoo and Museum was amazing.
5020,1674,804,3,A historical wonder with rich heritage and architecture! Visiting Sakthan Thampuran Palace was amazing.
5021,1674,866,4,A historical wonder with rich heritage and architecture! Visiting Sakthan Thampuran Palace was amazing.
5022,1674,714,4,A historical wonder with rich heritage and architecture! Visiting Sakthan Thampuran Palace was amazing.
5023,1675,801,1,Incredible natural beauty with scenic landscapes! Visiting Vilangan Kunnu was amazing.
5024,1675,1082,3,Incredible natural beauty with scenic landscapes! Visiting Vilangan Kunnu was amazing.
5025,1675,579,2,Incredible natural beauty with scenic landscapes! Visiting Vilangan Kunnu was amazing.
5026,1676,1436,5,Loved the beaches and relaxing coastal vibes! Visiting Snehatheeram Beach was amazing.
5027,1676,807,1,Loved the beaches and relaxing coastal vibes! Visiting Snehatheeram Beach was amazing.
5028,1676,269,3,Loved the beaches and relaxing coastal vibes! Visiting Snehatheeram Beach was amazing.
5029,1677,1541,5,Loved the beaches and relaxing coastal vibes! Visiting Chavakkad Beach was amazing.
5030,1677,1774,1,Loved the beaches and relaxing coastal vibes! Visiting Chavakkad Beach was amazing.
5031,1677,1741,3,Loved the beaches and relaxing coastal vibes! Visiting Chavakkad Beach was amazing.
5032,1678,938,2,An exciting wildlife experience close to nature! Visiting Peechi-Vazhani Sanctuary was amazing.
5033,1678,1183,2,An exciting wildlife experience close to nature! Visiting Peechi-Vazhani Sanctuary was amazing.
5034,1678,905,4,An exciting wildlife experience close to nature! Visiting Peechi-Vazhani Sanctuary was amazing.
5035,1679,597,2,A wonderful and memorable travel experience! Visiting Peechi Dam was amazing.
5036,1679,430,2,A wonderful and memorable travel experience! Visiting Peechi Dam was amazing.
5037,1679,1648,2,A wonderful and memorable travel experience! Visiting Peechi Dam was amazing.
5038,1680,1506,1,An exciting wildlife experience close to nature! Visiting Guruvayur Temple Elephant Camp was amazing.
5039,1680,742,5,An exciting wildlife experience close to nature! Visiting Guruvayur Temple Elephant Camp was amazing.
5040,1680,209,2,An exciting wildlife experience close to nature! Visiting Guruvayur Temple Elephant Camp was amazing.
5041,1681,772,4,Incredible natural beauty with scenic landscapes! Visiting Anakkayam was amazing.
5042,1681,1392,2,Incredible natural beauty with scenic landscapes! Visiting Anakkayam was amazing.
5043,1681,1897,1,Incredible natural beauty with scenic landscapes! Visiting Anakkayam was amazing.
5044,1682,197,3,A peaceful and spiritually uplifting destination. Visiting Kodungallur Bhagavathy was amazing.
5045,1682,1996,4,A peaceful and spiritually uplifting destination. Visiting Kodungallur Bhagavathy was amazing.
5046,1682,368,1,A peaceful and spiritually uplifting destination. Visiting Kodungallur Bhagavathy was amazing.
5047,1683,241,5,A peaceful and spiritually uplifting destination. Visiting Cheraman Juma Masjid was amazing.
5048,1683,1332,3,A peaceful and spiritually uplifting destination. Visiting Cheraman Juma Masjid was amazing.
5049,1683,1216,4,A peaceful and spiritually uplifting destination. Visiting Cheraman Juma Masjid was amazing.
5050,1684,1987,2,A peaceful and spiritually uplifting destination. Visiting Dolours Basilica was amazing.
5051,1684,1285,4,A peaceful and spiritually uplifting destination. Visiting Dolours Basilica was amazing.
5052,1684,502,1,A peaceful and spiritually uplifting destination. Visiting Dolours Basilica was amazing.
5053,1685,244,2,Thrilling adventure activities and excitement! Visiting Silent Valley Safari was amazing.
5054,1685,813,4,Thrilling adventure activities and excitement! Visiting Silent Valley Safari was amazing.
5055,1685,620,5,Thrilling adventure activities and excitement! Visiting Silent Valley Safari was amazing.
5056,1686,1955,2,A wonderful and memorable travel experience! Visiting Malampuzha Rock Garden was amazing.
5057,1686,1337,4,A wonderful and memorable travel experience! Visiting Malampuzha Rock Garden was amazing.
5058,1686,1589,1,A wonderful and memorable travel experience! Visiting Malampuzha Rock Garden was amazing.
5059,1687,1593,4,Thrilling adventure activities and excitement! Visiting Malampuzha Ropeway was amazing.
5060,1687,1772,4,Thrilling adventure activities and excitement! Visiting Malampuzha Ropeway was amazing.
5061,1687,564,4,Thrilling adventure activities and excitement! Visiting Malampuzha Ropeway was amazing.
5062,1688,753,1,A historical wonder with rich heritage and architecture! Visiting Palakkad Fort (Tipu's Fort) was amazing.
5063,1688,246,1,A historical wonder with rich heritage and architecture! Visiting Palakkad Fort (Tipu's Fort) was amazing.
5064,1688,170,1,A historical wonder with rich heritage and architecture! Visiting Palakkad Fort (Tipu's Fort) was amazing.
5065,1689,1002,5,Incredible natural beauty with scenic landscapes! Visiting Dhoni Waterfalls was amazing.
5066,1689,461,1,Incredible natural beauty with scenic landscapes! Visiting Dhoni Waterfalls was amazing.
5067,1689,1202,5,Incredible natural beauty with scenic landscapes! Visiting Dhoni Waterfalls was amazing.
5068,1690,1173,4,A wonderful and memorable travel experience! Visiting Fantasy Park Palakkad was amazing.
5069,1690,561,1,A wonderful and memorable travel experience! Visiting Fantasy Park Palakkad was amazing.
5070,1690,1627,5,A wonderful and memorable travel experience! Visiting Fantasy Park Palakkad was amazing.
5071,1691,371,4,Incredible natural beauty with scenic landscapes! Visiting Attapadi Hills was amazing.
5072,1691,992,4,Incredible natural beauty with scenic landscapes! Visiting Attapadi Hills was amazing.
5073,1691,612,5,Incredible natural beauty with scenic landscapes! Visiting Attapadi Hills was amazing.
5074,1692,257,1,Incredible natural beauty with scenic landscapes! Visiting Meenvallam Waterfalls was amazing.
5075,1692,667,1,Incredible natural beauty with scenic landscapes! Visiting Meenvallam Waterfalls was amazing.
5076,1692,1462,5,Incredible natural beauty with scenic landscapes! Visiting Meenvallam Waterfalls was amazing.
5077,1693,379,4,A wonderful and memorable travel experience! Visiting Kanjirapuzha Dam was amazing.
5078,1693,1665,1,A wonderful and memorable travel experience! Visiting Kanjirapuzha Dam was amazing.
5079,1693,807,5,A wonderful and memorable travel experience! Visiting Kanjirapuzha Dam was amazing.
5080,1694,1675,5,A wonderful and memorable travel experience! Visiting Varikkassery Mana was amazing.
5081,1694,1605,5,A wonderful and memorable travel experience! Visiting Varikkassery Mana was amazing.
5082,1694,1001,1,A wonderful and memorable travel experience! Visiting Varikkassery Mana was amazing.
5083,1695,1063,5,A wonderful and memorable travel experience! Visiting Kalpathy Heritage Village was amazing.
5084,1695,1104,1,A wonderful and memorable travel experience! Visiting Kalpathy Heritage Village was amazing.
5085,1695,1544,2,A wonderful and memorable travel experience! Visiting Kalpathy Heritage Village was amazing.
5086,1696,1978,1,Incredible natural beauty with scenic landscapes! Visiting Seethargundu Viewpoint was amazing.
5087,1696,371,5,Incredible natural beauty with scenic landscapes! Visiting Seethargundu Viewpoint was amazing.
5088,1696,1424,2,Incredible natural beauty with scenic landscapes! Visiting Seethargundu Viewpoint was amazing.
5089,1697,11,5,A wonderful and memorable travel experience! Visiting Pothundi Dam was amazing.
5090,1697,916,3,A wonderful and memorable travel experience! Visiting Pothundi Dam was amazing.
5091,1697,252,1,A wonderful and memorable travel experience! Visiting Pothundi Dam was amazing.
5092,1698,264,5,Incredible natural beauty with scenic landscapes! Visiting Nelliyampathy Orange Farm was amazing.
5093,1698,423,2,Incredible natural beauty with scenic landscapes! Visiting Nelliyampathy Orange Farm was amazing.
5094,1698,180,5,Incredible natural beauty with scenic landscapes! Visiting Nelliyampathy Orange Farm was amazing.
5095,1699,526,1,An exciting wildlife experience close to nature! Visiting Chulanur Peacock Sanctuary was amazing.
5096,1699,174,1,An exciting wildlife experience close to nature! Visiting Chulanur Peacock Sanctuary was amazing.
5097,1699,1037,3,An exciting wildlife experience close to nature! Visiting Chulanur Peacock Sanctuary was amazing.
5098,1700,745,5,An exciting wildlife experience close to nature! Visiting Parambikulam Tiger Reserve was amazing.
5099,1700,352,4,An exciting wildlife experience close to nature! Visiting Parambikulam Tiger Reserve was amazing.
5100,1700,1936,1,An exciting wildlife experience close to nature! Visiting Parambikulam Tiger Reserve was amazing.
5101,1701,509,3,A wonderful and memorable travel experience! Visiting Vizag Fishing Harbour was amazing.
5102,1701,95,5,A wonderful and memorable travel experience! Visiting Vizag Fishing Harbour was amazing.
5103,1701,1853,3,A wonderful and memorable travel experience! Visiting Vizag Fishing Harbour was amazing.
5104,1702,1350,5,Loved the beaches and relaxing coastal vibes! Visiting Ramakrishna Beach was amazing.
5105,1702,912,2,Loved the beaches and relaxing coastal vibes! Visiting Ramakrishna Beach was amazing.
5106,1702,1182,4,Loved the beaches and relaxing coastal vibes! Visiting Ramakrishna Beach was amazing.
5107,1703,1424,3,A wonderful and memorable travel experience! Visiting Submarine Museum (Kursura) was amazing.
5108,1703,1071,3,A wonderful and memorable travel experience! Visiting Submarine Museum (Kursura) was amazing.
5109,1703,1242,5,A wonderful and memorable travel experience! Visiting Submarine Museum (Kursura) was amazing.
5110,1704,1046,2,A wonderful and memorable travel experience! Visiting TU 142 Aircraft Museum was amazing.
5111,1704,1409,1,A wonderful and memorable travel experience! Visiting TU 142 Aircraft Museum was amazing.
5112,1704,1358,1,A wonderful and memorable travel experience! Visiting TU 142 Aircraft Museum was amazing.
5113,1705,486,1,A historical wonder with rich heritage and architecture! Visiting Victory at Sea Memorial was amazing.
5114,1705,386,2,A historical wonder with rich heritage and architecture! Visiting Victory at Sea Memorial was amazing.
5115,1705,614,2,A historical wonder with rich heritage and architecture! Visiting Victory at Sea Memorial was amazing.
5116,1706,1961,2,Incredible natural beauty with scenic landscapes! Visiting Vuda Park was amazing.
5117,1706,1234,5,Incredible natural beauty with scenic landscapes! Visiting Vuda Park was amazing.
5118,1706,443,5,Incredible natural beauty with scenic landscapes! Visiting Vuda Park was amazing.
5119,1707,736,3,Thrilling adventure activities and excitement! Visiting Kailasagiri Ropeway was amazing.
5120,1707,264,5,Thrilling adventure activities and excitement! Visiting Kailasagiri Ropeway was amazing.
5121,1707,865,1,Thrilling adventure activities and excitement! Visiting Kailasagiri Ropeway was amazing.
5122,1708,1127,3,Incredible natural beauty with scenic landscapes! Visiting Tenneti Park was amazing.
5123,1708,534,4,Incredible natural beauty with scenic landscapes! Visiting Tenneti Park was amazing.
5124,1708,1331,2,Incredible natural beauty with scenic landscapes! Visiting Tenneti Park was amazing.
5125,1709,820,4,A peaceful and spiritually uplifting destination. Visiting Ross Hill Chapel was amazing.
5126,1709,171,3,A peaceful and spiritually uplifting destination. Visiting Ross Hill Chapel was amazing.
5127,1709,1386,4,A peaceful and spiritually uplifting destination. Visiting Ross Hill Chapel was amazing.
5128,1710,1926,2,A historical wonder with rich heritage and architecture! Visiting Dolphin's Nose Lighthouse was amazing.
5129,1710,1098,2,A historical wonder with rich heritage and architecture! Visiting Dolphin's Nose Lighthouse was amazing.
5130,1710,145,3,A historical wonder with rich heritage and architecture! Visiting Dolphin's Nose Lighthouse was amazing.
5131,1711,1297,2,A historical wonder with rich heritage and architecture! Visiting Thotlakonda Buddhist Complex was amazing.
5132,1711,1464,3,A historical wonder with rich heritage and architecture! Visiting Thotlakonda Buddhist Complex was amazing.
5133,1711,1155,5,A historical wonder with rich heritage and architecture! Visiting Thotlakonda Buddhist Complex was amazing.
5134,1712,1239,2,A historical wonder with rich heritage and architecture! Visiting Bavikonda Monastery was amazing.
5135,1712,860,2,A historical wonder with rich heritage and architecture! Visiting Bavikonda Monastery was amazing.
5136,1712,648,4,A historical wonder with rich heritage and architecture! Visiting Bavikonda Monastery was amazing.
5137,1713,777,1,An exciting wildlife experience close to nature! Visiting Indira Gandhi Zoological Park was amazing.
5138,1713,1975,5,An exciting wildlife experience close to nature! Visiting Indira Gandhi Zoological Park was amazing.
5139,1713,507,1,An exciting wildlife experience close to nature! Visiting Indira Gandhi Zoological Park was amazing.
5140,1714,554,1,Incredible natural beauty with scenic landscapes! Visiting Kambalakonda Eco Park was amazing.
5141,1714,1089,1,Incredible natural beauty with scenic landscapes! Visiting Kambalakonda Eco Park was amazing.
5142,1714,1401,5,Incredible natural beauty with scenic landscapes! Visiting Kambalakonda Eco Park was amazing.
5143,1715,834,1,A historical wonder with rich heritage and architecture! Visiting Hawa Mahal Vizag was amazing.
5144,1715,675,1,A historical wonder with rich heritage and architecture! Visiting Hawa Mahal Vizag was amazing.
5145,1715,744,3,A historical wonder with rich heritage and architecture! Visiting Hawa Mahal Vizag was amazing.
5146,1716,1594,3,Loved the beaches and relaxing coastal vibes! Visiting Appikonda Beach was amazing.
5147,1716,300,2,Loved the beaches and relaxing coastal vibes! Visiting Appikonda Beach was amazing.
5148,1716,561,1,Loved the beaches and relaxing coastal vibes! Visiting Appikonda Beach was amazing.
5149,1717,201,4,Loved the beaches and relaxing coastal vibes! Visiting Gangavaram Beach was amazing.
5150,1717,1985,2,Loved the beaches and relaxing coastal vibes! Visiting Gangavaram Beach was amazing.
5151,1717,776,1,Loved the beaches and relaxing coastal vibes! Visiting Gangavaram Beach was amazing.
5152,1718,1604,1,A wonderful and memorable travel experience! Visiting Vizag Container Terminal View was amazing.
5153,1718,360,5,A wonderful and memorable travel experience! Visiting Vizag Container Terminal View was amazing.
5154,1718,1492,3,A wonderful and memorable travel experience! Visiting Vizag Container Terminal View was amazing.
5155,1719,1206,4,Incredible natural beauty with scenic landscapes! Visiting Bejjipuram Hill was amazing.
5156,1719,196,5,Incredible natural beauty with scenic landscapes! Visiting Bejjipuram Hill was amazing.
5157,1719,715,5,Incredible natural beauty with scenic landscapes! Visiting Bejjipuram Hill was amazing.
5158,1720,1773,3,A peaceful and spiritually uplifting destination. Visiting Arasavalli Sun Temple was amazing.
5159,1720,1130,3,A peaceful and spiritually uplifting destination. Visiting Arasavalli Sun Temple was amazing.
5160,1720,1245,1,A peaceful and spiritually uplifting destination. Visiting Arasavalli Sun Temple was amazing.
5161,1721,1837,1,A peaceful and spiritually uplifting destination. Visiting Srimukhalingam Temple was amazing.
5162,1721,350,3,A peaceful and spiritually uplifting destination. Visiting Srimukhalingam Temple was amazing.
5163,1721,1939,4,A peaceful and spiritually uplifting destination. Visiting Srimukhalingam Temple was amazing.
5164,1722,371,3,Loved the beaches and relaxing coastal vibes! Visiting Kalingapatnam Beach was amazing.
5165,1722,1651,5,Loved the beaches and relaxing coastal vibes! Visiting Kalingapatnam Beach was amazing.
5166,1722,1130,5,Loved the beaches and relaxing coastal vibes! Visiting Kalingapatnam Beach was amazing.
5167,1723,1807,4,A historical wonder with rich heritage and architecture! Visiting Salihundam Buddhist Site was amazing.
5168,1723,977,5,A historical wonder with rich heritage and architecture! Visiting Salihundam Buddhist Site was amazing.
5169,1723,262,3,A historical wonder with rich heritage and architecture! Visiting Salihundam Buddhist Site was amazing.
5170,1724,20,5,An exciting wildlife experience close to nature! Visiting Telineelapuram Bird Sanctuary was amazing.
5171,1724,1461,2,An exciting wildlife experience close to nature! Visiting Telineelapuram Bird Sanctuary was amazing.
5172,1724,1347,2,An exciting wildlife experience close to nature! Visiting Telineelapuram Bird Sanctuary was amazing.
5173,1725,293,4,Loved the beaches and relaxing coastal vibes! Visiting Baruva Beach was amazing.
5174,1725,1163,3,Loved the beaches and relaxing coastal vibes! Visiting Baruva Beach was amazing.
5175,1725,109,3,Loved the beaches and relaxing coastal vibes! Visiting Baruva Beach was amazing.
5176,1726,1449,2,Loved the beaches and relaxing coastal vibes! Visiting Mandraza Beach was amazing.
5177,1726,1389,5,Loved the beaches and relaxing coastal vibes! Visiting Mandraza Beach was amazing.
5178,1726,857,4,Loved the beaches and relaxing coastal vibes! Visiting Mandraza Beach was amazing.
5179,1727,375,4,A peaceful and spiritually uplifting destination. Visiting Pydithalli Ammavaru Temple was amazing.
5180,1727,725,4,A peaceful and spiritually uplifting destination. Visiting Pydithalli Ammavaru Temple was amazing.
5181,1727,1029,3,A peaceful and spiritually uplifting destination. Visiting Pydithalli Ammavaru Temple was amazing.
5182,1728,565,4,A historical wonder with rich heritage and architecture! Visiting Vizianagaram Fort was amazing.
5183,1728,1067,2,A historical wonder with rich heritage and architecture! Visiting Vizianagaram Fort was amazing.
5184,1728,626,1,A historical wonder with rich heritage and architecture! Visiting Vizianagaram Fort was amazing.
5185,1729,1941,3,A wonderful and memorable travel experience! Visiting Gantyada Dam was amazing.
5186,1729,833,3,A wonderful and memorable travel experience! Visiting Gantyada Dam was amazing.
5187,1729,1732,1,A wonderful and memorable travel experience! Visiting Gantyada Dam was amazing.
5188,1730,1300,1,Incredible natural beauty with scenic landscapes! Visiting Thatipudi Reservoir was amazing.
5189,1730,158,2,Incredible natural beauty with scenic landscapes! Visiting Thatipudi Reservoir was amazing.
5190,1730,1936,1,Incredible natural beauty with scenic landscapes! Visiting Thatipudi Reservoir was amazing.
5191,1731,339,5,A wonderful and memorable travel experience! Visiting Raivada Dam was amazing.
5192,1731,118,1,A wonderful and memorable travel experience! Visiting Raivada Dam was amazing.
5193,1731,1523,3,A wonderful and memorable travel experience! Visiting Raivada Dam was amazing.
5194,1732,1135,4,A historical wonder with rich heritage and architecture! Visiting Bobbili Fort was amazing.
5195,1732,1656,1,A historical wonder with rich heritage and architecture! Visiting Bobbili Fort was amazing.
5196,1732,1971,4,A historical wonder with rich heritage and architecture! Visiting Bobbili Fort was amazing.
5197,1733,1387,5,A wonderful and memorable travel experience! Visiting Bobbili Veena Craft was amazing.
5198,1733,1910,2,A wonderful and memorable travel experience! Visiting Bobbili Veena Craft was amazing.
5199,1733,983,4,A wonderful and memorable travel experience! Visiting Bobbili Veena Craft was amazing.
5200,1734,1055,5,A wonderful and memorable travel experience! Visiting Chodavaram Jaggery Market was amazing.
5201,1734,1430,1,A wonderful and memorable travel experience! Visiting Chodavaram Jaggery Market was amazing.
5202,1734,831,1,A wonderful and memorable travel experience! Visiting Chodavaram Jaggery Market was amazing.
5203,1735,1263,2,A wonderful and memorable travel experience! Visiting Anakapalle Bellam Market was amazing.
5204,1735,1866,1,A wonderful and memorable travel experience! Visiting Anakapalle Bellam Market was amazing.
5205,1735,1463,4,A wonderful and memorable travel experience! Visiting Anakapalle Bellam Market was amazing.
5206,1736,1439,5,A historical wonder with rich heritage and architecture! Visiting Bojjannakonda Caves was amazing.
5207,1736,1536,3,A historical wonder with rich heritage and architecture! Visiting Bojjannakonda Caves was amazing.
5208,1736,501,5,A historical wonder with rich heritage and architecture! Visiting Bojjannakonda Caves was amazing.
5209,1737,1401,5,A historical wonder with rich heritage and architecture! Visiting Lingalakonda Caves was amazing.
5210,1737,87,5,A historical wonder with rich heritage and architecture! Visiting Lingalakonda Caves was amazing.
5211,1737,919,2,A historical wonder with rich heritage and architecture! Visiting Lingalakonda Caves was amazing.
5212,1738,1382,5,Incredible natural beauty with scenic landscapes! Visiting Kondakarla Ava Lake was amazing.
5213,1738,1851,2,Incredible natural beauty with scenic landscapes! Visiting Kondakarla Ava Lake was amazing.
5214,1738,359,1,Incredible natural beauty with scenic landscapes! Visiting Kondakarla Ava Lake was amazing.
5215,1739,752,2,A wonderful and memorable travel experience! Visiting Etikoppaka Toys Village was amazing.
5216,1739,1053,3,A wonderful and memorable travel experience! Visiting Etikoppaka Toys Village was amazing.
5217,1739,1951,1,A wonderful and memorable travel experience! Visiting Etikoppaka Toys Village was amazing.
5218,1740,866,4,A peaceful and spiritually uplifting destination. Visiting Upmaka Venkateswara Temple was amazing.
5219,1740,777,2,A peaceful and spiritually uplifting destination. Visiting Upmaka Venkateswara Temple was amazing.
5220,1740,765,1,A peaceful and spiritually uplifting destination. Visiting Upmaka Venkateswara Temple was amazing.
5221,1741,693,2,A historical wonder with rich heritage and architecture! Visiting Pavuralakonda Hill was amazing.
5222,1741,1704,5,A historical wonder with rich heritage and architecture! Visiting Pavuralakonda Hill was amazing.
5223,1741,1743,1,A historical wonder with rich heritage and architecture! Visiting Pavuralakonda Hill was amazing.
5224,1742,595,3,A historical wonder with rich heritage and architecture! Visiting Ghosha Hospital Building was amazing.
5225,1742,990,3,A historical wonder with rich heritage and architecture! Visiting Ghosha Hospital Building was amazing.
5226,1742,543,2,A historical wonder with rich heritage and architecture! Visiting Ghosha Hospital Building was amazing.
5227,1743,5,5,A historical wonder with rich heritage and architecture! Visiting Dutch Cemetery Bheemili was amazing.
5228,1743,807,2,A historical wonder with rich heritage and architecture! Visiting Dutch Cemetery Bheemili was amazing.
5229,1743,1891,3,A historical wonder with rich heritage and architecture! Visiting Dutch Cemetery Bheemili was amazing.
5230,1744,1903,5,A historical wonder with rich heritage and architecture! Visiting Light House Bheemili was amazing.
5231,1744,1692,1,A historical wonder with rich heritage and architecture! Visiting Light House Bheemili was amazing.
5232,1744,1916,4,A historical wonder with rich heritage and architecture! Visiting Light House Bheemili was amazing.
5233,1745,1828,5,Incredible natural beauty with scenic landscapes! Visiting Tagore's View Point was amazing.
5234,1745,1738,4,Incredible natural beauty with scenic landscapes! Visiting Tagore's View Point was amazing.
5235,1745,118,3,Incredible natural beauty with scenic landscapes! Visiting Tagore's View Point was amazing.
5236,1746,13,5,A wonderful and memorable travel experience! Visiting Vistadome Train Ride was amazing.
5237,1746,943,3,A wonderful and memorable travel experience! Visiting Vistadome Train Ride was amazing.
5238,1746,612,3,A wonderful and memorable travel experience! Visiting Vistadome Train Ride was amazing.
5239,1747,220,1,Thrilling adventure activities and excitement! Visiting Tyda Jungle Bells was amazing.
5240,1747,717,2,Thrilling adventure activities and excitement! Visiting Tyda Jungle Bells was amazing.
5241,1747,824,3,Thrilling adventure activities and excitement! Visiting Tyda Jungle Bells was amazing.
5242,1748,19,1,Incredible natural beauty with scenic landscapes! Visiting Katiki Waterfalls was amazing.
5243,1748,883,4,Incredible natural beauty with scenic landscapes! Visiting Katiki Waterfalls was amazing.
5244,1748,405,1,Incredible natural beauty with scenic landscapes! Visiting Katiki Waterfalls was amazing.
5245,1749,1084,5,Incredible natural beauty with scenic landscapes! Visiting Chaprai Water Cascade was amazing.
5246,1749,1841,2,Incredible natural beauty with scenic landscapes! Visiting Chaprai Water Cascade was amazing.
5247,1749,842,1,Incredible natural beauty with scenic landscapes! Visiting Chaprai Water Cascade was amazing.
5248,1750,1871,4,A wonderful and memorable travel experience! Visiting Coffee Museum Araku was amazing.
5249,1750,15,2,A wonderful and memorable travel experience! Visiting Coffee Museum Araku was amazing.
5250,1750,1576,3,A wonderful and memorable travel experience! Visiting Coffee Museum Araku was amazing.
5251,1751,464,4,A wonderful and memorable travel experience! Visiting National Rail Museum was amazing.
5252,1751,810,3,A wonderful and memorable travel experience! Visiting National Rail Museum was amazing.
5253,1751,613,3,A wonderful and memorable travel experience! Visiting National Rail Museum was amazing.
5254,1752,878,2,A wonderful and memorable travel experience! Visiting National Science Centre was amazing.
5255,1752,1099,3,A wonderful and memorable travel experience! Visiting National Science Centre was amazing.
5256,1752,223,4,A wonderful and memorable travel experience! Visiting National Science Centre was amazing.
5257,1753,1345,4,A wonderful and memorable travel experience! Visiting Shankar's International Dolls Museum was amazing.
5258,1753,332,2,A wonderful and memorable travel experience! Visiting Shankar's International Dolls Museum was amazing.
5259,1753,725,4,A wonderful and memorable travel experience! Visiting Shankar's International Dolls Museum was amazing.
5260,1754,12,3,A wonderful and memorable travel experience! Visiting National Museum Delhi was amazing.
5261,1754,1810,2,A wonderful and memorable travel experience! Visiting National Museum Delhi was amazing.
5262,1754,227,2,A wonderful and memorable travel experience! Visiting National Museum Delhi was amazing.
5263,1755,584,1,A wonderful and memorable travel experience! Visiting Crafts Museum was amazing.
5264,1755,274,4,A wonderful and memorable travel experience! Visiting Crafts Museum was amazing.
5265,1755,863,3,A wonderful and memorable travel experience! Visiting Crafts Museum was amazing.
5266,1756,1846,1,A historical wonder with rich heritage and architecture! Visiting Nehru Memorial Museum was amazing.
5267,1756,329,2,A historical wonder with rich heritage and architecture! Visiting Nehru Memorial Museum was amazing.
5268,1756,1943,4,A historical wonder with rich heritage and architecture! Visiting Nehru Memorial Museum was amazing.
5269,1757,1966,3,A historical wonder with rich heritage and architecture! Visiting Indira Gandhi Memorial Museum was amazing.
5270,1757,244,4,A historical wonder with rich heritage and architecture! Visiting Indira Gandhi Memorial Museum was amazing.
5271,1757,1002,5,A historical wonder with rich heritage and architecture! Visiting Indira Gandhi Memorial Museum was amazing.
5272,1758,1015,2,A wonderful and memorable travel experience! Visiting Pradhanmantri Sangrahalaya was amazing.
5273,1758,666,4,A wonderful and memorable travel experience! Visiting Pradhanmantri Sangrahalaya was amazing.
5274,1758,1028,4,A wonderful and memorable travel experience! Visiting Pradhanmantri Sangrahalaya was amazing.
5275,1759,270,1,A wonderful and memorable travel experience! Visiting National Gallery of Modern Art was amazing.
5276,1759,1962,1,A wonderful and memorable travel experience! Visiting National Gallery of Modern Art was amazing.
5277,1759,1624,1,A wonderful and memorable travel experience! Visiting National Gallery of Modern Art was amazing.
5278,1760,259,2,A wonderful and memorable travel experience! Visiting Sulabh International Museum of Toilets was amazing.
5279,1760,705,5,A wonderful and memorable travel experience! Visiting Sulabh International Museum of Toilets was amazing.
5280,1760,28,2,A wonderful and memorable travel experience! Visiting Sulabh International Museum of Toilets was amazing.
5281,1761,107,3,A wonderful and memorable travel experience! Visiting Waste to Wonder Park was amazing.
5282,1761,880,5,A wonderful and memorable travel experience! Visiting Waste to Wonder Park was amazing.
5283,1761,1511,1,A wonderful and memorable travel experience! Visiting Waste to Wonder Park was amazing.
5284,1762,890,4,A wonderful and memorable travel experience! Visiting Bharat Darshan Park was amazing.
5285,1762,593,3,A wonderful and memorable travel experience! Visiting Bharat Darshan Park was amazing.
5286,1762,996,1,A wonderful and memorable travel experience! Visiting Bharat Darshan Park was amazing.
5287,1763,1559,4,Incredible natural beauty with scenic landscapes! Visiting Garden of Five Senses was amazing.
5288,1763,508,5,Incredible natural beauty with scenic landscapes! Visiting Garden of Five Senses was amazing.
5289,1763,313,5,Incredible natural beauty with scenic landscapes! Visiting Garden of Five Senses was amazing.
5290,1764,383,2,Incredible natural beauty with scenic landscapes! Visiting Lodhi Garden was amazing.
5291,1764,576,1,Incredible natural beauty with scenic landscapes! Visiting Lodhi Garden was amazing.
5292,1764,1770,3,Incredible natural beauty with scenic landscapes! Visiting Lodhi Garden was amazing.
5293,1765,1436,2,Incredible natural beauty with scenic landscapes! Visiting Sunder Nursery was amazing.
5294,1765,1365,4,Incredible natural beauty with scenic landscapes! Visiting Sunder Nursery was amazing.
5295,1765,407,4,Incredible natural beauty with scenic landscapes! Visiting Sunder Nursery was amazing.
5296,1766,1447,1,Incredible natural beauty with scenic landscapes! Visiting Mughal Garden (Amrit Udyan) was amazing.
5297,1766,1436,5,Incredible natural beauty with scenic landscapes! Visiting Mughal Garden (Amrit Udyan) was amazing.
5298,1766,1252,2,Incredible natural beauty with scenic landscapes! Visiting Mughal Garden (Amrit Udyan) was amazing.
5299,1767,387,5,A historical wonder with rich heritage and architecture! Visiting Safdarjung Tomb was amazing.
5300,1767,1289,2,A historical wonder with rich heritage and architecture! Visiting Safdarjung Tomb was amazing.
5301,1767,470,1,A historical wonder with rich heritage and architecture! Visiting Safdarjung Tomb was amazing.
5302,1768,271,4,A historical wonder with rich heritage and architecture! Visiting Purana Qila (Old Fort) was amazing.
5303,1768,79,3,A historical wonder with rich heritage and architecture! Visiting Purana Qila (Old Fort) was amazing.
5304,1768,394,2,A historical wonder with rich heritage and architecture! Visiting Purana Qila (Old Fort) was amazing.
5305,1769,874,1,A historical wonder with rich heritage and architecture! Visiting Agrasen Ki Baoli was amazing.
5306,1769,1263,2,A historical wonder with rich heritage and architecture! Visiting Agrasen Ki Baoli was amazing.
5307,1769,187,1,A historical wonder with rich heritage and architecture! Visiting Agrasen Ki Baoli was amazing.
5308,1770,779,4,A historical wonder with rich heritage and architecture! Visiting Tughlaqabad Fort was amazing.
5309,1770,1076,3,A historical wonder with rich heritage and architecture! Visiting Tughlaqabad Fort was amazing.
5310,1770,1434,2,A historical wonder with rich heritage and architecture! Visiting Tughlaqabad Fort was amazing.
5311,1771,455,3,A historical wonder with rich heritage and architecture! Visiting Feroz Shah Kotla Fort was amazing.
5312,1771,873,4,A historical wonder with rich heritage and architecture! Visiting Feroz Shah Kotla Fort was amazing.
5313,1771,126,5,A historical wonder with rich heritage and architecture! Visiting Feroz Shah Kotla Fort was amazing.
5314,1772,875,1,A wonderful and memorable travel experience! Visiting Hauz Khas Village was amazing.
5315,1772,624,1,A wonderful and memorable travel experience! Visiting Hauz Khas Village was amazing.
5316,1772,552,3,A wonderful and memorable travel experience! Visiting Hauz Khas Village was amazing.
5317,1773,575,3,A historical wonder with rich heritage and architecture! Visiting Hauz Khas Fort and Lake was amazing.
5318,1773,1458,4,A historical wonder with rich heritage and architecture! Visiting Hauz Khas Fort and Lake was amazing.
5319,1773,506,3,A historical wonder with rich heritage and architecture! Visiting Hauz Khas Fort and Lake was amazing.
5320,1774,1834,1,A peaceful and spiritually uplifting destination. Visiting Chhatarpur Temple was amazing.
5321,1774,373,1,A peaceful and spiritually uplifting destination. Visiting Chhatarpur Temple was amazing.
5322,1774,2,1,A peaceful and spiritually uplifting destination. Visiting Chhatarpur Temple was amazing.
5323,1775,1353,3,A peaceful and spiritually uplifting destination. Visiting Kalkaji Temple was amazing.
5324,1775,435,3,A peaceful and spiritually uplifting destination. Visiting Kalkaji Temple was amazing.
5325,1775,967,3,A peaceful and spiritually uplifting destination. Visiting Kalkaji Temple was amazing.
5326,1776,1861,5,A peaceful and spiritually uplifting destination. Visiting Nizamuddin Dargah was amazing.
5327,1776,207,4,A peaceful and spiritually uplifting destination. Visiting Nizamuddin Dargah was amazing.
5328,1776,379,3,A peaceful and spiritually uplifting destination. Visiting Nizamuddin Dargah was amazing.
5329,1777,1943,4,A peaceful and spiritually uplifting destination. Visiting Gurudwara Bangla Sahib was amazing.
5330,1777,745,3,A peaceful and spiritually uplifting destination. Visiting Gurudwara Bangla Sahib was amazing.
5331,1777,624,1,A peaceful and spiritually uplifting destination. Visiting Gurudwara Bangla Sahib was amazing.
5332,1778,199,1,A peaceful and spiritually uplifting destination. Visiting Gurudwara Sis Ganj Sahib was amazing.
5333,1778,1399,5,A peaceful and spiritually uplifting destination. Visiting Gurudwara Sis Ganj Sahib was amazing.
5334,1778,1578,2,A peaceful and spiritually uplifting destination. Visiting Gurudwara Sis Ganj Sahib was amazing.
5335,1779,679,3,An exciting wildlife experience close to nature! Visiting National Zoological Park Delhi was amazing.
5336,1779,1519,3,An exciting wildlife experience close to nature! Visiting National Zoological Park Delhi was amazing.
5337,1779,1522,5,An exciting wildlife experience close to nature! Visiting National Zoological Park Delhi was amazing.
5338,1780,1084,5,An exciting wildlife experience close to nature! Visiting Okhla Bird Sanctuary was amazing.
5339,1780,762,2,An exciting wildlife experience close to nature! Visiting Okhla Bird Sanctuary was amazing.
5340,1780,1332,3,An exciting wildlife experience close to nature! Visiting Okhla Bird Sanctuary was amazing.
5341,1781,431,5,A wonderful and memorable travel experience! Visiting Noida Golf Course was amazing.
5342,1781,787,1,A wonderful and memorable travel experience! Visiting Noida Golf Course was amazing.
5343,1781,1817,1,A wonderful and memorable travel experience! Visiting Noida Golf Course was amazing.
5344,1782,268,5,A wonderful and memorable travel experience! Visiting Worlds of Wonder was amazing.
5345,1782,247,1,A wonderful and memorable travel experience! Visiting Worlds of Wonder was amazing.
5346,1782,1202,2,A wonderful and memorable travel experience! Visiting Worlds of Wonder was amazing.
5347,1783,396,4,Incredible natural beauty with scenic landscapes! Visiting Botanical Garden Noida was amazing.
5348,1783,1896,1,Incredible natural beauty with scenic landscapes! Visiting Botanical Garden Noida was amazing.
5349,1783,154,5,Incredible natural beauty with scenic landscapes! Visiting Botanical Garden Noida was amazing.
5350,1784,1268,3,A wonderful and memorable travel experience! Visiting DLF Mall of India was amazing.
5351,1784,618,4,A wonderful and memorable travel experience! Visiting DLF Mall of India was amazing.
5352,1784,1559,2,A wonderful and memorable travel experience! Visiting DLF Mall of India was amazing.
5353,1785,1093,2,A wonderful and memorable travel experience! Visiting Brahmaputra Market Noida was amazing.
5354,1785,90,2,A wonderful and memorable travel experience! Visiting Brahmaputra Market Noida was amazing.
5355,1785,393,4,A wonderful and memorable travel experience! Visiting Brahmaputra Market Noida was amazing.
5356,1786,1128,3,A peaceful and spiritually uplifting destination. Visiting Isipathana Buddhist Temple was amazing.
5357,1786,1826,5,A peaceful and spiritually uplifting destination. Visiting Isipathana Buddhist Temple was amazing.
5358,1786,1998,3,A peaceful and spiritually uplifting destination. Visiting Isipathana Buddhist Temple was amazing.
5359,1787,1833,3,A wonderful and memorable travel experience! Visiting Steller Children's Museum was amazing.
5360,1787,919,1,A wonderful and memorable travel experience! Visiting Steller Children's Museum was amazing.
5361,1787,1866,4,A wonderful and memorable travel experience! Visiting Steller Children's Museum was amazing.
5362,1788,139,4,A wonderful and memorable travel experience! Visiting Ambience Mall was amazing.
5363,1788,859,5,A wonderful and memorable travel experience! Visiting Ambience Mall was amazing.
5364,1788,1908,5,A wonderful and memorable travel experience! Visiting Ambience Mall was amazing.
5365,1789,1620,1,A wonderful and memorable travel experience! Visiting Appu Ghar was amazing.
5366,1789,342,5,A wonderful and memorable travel experience! Visiting Appu Ghar was amazing.
5367,1789,562,2,A wonderful and memorable travel experience! Visiting Appu Ghar was amazing.
5368,1790,594,1,A wonderful and memorable travel experience! Visiting NeverEnuf Garden Railway was amazing.
5369,1790,1958,5,A wonderful and memorable travel experience! Visiting NeverEnuf Garden Railway was amazing.
5370,1790,125,2,A wonderful and memorable travel experience! Visiting NeverEnuf Garden Railway was amazing.
5371,1791,1517,4,Thrilling adventure activities and excitement! Visiting Damdama Lake Resort was amazing.
5372,1791,1014,5,Thrilling adventure activities and excitement! Visiting Damdama Lake Resort was amazing.
5373,1791,1783,5,Thrilling adventure activities and excitement! Visiting Damdama Lake Resort was amazing.
5374,1792,1990,1,Incredible natural beauty with scenic landscapes! Visiting Aravalli Biodiversity Park was amazing.
5375,1792,339,4,Incredible natural beauty with scenic landscapes! Visiting Aravalli Biodiversity Park was amazing.
5376,1792,1538,5,Incredible natural beauty with scenic landscapes! Visiting Aravalli Biodiversity Park was amazing.
5377,1793,787,5,A wonderful and memorable travel experience! Visiting Museum of Folk and Tribal Art was amazing.
5378,1793,1597,4,A wonderful and memorable travel experience! Visiting Museum of Folk and Tribal Art was amazing.
5379,1793,821,5,A wonderful and memorable travel experience! Visiting Museum of Folk and Tribal Art was amazing.
5380,1794,557,2,A wonderful and memorable travel experience! Visiting Vintage Camera Museum was amazing.
5381,1794,377,1,A wonderful and memorable travel experience! Visiting Vintage Camera Museum was amazing.
5382,1794,328,5,A wonderful and memorable travel experience! Visiting Vintage Camera Museum was amazing.
5383,1795,447,5,A historical wonder with rich heritage and architecture! Visiting Farrukhnagar Fort was amazing.
5384,1795,1427,1,A historical wonder with rich heritage and architecture! Visiting Farrukhnagar Fort was amazing.
5385,1795,1801,5,A historical wonder with rich heritage and architecture! Visiting Farrukhnagar Fort was amazing.
5386,1796,933,5,Incredible natural beauty with scenic landscapes! Visiting Sultanpur Lake was amazing.
5387,1796,1450,5,Incredible natural beauty with scenic landscapes! Visiting Sultanpur Lake was amazing.
5388,1796,531,3,Incredible natural beauty with scenic landscapes! Visiting Sultanpur Lake was amazing.
5389,1797,1746,2,An exciting wildlife experience close to nature! Visiting Tilyar Mini Zoo was amazing.
5390,1797,607,3,An exciting wildlife experience close to nature! Visiting Tilyar Mini Zoo was amazing.
5391,1797,1131,1,An exciting wildlife experience close to nature! Visiting Tilyar Mini Zoo was amazing.
5392,1798,351,2,A peaceful and spiritually uplifting destination. Visiting Mansi Devi Temple Panchkula was amazing.
5393,1798,94,5,A peaceful and spiritually uplifting destination. Visiting Mansi Devi Temple Panchkula was amazing.
5394,1798,488,3,A peaceful and spiritually uplifting destination. Visiting Mansi Devi Temple Panchkula was amazing.
5395,1799,81,2,Incredible natural beauty with scenic landscapes! Visiting Cactus Garden Panchkula was amazing.
5396,1799,1930,3,Incredible natural beauty with scenic landscapes! Visiting Cactus Garden Panchkula was amazing.
5397,1799,1900,2,Incredible natural beauty with scenic landscapes! Visiting Cactus Garden Panchkula was amazing.
5398,1800,554,1,Incredible natural beauty with scenic landscapes! Visiting Yadavindra Gardens Pinjore was amazing.
5399,1800,1316,2,Incredible natural beauty with scenic landscapes! Visiting Yadavindra Gardens Pinjore was amazing.
5400,1800,1687,2,Incredible natural beauty with scenic landscapes! Visiting Yadavindra Gardens Pinjore was amazing.
5401,1801,1095,1,A historical wonder with rich heritage and architecture! Visiting Unakoti Hill Ruins was amazing.
5402,1801,3,3,A historical wonder with rich heritage and architecture! Visiting Unakoti Hill Ruins was amazing.
5403,1801,1296,5,A historical wonder with rich heritage and architecture! Visiting Unakoti Hill Ruins was amazing.
5404,1802,1992,3,A historical wonder with rich heritage and architecture! Visiting Ujjayanta Palace was amazing.
5405,1802,665,1,A historical wonder with rich heritage and architecture! Visiting Ujjayanta Palace was amazing.
5406,1802,1939,5,A historical wonder with rich heritage and architecture! Visiting Ujjayanta Palace was amazing.
5407,1803,541,2,A historical wonder with rich heritage and architecture! Visiting Neermahal Water Palace was amazing.
5408,1803,837,5,A historical wonder with rich heritage and architecture! Visiting Neermahal Water Palace was amazing.
5409,1803,604,3,A historical wonder with rich heritage and architecture! Visiting Neermahal Water Palace was amazing.
5410,1804,118,1,A peaceful and spiritually uplifting destination. Visiting Tripura Sundari Temple was amazing.
5411,1804,1688,3,A peaceful and spiritually uplifting destination. Visiting Tripura Sundari Temple was amazing.
5412,1804,450,3,A peaceful and spiritually uplifting destination. Visiting Tripura Sundari Temple was amazing.
5413,1805,362,3,Pleasant weather and stunning hill views! Visiting Jampui Hills was amazing.
5414,1805,1990,1,Pleasant weather and stunning hill views! Visiting Jampui Hills was amazing.
5415,1805,1101,5,Pleasant weather and stunning hill views! Visiting Jampui Hills was amazing.
5416,1806,218,4,An exciting wildlife experience close to nature! Visiting Sepahijala Wildlife Sanctuary was amazing.
5417,1806,1937,3,An exciting wildlife experience close to nature! Visiting Sepahijala Wildlife Sanctuary was amazing.
5418,1806,1782,5,An exciting wildlife experience close to nature! Visiting Sepahijala Wildlife Sanctuary was amazing.
5419,1807,1129,2,A historical wonder with rich heritage and architecture! Visiting Chabimura Rock Carvings was amazing.
5420,1807,1673,4,A historical wonder with rich heritage and architecture! Visiting Chabimura Rock Carvings was amazing.
5421,1807,452,3,A historical wonder with rich heritage and architecture! Visiting Chabimura Rock Carvings was amazing.
5422,1808,551,2,Incredible natural beauty with scenic landscapes! Visiting Dumboor Lake was amazing.
5423,1808,1192,4,Incredible natural beauty with scenic landscapes! Visiting Dumboor Lake was amazing.
5424,1808,319,4,Incredible natural beauty with scenic landscapes! Visiting Dumboor Lake was amazing.
5425,1809,475,4,A peaceful and spiritually uplifting destination. Visiting Bhubaneswari Temple was amazing.
5426,1809,755,2,A peaceful and spiritually uplifting destination. Visiting Bhubaneswari Temple was amazing.
5427,1809,1848,4,A peaceful and spiritually uplifting destination. Visiting Bhubaneswari Temple was amazing.
5428,1810,192,4,A historical wonder with rich heritage and architecture! Visiting Akhaura Check Post (Flag Ceremony) was amazing.
5429,1810,372,4,A historical wonder with rich heritage and architecture! Visiting Akhaura Check Post (Flag Ceremony) was amazing.
5430,1810,379,2,A historical wonder with rich heritage and architecture! Visiting Akhaura Check Post (Flag Ceremony) was amazing.
5431,1811,387,5,Incredible natural beauty with scenic landscapes! Visiting Heritage Park Agartala was amazing.
5432,1811,1005,2,Incredible natural beauty with scenic landscapes! Visiting Heritage Park Agartala was amazing.
5433,1811,1327,3,Incredible natural beauty with scenic landscapes! Visiting Heritage Park Agartala was amazing.
5434,1812,44,3,A peaceful and spiritually uplifting destination. Visiting Fourteen Gods Temple was amazing.
5435,1812,334,2,A peaceful and spiritually uplifting destination. Visiting Fourteen Gods Temple was amazing.
5436,1812,1675,4,A peaceful and spiritually uplifting destination. Visiting Fourteen Gods Temple was amazing.
5437,1813,1408,5,A peaceful and spiritually uplifting destination. Visiting Solomon's Temple was amazing.
5438,1813,385,1,A peaceful and spiritually uplifting destination. Visiting Solomon's Temple was amazing.
5439,1813,294,1,A peaceful and spiritually uplifting destination. Visiting Solomon's Temple was amazing.
5440,1814,874,2,Incredible natural beauty with scenic landscapes! Visiting Durtlang Hills was amazing.
5441,1814,932,4,Incredible natural beauty with scenic landscapes! Visiting Durtlang Hills was amazing.
5442,1814,206,5,Incredible natural beauty with scenic landscapes! Visiting Durtlang Hills was amazing.
5443,1815,282,1,A wonderful and memorable travel experience! Visiting Mizoram State Museum was amazing.
5444,1815,1236,1,A wonderful and memorable travel experience! Visiting Mizoram State Museum was amazing.
5445,1815,774,4,A wonderful and memorable travel experience! Visiting Mizoram State Museum was amazing.
5446,1816,43,1,Thrilling adventure activities and excitement! Visiting Reiek Tlang was amazing.
5447,1816,1693,1,Thrilling adventure activities and excitement! Visiting Reiek Tlang was amazing.
5448,1816,1564,1,Thrilling adventure activities and excitement! Visiting Reiek Tlang was amazing.
5449,1817,271,2,Incredible natural beauty with scenic landscapes! Visiting Vantawng Falls was amazing.
5450,1817,1578,1,Incredible natural beauty with scenic landscapes! Visiting Vantawng Falls was amazing.
5451,1817,549,2,Incredible natural beauty with scenic landscapes! Visiting Vantawng Falls was amazing.
5452,1818,1923,5,A wonderful and memorable travel experience! Visiting Thenzawl Golf Resort was amazing.
5453,1818,28,1,A wonderful and memorable travel experience! Visiting Thenzawl Golf Resort was amazing.
5454,1818,1962,1,A wonderful and memorable travel experience! Visiting Thenzawl Golf Resort was amazing.
5455,1819,1111,3,Incredible natural beauty with scenic landscapes! Visiting Tam Dil Lake was amazing.
5456,1819,1747,1,Incredible natural beauty with scenic landscapes! Visiting Tam Dil Lake was amazing.
5457,1819,415,2,Incredible natural beauty with scenic landscapes! Visiting Tam Dil Lake was amazing.
5458,1820,984,5,Thrilling adventure activities and excitement! Visiting Phawngpui Blue Mountain was amazing.
5459,1820,1828,4,Thrilling adventure activities and excitement! Visiting Phawngpui Blue Mountain was amazing.
5460,1820,1671,2,Thrilling adventure activities and excitement! Visiting Phawngpui Blue Mountain was amazing.
5461,1821,630,3,A wonderful and memorable travel experience! Visiting Khomhmun Village was amazing.
5462,1821,981,2,A wonderful and memorable travel experience! Visiting Khomhmun Village was amazing.
5463,1821,500,1,A wonderful and memorable travel experience! Visiting Khomhmun Village was amazing.
5464,1822,1114,3,An exciting wildlife experience close to nature! Visiting Murlen National Park was amazing.
5465,1822,1286,5,An exciting wildlife experience close to nature! Visiting Murlen National Park was amazing.
5466,1822,253,1,An exciting wildlife experience close to nature! Visiting Murlen National Park was amazing.
5467,1823,1690,1,Incredible natural beauty with scenic landscapes! Visiting Rih Dil Lake (Border) was amazing.
5468,1823,211,5,Incredible natural beauty with scenic landscapes! Visiting Rih Dil Lake (Border) was amazing.
5469,1823,608,1,Incredible natural beauty with scenic landscapes! Visiting Rih Dil Lake (Border) was amazing.
5470,1824,1048,4,A wonderful and memorable travel experience! Visiting Champhai Vineyards was amazing.
5471,1824,291,1,A wonderful and memorable travel experience! Visiting Champhai Vineyards was amazing.
5472,1824,1869,2,A wonderful and memorable travel experience! Visiting Champhai Vineyards was amazing.
5473,1825,50,2,A historical wonder with rich heritage and architecture! Visiting Kachari Ruins was amazing.
5474,1825,875,4,A historical wonder with rich heritage and architecture! Visiting Kachari Ruins was amazing.
5475,1825,302,3,A historical wonder with rich heritage and architecture! Visiting Kachari Ruins was amazing.
5476,1826,1343,3,A wonderful and memorable travel experience! Visiting Diezephe Craft Village was amazing.
5477,1826,463,4,A wonderful and memorable travel experience! Visiting Diezephe Craft Village was amazing.
5478,1826,1407,1,A wonderful and memorable travel experience! Visiting Diezephe Craft Village was amazing.
5479,1827,1008,2,Incredible natural beauty with scenic landscapes! Visiting Triple Falls was amazing.
5480,1827,226,2,Incredible natural beauty with scenic landscapes! Visiting Triple Falls was amazing.
5481,1827,209,3,Incredible natural beauty with scenic landscapes! Visiting Triple Falls was amazing.
5482,1828,732,1,An exciting wildlife experience close to nature! Visiting Nagaland Zoological Park was amazing.
5483,1828,1261,3,An exciting wildlife experience close to nature! Visiting Nagaland Zoological Park was amazing.
5484,1828,243,3,An exciting wildlife experience close to nature! Visiting Nagaland Zoological Park was amazing.
5485,1829,1891,1,Incredible natural beauty with scenic landscapes! Visiting Chumukedima Hill View was amazing.
5486,1829,1835,1,Incredible natural beauty with scenic landscapes! Visiting Chumukedima Hill View was amazing.
5487,1829,1239,2,Incredible natural beauty with scenic landscapes! Visiting Chumukedima Hill View was amazing.
5488,1830,365,4,An exciting wildlife experience close to nature! Visiting Intanki National Park was amazing.
5489,1830,1087,3,An exciting wildlife experience close to nature! Visiting Intanki National Park was amazing.
5490,1830,1229,2,An exciting wildlife experience close to nature! Visiting Intanki National Park was amazing.
5491,1831,1392,4,A wonderful and memorable travel experience! Visiting Benreu Village was amazing.
5492,1831,308,3,A wonderful and memorable travel experience! Visiting Benreu Village was amazing.
5493,1831,1280,3,A wonderful and memorable travel experience! Visiting Benreu Village was amazing.
5494,1832,714,1,Thrilling adventure activities and excitement! Visiting Mt Pauna was amazing.
5495,1832,556,4,Thrilling adventure activities and excitement! Visiting Mt Pauna was amazing.
5496,1832,1356,3,Thrilling adventure activities and excitement! Visiting Mt Pauna was amazing.
5497,1833,1911,3,A wonderful and memorable travel experience! Visiting Wokha Village was amazing.
5498,1833,1661,1,A wonderful and memorable travel experience! Visiting Wokha Village was amazing.
5499,1833,1616,1,A wonderful and memorable travel experience! Visiting Wokha Village was amazing.
5500,1834,1765,2,Incredible natural beauty with scenic landscapes! Visiting Mount Tiyi was amazing.
5501,1834,1593,2,Incredible natural beauty with scenic landscapes! Visiting Mount Tiyi was amazing.
5502,1834,656,2,Incredible natural beauty with scenic landscapes! Visiting Mount Tiyi was amazing.
5503,1835,800,4,A wonderful and memorable travel experience! Visiting Doyang River & Dam was amazing.
5504,1835,1478,4,A wonderful and memorable travel experience! Visiting Doyang River & Dam was amazing.
5505,1835,1669,1,A wonderful and memorable travel experience! Visiting Doyang River & Dam was amazing.
5506,1836,232,5,Incredible natural beauty with scenic landscapes! Visiting Phek Town was amazing.
5507,1836,876,3,Incredible natural beauty with scenic landscapes! Visiting Phek Town was amazing.
5508,1836,297,1,Incredible natural beauty with scenic landscapes! Visiting Phek Town was amazing.
5509,1837,662,2,Incredible natural beauty with scenic landscapes! Visiting Shilloi Lake was amazing.
5510,1837,373,4,Incredible natural beauty with scenic landscapes! Visiting Shilloi Lake was amazing.
5511,1837,723,3,Incredible natural beauty with scenic landscapes! Visiting Shilloi Lake was amazing.
5512,1838,1013,4,A wonderful and memorable travel experience! Visiting Khezhakeno Village was amazing.
5513,1838,986,4,A wonderful and memorable travel experience! Visiting Khezhakeno Village was amazing.
5514,1838,1233,3,A wonderful and memorable travel experience! Visiting Khezhakeno Village was amazing.
5515,1839,284,2,A wonderful and memorable travel experience! Visiting Tuensang Village was amazing.
5516,1839,785,4,A wonderful and memorable travel experience! Visiting Tuensang Village was amazing.
5517,1839,1126,4,A wonderful and memorable travel experience! Visiting Tuensang Village was amazing.
5518,1840,1104,5,A wonderful and memorable travel experience! Visiting Longwa Village (Mon) was amazing.
5519,1840,1009,5,A wonderful and memorable travel experience! Visiting Longwa Village (Mon) was amazing.
5520,1840,1099,2,A wonderful and memorable travel experience! Visiting Longwa Village (Mon) was amazing.
5521,1841,788,1,Incredible natural beauty with scenic landscapes! Visiting Mon Town View Point was amazing.
5522,1841,1190,4,Incredible natural beauty with scenic landscapes! Visiting Mon Town View Point was amazing.
5523,1841,1080,5,Incredible natural beauty with scenic landscapes! Visiting Mon Town View Point was amazing.
5524,1842,1591,2,A wonderful and memorable travel experience! Visiting Shangnyu Village was amazing.
5525,1842,1440,1,A wonderful and memorable travel experience! Visiting Shangnyu Village was amazing.
5526,1842,482,3,A wonderful and memorable travel experience! Visiting Shangnyu Village was amazing.
5527,1843,6,2,A wonderful and memorable travel experience! Visiting Ungma Village was amazing.
5528,1843,1743,1,A wonderful and memorable travel experience! Visiting Ungma Village was amazing.
5529,1843,743,5,A wonderful and memorable travel experience! Visiting Ungma Village was amazing.
5530,1844,971,2,A wonderful and memorable travel experience! Visiting Longkhum Village was amazing.
5531,1844,1887,1,A wonderful and memorable travel experience! Visiting Longkhum Village was amazing.
5532,1844,123,3,A wonderful and memorable travel experience! Visiting Longkhum Village was amazing.
5533,1845,740,2,A wonderful and memorable travel experience! Visiting Mokokchung District Museum was amazing.
5534,1845,604,4,A wonderful and memorable travel experience! Visiting Mokokchung District Museum was amazing.
5535,1845,296,5,A wonderful and memorable travel experience! Visiting Mokokchung District Museum was amazing.
5536,1846,1991,4,A peaceful and spiritually uplifting destination. Visiting Zunheboto Sumi Baptist Church was amazing.
5537,1846,497,2,A peaceful and spiritually uplifting destination. Visiting Zunheboto Sumi Baptist Church was amazing.
5538,1846,1696,2,A peaceful and spiritually uplifting destination. Visiting Zunheboto Sumi Baptist Church was amazing.
5539,1847,115,2,A wonderful and memorable travel experience! Visiting Sumi Heritage Village was amazing.
5540,1847,241,2,A wonderful and memorable travel experience! Visiting Sumi Heritage Village was amazing.
5541,1847,774,1,A wonderful and memorable travel experience! Visiting Sumi Heritage Village was amazing.
5542,1848,1426,4,Thrilling adventure activities and excitement! Visiting Mount Saramati was amazing.
5543,1848,762,1,Thrilling adventure activities and excitement! Visiting Mount Saramati was amazing.
5544,1848,1437,1,Thrilling adventure activities and excitement! Visiting Mount Saramati was amazing.
5545,1849,1358,5,A wonderful and memorable travel experience! Visiting Naukho Village was amazing.
5546,1849,152,4,A wonderful and memorable travel experience! Visiting Naukho Village was amazing.
5547,1849,1716,5,A wonderful and memorable travel experience! Visiting Naukho Village was amazing.
5548,1850,1783,2,A wonderful and memorable travel experience! Visiting Nagaland State Museum was amazing.
5549,1850,62,2,A wonderful and memorable travel experience! Visiting Nagaland State Museum was amazing.
5550,1850,749,2,A wonderful and memorable travel experience! Visiting Nagaland State Museum was amazing.
5551,1851,162,2,Loved the beaches and relaxing coastal vibes! Visiting Agatti Island was amazing.
5552,1851,158,1,Loved the beaches and relaxing coastal vibes! Visiting Agatti Island was amazing.
5553,1851,1166,4,Loved the beaches and relaxing coastal vibes! Visiting Agatti Island was amazing.
5554,1852,307,2,Loved the beaches and relaxing coastal vibes! Visiting Bangaram Atoll was amazing.
5555,1852,963,2,Loved the beaches and relaxing coastal vibes! Visiting Bangaram Atoll was amazing.
5556,1852,1533,5,Loved the beaches and relaxing coastal vibes! Visiting Bangaram Atoll was amazing.
5557,1853,1431,3,Incredible natural beauty with scenic landscapes! Visiting Thinnakara Island was amazing.
5558,1853,963,4,Incredible natural beauty with scenic landscapes! Visiting Thinnakara Island was amazing.
5559,1853,1480,3,Incredible natural beauty with scenic landscapes! Visiting Thinnakara Island was amazing.
5560,1854,910,1,A wonderful and memorable travel experience! Visiting Kavaratti Marine Aquarium was amazing.
5561,1854,588,1,A wonderful and memorable travel experience! Visiting Kavaratti Marine Aquarium was amazing.
5562,1854,320,1,A wonderful and memorable travel experience! Visiting Kavaratti Marine Aquarium was amazing.
5563,1855,1805,1,A historical wonder with rich heritage and architecture! Visiting Minicoy Lighthouse was amazing.
5564,1855,1238,2,A historical wonder with rich heritage and architecture! Visiting Minicoy Lighthouse was amazing.
5565,1855,1031,2,A historical wonder with rich heritage and architecture! Visiting Minicoy Lighthouse was amazing.
5566,1856,23,4,Thrilling adventure activities and excitement! Visiting Kalpeni Coral Reef was amazing.
5567,1856,1706,4,Thrilling adventure activities and excitement! Visiting Kalpeni Coral Reef was amazing.
5568,1856,1393,4,Thrilling adventure activities and excitement! Visiting Kalpeni Coral Reef was amazing.
5569,1857,1135,3,Loved the beaches and relaxing coastal vibes! Visiting Kadmat Island Beach was amazing.
5570,1857,1883,5,Loved the beaches and relaxing coastal vibes! Visiting Kadmat Island Beach was amazing.
5571,1857,1028,3,Loved the beaches and relaxing coastal vibes! Visiting Kadmat Island Beach was amazing.
5572,1858,1453,2,An exciting wildlife experience close to nature! Visiting Pitti Bird Sanctuary was amazing.
5573,1858,868,2,An exciting wildlife experience close to nature! Visiting Pitti Bird Sanctuary was amazing.
5574,1858,557,1,An exciting wildlife experience close to nature! Visiting Pitti Bird Sanctuary was amazing.
5575,1859,1069,4,Incredible natural beauty with scenic landscapes! Visiting Jubilee Park was amazing.
5576,1859,1948,2,Incredible natural beauty with scenic landscapes! Visiting Jubilee Park was amazing.
5577,1859,1522,2,Incredible natural beauty with scenic landscapes! Visiting Jubilee Park was amazing.
5578,1860,821,5,An exciting wildlife experience close to nature! Visiting Tata Steel Zoological Park was amazing.
5579,1860,115,2,An exciting wildlife experience close to nature! Visiting Tata Steel Zoological Park was amazing.
5580,1860,804,2,An exciting wildlife experience close to nature! Visiting Tata Steel Zoological Park was amazing.
5581,1861,1685,5,Incredible natural beauty with scenic landscapes! Visiting Dimna Lake was amazing.
5582,1861,1240,1,Incredible natural beauty with scenic landscapes! Visiting Dimna Lake was amazing.
5583,1861,1673,4,Incredible natural beauty with scenic landscapes! Visiting Dimna Lake was amazing.
5584,1862,978,3,An exciting wildlife experience close to nature! Visiting Dalma Wildlife Sanctuary was amazing.
5585,1862,1337,4,An exciting wildlife experience close to nature! Visiting Dalma Wildlife Sanctuary was amazing.
5586,1862,1695,4,An exciting wildlife experience close to nature! Visiting Dalma Wildlife Sanctuary was amazing.
5587,1863,338,1,Incredible natural beauty with scenic landscapes! Visiting Hudco Lake was amazing.
5588,1863,1646,3,Incredible natural beauty with scenic landscapes! Visiting Hudco Lake was amazing.
5589,1863,1325,4,Incredible natural beauty with scenic landscapes! Visiting Hudco Lake was amazing.
5590,1864,399,3,A peaceful and spiritually uplifting destination. Visiting Bhuvaneshwari Temple Jamshedpur was amazing.
5591,1864,223,1,A peaceful and spiritually uplifting destination. Visiting Bhuvaneshwari Temple Jamshedpur was amazing.
5592,1864,160,3,A peaceful and spiritually uplifting destination. Visiting Bhuvaneshwari Temple Jamshedpur was amazing.
5593,1865,1236,3,A wonderful and memorable travel experience! Visiting Russie Modi Centre of Excellence was amazing.
5594,1865,58,2,A wonderful and memorable travel experience! Visiting Russie Modi Centre of Excellence was amazing.
5595,1865,578,2,A wonderful and memorable travel experience! Visiting Russie Modi Centre of Excellence was amazing.
5596,1866,1110,1,Incredible natural beauty with scenic landscapes! Visiting Jayanti Sarovar was amazing.
5597,1866,134,2,Incredible natural beauty with scenic landscapes! Visiting Jayanti Sarovar was amazing.
5598,1866,1223,1,Incredible natural beauty with scenic landscapes! Visiting Jayanti Sarovar was amazing.
5599,1867,1550,3,A wonderful and memorable travel experience! Visiting Chandil Dam was amazing.
5600,1867,385,5,A wonderful and memorable travel experience! Visiting Chandil Dam was amazing.
5601,1867,414,1,A wonderful and memorable travel experience! Visiting Chandil Dam was amazing.
5602,1868,493,3,A wonderful and memorable travel experience! Visiting Marine Drive Jamshedpur was amazing.
5603,1868,175,5,A wonderful and memorable travel experience! Visiting Marine Drive Jamshedpur was amazing.
5604,1868,1157,1,A wonderful and memorable travel experience! Visiting Marine Drive Jamshedpur was amazing.
5605,1869,1155,4,A peaceful and spiritually uplifting destination. Visiting Pahari Mandir was amazing.
5606,1869,94,1,A peaceful and spiritually uplifting destination. Visiting Pahari Mandir was amazing.
5607,1869,645,1,A peaceful and spiritually uplifting destination. Visiting Pahari Mandir was amazing.
5608,1870,1933,3,A peaceful and spiritually uplifting destination. Visiting Jagannath Temple Ranchi was amazing.
5609,1870,18,3,A peaceful and spiritually uplifting destination. Visiting Jagannath Temple Ranchi was amazing.
5610,1870,1540,3,A peaceful and spiritually uplifting destination. Visiting Jagannath Temple Ranchi was amazing.
5611,1871,1964,4,Incredible natural beauty with scenic landscapes! Visiting Rock Garden Ranchi was amazing.
5612,1871,1025,2,Incredible natural beauty with scenic landscapes! Visiting Rock Garden Ranchi was amazing.
5613,1871,645,4,Incredible natural beauty with scenic landscapes! Visiting Rock Garden Ranchi was amazing.
5614,1872,1487,3,A historical wonder with rich heritage and architecture! Visiting Tagore Hill Ranchi was amazing.
5615,1872,1995,2,A historical wonder with rich heritage and architecture! Visiting Tagore Hill Ranchi was amazing.
5616,1872,1440,1,A historical wonder with rich heritage and architecture! Visiting Tagore Hill Ranchi was amazing.
5617,1873,679,4,Incredible natural beauty with scenic landscapes! Visiting Dassam Falls was amazing.
5618,1873,1837,5,Incredible natural beauty with scenic landscapes! Visiting Dassam Falls was amazing.
5619,1873,207,5,Incredible natural beauty with scenic landscapes! Visiting Dassam Falls was amazing.
5620,1874,1654,2,Incredible natural beauty with scenic landscapes! Visiting Hundru Falls was amazing.
5621,1874,49,5,Incredible natural beauty with scenic landscapes! Visiting Hundru Falls was amazing.
5622,1874,1631,4,Incredible natural beauty with scenic landscapes! Visiting Hundru Falls was amazing.
5623,1875,977,5,Incredible natural beauty with scenic landscapes! Visiting Jonha Falls was amazing.
5624,1875,1780,1,Incredible natural beauty with scenic landscapes! Visiting Jonha Falls was amazing.
5625,1875,595,2,Incredible natural beauty with scenic landscapes! Visiting Jonha Falls was amazing.
5626,1876,311,4,Incredible natural beauty with scenic landscapes! Visiting Panchghagh Falls was amazing.
5627,1876,162,1,Incredible natural beauty with scenic landscapes! Visiting Panchghagh Falls was amazing.
5628,1876,1952,2,Incredible natural beauty with scenic landscapes! Visiting Panchghagh Falls was amazing.
5629,1877,1812,2,Incredible natural beauty with scenic landscapes! Visiting Hirni Falls was amazing.
5630,1877,1654,2,Incredible natural beauty with scenic landscapes! Visiting Hirni Falls was amazing.
5631,1877,1575,2,Incredible natural beauty with scenic landscapes! Visiting Hirni Falls was amazing.
5632,1878,1974,5,An exciting wildlife experience close to nature! Visiting Birsa Zoological Park was amazing.
5633,1878,1058,5,An exciting wildlife experience close to nature! Visiting Birsa Zoological Park was amazing.
5634,1878,1335,5,An exciting wildlife experience close to nature! Visiting Birsa Zoological Park was amazing.
5635,1879,1906,3,Incredible natural beauty with scenic landscapes! Visiting Patratu Valley was amazing.
5636,1879,917,2,Incredible natural beauty with scenic landscapes! Visiting Patratu Valley was amazing.
5637,1879,695,3,Incredible natural beauty with scenic landscapes! Visiting Patratu Valley was amazing.
5638,1880,738,5,A wonderful and memorable travel experience! Visiting Patratu Dam was amazing.
5639,1880,1753,4,A wonderful and memorable travel experience! Visiting Patratu Dam was amazing.
5640,1880,82,4,A wonderful and memorable travel experience! Visiting Patratu Dam was amazing.
5641,1881,490,2,A peaceful and spiritually uplifting destination. Visiting Rajrappa Temple was amazing.
5642,1881,1251,5,A peaceful and spiritually uplifting destination. Visiting Rajrappa Temple was amazing.
5643,1881,154,2,A peaceful and spiritually uplifting destination. Visiting Rajrappa Temple was amazing.
5644,1882,1162,4,Incredible natural beauty with scenic landscapes! Visiting Netarhat Sunset Point was amazing.
5645,1882,200,1,Incredible natural beauty with scenic landscapes! Visiting Netarhat Sunset Point was amazing.
5646,1882,293,3,Incredible natural beauty with scenic landscapes! Visiting Netarhat Sunset Point was amazing.
5647,1883,1121,1,Incredible natural beauty with scenic landscapes! Visiting Magnolia Point was amazing.
5648,1883,1022,1,Incredible natural beauty with scenic landscapes! Visiting Magnolia Point was amazing.
5649,1883,932,3,Incredible natural beauty with scenic landscapes! Visiting Magnolia Point was amazing.
5650,1884,348,3,Incredible natural beauty with scenic landscapes! Visiting Upper Ghaghri Falls was amazing.
5651,1884,331,1,Incredible natural beauty with scenic landscapes! Visiting Upper Ghaghri Falls was amazing.
5652,1884,574,5,Incredible natural beauty with scenic landscapes! Visiting Upper Ghaghri Falls was amazing.
5653,1885,745,3,Incredible natural beauty with scenic landscapes! Visiting Lower Ghaghri Falls was amazing.
5654,1885,183,1,Incredible natural beauty with scenic landscapes! Visiting Lower Ghaghri Falls was amazing.
5655,1885,367,4,Incredible natural beauty with scenic landscapes! Visiting Lower Ghaghri Falls was amazing.
5656,1886,529,4,Incredible natural beauty with scenic landscapes! Visiting Lodh Falls (Burha Falls) was amazing.
5657,1886,525,4,Incredible natural beauty with scenic landscapes! Visiting Lodh Falls (Burha Falls) was amazing.
5658,1886,1332,2,Incredible natural beauty with scenic landscapes! Visiting Lodh Falls (Burha Falls) was amazing.
5659,1887,1925,1,An exciting wildlife experience close to nature! Visiting Betla National Park was amazing.
5660,1887,1991,5,An exciting wildlife experience close to nature! Visiting Betla National Park was amazing.
5661,1887,1000,1,An exciting wildlife experience close to nature! Visiting Betla National Park was amazing.
5662,1888,745,3,A historical wonder with rich heritage and architecture! Visiting Palamau Fort was amazing.
5663,1888,822,4,A historical wonder with rich heritage and architecture! Visiting Palamau Fort was amazing.
5664,1888,1756,5,A historical wonder with rich heritage and architecture! Visiting Palamau Fort was amazing.
5665,1889,1879,2,A peaceful and spiritually uplifting destination. Visiting Shikharji (Parashnath) was amazing.
5666,1889,903,3,A peaceful and spiritually uplifting destination. Visiting Shikharji (Parashnath) was amazing.
5667,1889,1050,5,A peaceful and spiritually uplifting destination. Visiting Shikharji (Parashnath) was amazing.
5668,1890,1950,3,A peaceful and spiritually uplifting destination. Visiting Madhuban Jain Temples was amazing.
5669,1890,766,1,A peaceful and spiritually uplifting destination. Visiting Madhuban Jain Temples was amazing.
5670,1890,1398,4,A peaceful and spiritually uplifting destination. Visiting Madhuban Jain Temples was amazing.
5671,1891,1037,4,Incredible natural beauty with scenic landscapes! Visiting Usri Falls was amazing.
5672,1891,539,1,Incredible natural beauty with scenic landscapes! Visiting Usri Falls was amazing.
5673,1891,1272,1,Incredible natural beauty with scenic landscapes! Visiting Usri Falls was amazing.
5674,1892,1518,2,Thrilling adventure activities and excitement! Visiting Khandoli Park was amazing.
5675,1892,1434,5,Thrilling adventure activities and excitement! Visiting Khandoli Park was amazing.
5676,1892,17,2,Thrilling adventure activities and excitement! Visiting Khandoli Park was amazing.
5677,1893,1748,1,A wonderful and memorable travel experience! Visiting Maithon Dam was amazing.
5678,1893,596,4,A wonderful and memorable travel experience! Visiting Maithon Dam was amazing.
5679,1893,325,5,A wonderful and memorable travel experience! Visiting Maithon Dam was amazing.
5680,1894,818,1,A wonderful and memorable travel experience! Visiting Panchet Dam was amazing.
5681,1894,457,4,A wonderful and memorable travel experience! Visiting Panchet Dam was amazing.
5682,1894,1791,4,A wonderful and memorable travel experience! Visiting Panchet Dam was amazing.
5683,1895,1371,1,Incredible natural beauty with scenic landscapes! Visiting Topchanchi Lake was amazing.
5684,1895,715,4,Incredible natural beauty with scenic landscapes! Visiting Topchanchi Lake was amazing.
5685,1895,960,5,Incredible natural beauty with scenic landscapes! Visiting Topchanchi Lake was amazing.
5686,1896,1844,4,A peaceful and spiritually uplifting destination. Visiting Baidyanath Dham was amazing.
5687,1896,224,1,A peaceful and spiritually uplifting destination. Visiting Baidyanath Dham was amazing.
5688,1896,370,1,A peaceful and spiritually uplifting destination. Visiting Baidyanath Dham was amazing.
5689,1897,1879,4,A peaceful and spiritually uplifting destination. Visiting Tapovan Caves was amazing.
5690,1897,1574,4,A peaceful and spiritually uplifting destination. Visiting Tapovan Caves was amazing.
5691,1897,409,4,A peaceful and spiritually uplifting destination. Visiting Tapovan Caves was amazing.
5692,1898,674,1,A peaceful and spiritually uplifting destination. Visiting Naulakha Temple was amazing.
5693,1898,650,3,A peaceful and spiritually uplifting destination. Visiting Naulakha Temple was amazing.
5694,1898,1238,4,A peaceful and spiritually uplifting destination. Visiting Naulakha Temple was amazing.
5695,1899,436,4,Thrilling adventure activities and excitement! Visiting Trikut Pahar Ropeway was amazing.
5696,1899,235,3,Thrilling adventure activities and excitement! Visiting Trikut Pahar Ropeway was amazing.
5697,1899,931,1,Thrilling adventure activities and excitement! Visiting Trikut Pahar Ropeway was amazing.
5698,1900,1117,2,A peaceful and spiritually uplifting destination. Visiting Satsang Ashram Deoghar was amazing.
5699,1900,1943,4,A peaceful and spiritually uplifting destination. Visiting Satsang Ashram Deoghar was amazing.
5700,1900,299,2,A peaceful and spiritually uplifting destination. Visiting Satsang Ashram Deoghar was amazing.
5701,1901,656,5,A historical wonder with rich heritage and architecture! Visiting National War Memorial was amazing.
5702,1901,65,5,A historical wonder with rich heritage and architecture! Visiting National War Memorial was amazing.
5703,1901,1586,4,A historical wonder with rich heritage and architecture! Visiting National War Memorial was amazing.
5704,1902,128,3,A wonderful and memorable travel experience! Visiting Bharat Mandapam (IECC) was amazing.
5705,1902,1618,4,A wonderful and memorable travel experience! Visiting Bharat Mandapam (IECC) was amazing.
5706,1902,970,2,A wonderful and memorable travel experience! Visiting Bharat Mandapam (IECC) was amazing.
5707,1903,111,2,A historical wonder with rich heritage and architecture! Visiting Kartavya Path was amazing.
5708,1903,1778,1,A historical wonder with rich heritage and architecture! Visiting Kartavya Path was amazing.
5709,1903,1952,4,A historical wonder with rich heritage and architecture! Visiting Kartavya Path was amazing.
5710,1904,553,3,A historical wonder with rich heritage and architecture! Visiting Prithvi Raj Chauhan Fort was amazing.
5711,1904,1302,2,A historical wonder with rich heritage and architecture! Visiting Prithvi Raj Chauhan Fort was amazing.
5712,1904,172,2,A historical wonder with rich heritage and architecture! Visiting Prithvi Raj Chauhan Fort was amazing.
5713,1905,142,3,A historical wonder with rich heritage and architecture! Visiting Asigarh Fort was amazing.
5714,1905,830,1,A historical wonder with rich heritage and architecture! Visiting Asigarh Fort was amazing.
5715,1905,611,4,A historical wonder with rich heritage and architecture! Visiting Asigarh Fort was amazing.
5716,1906,1785,4,A historical wonder with rich heritage and architecture! Visiting Loharu Fort Ruins was amazing.
5717,1906,1075,2,A historical wonder with rich heritage and architecture! Visiting Loharu Fort Ruins was amazing.
5718,1906,1372,3,A historical wonder with rich heritage and architecture! Visiting Loharu Fort Ruins was amazing.
5719,1907,377,1,A historical wonder with rich heritage and architecture! Visiting Tosham Rock Inscriptions was amazing.
5720,1907,190,4,A historical wonder with rich heritage and architecture! Visiting Tosham Rock Inscriptions was amazing.
5721,1907,701,3,A historical wonder with rich heritage and architecture! Visiting Tosham Rock Inscriptions was amazing.
5722,1908,337,2,A historical wonder with rich heritage and architecture! Visiting Ancient Mound Agroha was amazing.
5723,1908,716,4,A historical wonder with rich heritage and architecture! Visiting Ancient Mound Agroha was amazing.
5724,1908,987,4,A historical wonder with rich heritage and architecture! Visiting Ancient Mound Agroha was amazing.
5725,1909,1097,2,A historical wonder with rich heritage and architecture! Visiting Lat Ki Masjid was amazing.
5726,1909,1978,4,A historical wonder with rich heritage and architecture! Visiting Lat Ki Masjid was amazing.
5727,1909,727,5,A historical wonder with rich heritage and architecture! Visiting Lat Ki Masjid was amazing.
5728,1910,797,1,A historical wonder with rich heritage and architecture! Visiting Hisar-i-Firoza Fort was amazing.
5729,1910,1149,5,A historical wonder with rich heritage and architecture! Visiting Hisar-i-Firoza Fort was amazing.
5730,1910,407,1,A historical wonder with rich heritage and architecture! Visiting Hisar-i-Firoza Fort was amazing.
5731,1911,1481,5,A historical wonder with rich heritage and architecture! Visiting Guajari Mahal was amazing.
5732,1911,1263,2,A historical wonder with rich heritage and architecture! Visiting Guajari Mahal was amazing.
5733,1911,664,3,A historical wonder with rich heritage and architecture! Visiting Guajari Mahal was amazing.
5734,1912,30,2,A historical wonder with rich heritage and architecture! Visiting Tomb of Sheikh Chilli was amazing.
5735,1912,1837,4,A historical wonder with rich heritage and architecture! Visiting Tomb of Sheikh Chilli was amazing.
5736,1912,1913,2,A historical wonder with rich heritage and architecture! Visiting Tomb of Sheikh Chilli was amazing.
5737,1913,1023,3,A peaceful and spiritually uplifting destination. Visiting Brahma Sarovar Ghats was amazing.
5738,1913,233,4,A peaceful and spiritually uplifting destination. Visiting Brahma Sarovar Ghats was amazing.
5739,1913,539,5,A peaceful and spiritually uplifting destination. Visiting Brahma Sarovar Ghats was amazing.
5740,1914,1480,1,A peaceful and spiritually uplifting destination. Visiting Sannihit Sarovar was amazing.
5741,1914,923,2,A peaceful and spiritually uplifting destination. Visiting Sannihit Sarovar was amazing.
5742,1914,1300,4,A peaceful and spiritually uplifting destination. Visiting Sannihit Sarovar was amazing.
5743,1915,1309,5,A wonderful and memorable travel experience! Visiting Krishna Museum was amazing.
5744,1915,200,1,A wonderful and memorable travel experience! Visiting Krishna Museum was amazing.
5745,1915,448,2,A wonderful and memorable travel experience! Visiting Krishna Museum was amazing.
5746,1916,861,5,A wonderful and memorable travel experience! Visiting Science Panorama was amazing.
5747,1916,1586,2,A wonderful and memorable travel experience! Visiting Science Panorama was amazing.
5748,1916,1231,4,A wonderful and memorable travel experience! Visiting Science Panorama was amazing.
5749,1917,443,3,A wonderful and memorable travel experience! Visiting Dharohar Museum was amazing.
5750,1917,430,2,A wonderful and memorable travel experience! Visiting Dharohar Museum was amazing.
5751,1917,1991,5,A wonderful and memorable travel experience! Visiting Dharohar Museum was amazing.
5752,1918,1957,1,A historical wonder with rich heritage and architecture! Visiting Sheikh Musa Tomb was amazing.
5753,1918,759,3,A historical wonder with rich heritage and architecture! Visiting Sheikh Musa Tomb was amazing.
5754,1918,34,3,A historical wonder with rich heritage and architecture! Visiting Sheikh Musa Tomb was amazing.
5755,1919,1837,3,Incredible natural beauty with scenic landscapes! Visiting Kotla Lake was amazing.
5756,1919,1029,1,Incredible natural beauty with scenic landscapes! Visiting Kotla Lake was amazing.
5757,1919,1433,4,Incredible natural beauty with scenic landscapes! Visiting Kotla Lake was amazing.
5758,1920,1329,4,Incredible natural beauty with scenic landscapes! Visiting Chui Mai Pond was amazing.
5759,1920,848,4,Incredible natural beauty with scenic landscapes! Visiting Chui Mai Pond was amazing.
5760,1920,721,3,Incredible natural beauty with scenic landscapes! Visiting Chui Mai Pond was amazing.
5761,1921,1697,5,A wonderful and memorable travel experience! Visiting Parontha Gali was amazing.
5762,1921,873,5,A wonderful and memorable travel experience! Visiting Parontha Gali was amazing.
5763,1921,1995,3,A wonderful and memorable travel experience! Visiting Parontha Gali was amazing.
5764,1922,233,2,A wonderful and memorable travel experience! Visiting Majnu ka Tilla (Tibetan Colony) was amazing.
5765,1922,940,4,A wonderful and memorable travel experience! Visiting Majnu ka Tilla (Tibetan Colony) was amazing.
5766,1922,765,2,A wonderful and memorable travel experience! Visiting Majnu ka Tilla (Tibetan Colony) was amazing.
5767,1923,1133,5,Incredible natural beauty with scenic landscapes! Visiting Sanjay Lake Park was amazing.
5768,1923,334,5,Incredible natural beauty with scenic landscapes! Visiting Sanjay Lake Park was amazing.
5769,1923,893,4,Incredible natural beauty with scenic landscapes! Visiting Sanjay Lake Park was amazing.
5770,1924,584,4,Thrilling adventure activities and excitement! Visiting Bhardwaj Lake was amazing.
5771,1924,1299,3,Thrilling adventure activities and excitement! Visiting Bhardwaj Lake was amazing.
5772,1924,1438,5,Thrilling adventure activities and excitement! Visiting Bhardwaj Lake was amazing.
5773,1925,1921,1,An exciting wildlife experience close to nature! Visiting Asola Bhatti Wildlife Sanctuary was amazing.
5774,1925,180,1,An exciting wildlife experience close to nature! Visiting Asola Bhatti Wildlife Sanctuary was amazing.
5775,1925,184,1,An exciting wildlife experience close to nature! Visiting Asola Bhatti Wildlife Sanctuary was amazing.
5776,1926,1263,4,A historical wonder with rich heritage and architecture! Visiting National Police Memorial was amazing.
5777,1926,213,4,A historical wonder with rich heritage and architecture! Visiting National Police Memorial was amazing.
5778,1926,1536,5,A historical wonder with rich heritage and architecture! Visiting National Police Memorial was amazing.
5779,1927,1899,5,A historical wonder with rich heritage and architecture! Visiting Kalyani Fort was amazing.
5780,1927,205,4,A historical wonder with rich heritage and architecture! Visiting Kalyani Fort was amazing.
5781,1927,1031,5,A historical wonder with rich heritage and architecture! Visiting Kalyani Fort was amazing.
5782,1928,1651,1,A wonderful and memorable travel experience! Visiting Madrasa Mahmud Gawan was amazing.
5783,1928,1368,3,A wonderful and memorable travel experience! Visiting Madrasa Mahmud Gawan was amazing.
5784,1928,1745,4,A wonderful and memorable travel experience! Visiting Madrasa Mahmud Gawan was amazing.
5785,1929,434,2,A historical wonder with rich heritage and architecture! Visiting Chaukhandi of Hazrat Khalil Ullah was amazing.
5786,1929,1592,4,A historical wonder with rich heritage and architecture! Visiting Chaukhandi of Hazrat Khalil Ullah was amazing.
5787,1929,1130,4,A historical wonder with rich heritage and architecture! Visiting Chaukhandi of Hazrat Khalil Ullah was amazing.
5788,1930,235,2,A historical wonder with rich heritage and architecture! Visiting Bidar Fort Gateways was amazing.
5789,1930,1754,4,A historical wonder with rich heritage and architecture! Visiting Bidar Fort Gateways was amazing.
5790,1930,1947,1,A historical wonder with rich heritage and architecture! Visiting Bidar Fort Gateways was amazing.
5791,1931,719,4,A historical wonder with rich heritage and architecture! Visiting Bahmani Tombs was amazing.
5792,1931,846,4,A historical wonder with rich heritage and architecture! Visiting Bahmani Tombs was amazing.
5793,1931,16,3,A historical wonder with rich heritage and architecture! Visiting Bahmani Tombs was amazing.
5794,1932,1602,2,A peaceful and spiritually uplifting destination. Visiting Papnash Shiva Temple was amazing.
5795,1932,1040,3,A peaceful and spiritually uplifting destination. Visiting Papnash Shiva Temple was amazing.
5796,1932,549,3,A peaceful and spiritually uplifting destination. Visiting Papnash Shiva Temple was amazing.
5797,1933,630,4,A peaceful and spiritually uplifting destination. Visiting Narasimha Jhira Cave Temple was amazing.
5798,1933,1379,2,A peaceful and spiritually uplifting destination. Visiting Narasimha Jhira Cave Temple was amazing.
5799,1933,9,4,A peaceful and spiritually uplifting destination. Visiting Narasimha Jhira Cave Temple was amazing.
5800,1934,67,1,A historical wonder with rich heritage and architecture! Visiting Kittur Chennamma Fort was amazing.
5801,1934,54,2,A historical wonder with rich heritage and architecture! Visiting Kittur Chennamma Fort was amazing.
5802,1934,1619,3,A historical wonder with rich heritage and architecture! Visiting Kittur Chennamma Fort was amazing.
5803,1935,1722,5,A historical wonder with rich heritage and architecture! Visiting Belgaum Fort was amazing.
5804,1935,1680,5,A historical wonder with rich heritage and architecture! Visiting Belgaum Fort was amazing.
5805,1935,651,3,A historical wonder with rich heritage and architecture! Visiting Belgaum Fort was amazing.
5806,1936,350,5,A peaceful and spiritually uplifting destination. Visiting Kamal Basadi Jain Temple was amazing.
5807,1936,881,2,A peaceful and spiritually uplifting destination. Visiting Kamal Basadi Jain Temple was amazing.
5808,1936,1139,4,A peaceful and spiritually uplifting destination. Visiting Kamal Basadi Jain Temple was amazing.
5809,1937,395,5,Incredible natural beauty with scenic landscapes! Visiting Gokak Falls was amazing.
5810,1937,1320,4,Incredible natural beauty with scenic landscapes! Visiting Gokak Falls was amazing.
5811,1937,1697,1,Incredible natural beauty with scenic landscapes! Visiting Gokak Falls was amazing.
5812,1938,1642,5,Incredible natural beauty with scenic landscapes! Visiting Godchinamalaki Falls was amazing.
5813,1938,879,2,Incredible natural beauty with scenic landscapes! Visiting Godchinamalaki Falls was amazing.
5814,1938,1924,4,Incredible natural beauty with scenic landscapes! Visiting Godchinamalaki Falls was amazing.
5815,1939,1492,2,A wonderful and memorable travel experience! Visiting Hidkal Dam was amazing.
5816,1939,826,3,A wonderful and memorable travel experience! Visiting Hidkal Dam was amazing.
5817,1939,1060,2,A wonderful and memorable travel experience! Visiting Hidkal Dam was amazing.
5818,1940,896,2,A wonderful and memorable travel experience! Visiting Naviltirtha Dam was amazing.
5819,1940,204,2,A wonderful and memorable travel experience! Visiting Naviltirtha Dam was amazing.
5820,1940,1033,1,A wonderful and memorable travel experience! Visiting Naviltirtha Dam was amazing.
5821,1941,1294,5,A peaceful and spiritually uplifting destination. Visiting Saundatti Yellamma Temple was amazing.
5822,1941,1607,4,A peaceful and spiritually uplifting destination. Visiting Saundatti Yellamma Temple was amazing.
5823,1941,1727,3,A peaceful and spiritually uplifting destination. Visiting Saundatti Yellamma Temple was amazing.
5824,1942,1715,5,Incredible natural beauty with scenic landscapes! Visiting Sogi Ground was amazing.
5825,1942,326,3,Incredible natural beauty with scenic landscapes! Visiting Sogi Ground was amazing.
5826,1942,418,1,Incredible natural beauty with scenic landscapes! Visiting Sogi Ground was amazing.
5827,1943,192,1,A peaceful and spiritually uplifting destination. Visiting Sahasralinga was amazing.
5828,1943,896,1,A peaceful and spiritually uplifting destination. Visiting Sahasralinga was amazing.
5829,1943,1288,5,A peaceful and spiritually uplifting destination. Visiting Sahasralinga was amazing.
5830,1944,314,1,Incredible natural beauty with scenic landscapes! Visiting Unchalli Falls was amazing.
5831,1944,1266,5,Incredible natural beauty with scenic landscapes! Visiting Unchalli Falls was amazing.
5832,1944,1886,1,Incredible natural beauty with scenic landscapes! Visiting Unchalli Falls was amazing.
5833,1945,1172,4,Incredible natural beauty with scenic landscapes! Visiting Magod Falls was amazing.
5834,1945,52,2,Incredible natural beauty with scenic landscapes! Visiting Magod Falls was amazing.
5835,1945,930,3,Incredible natural beauty with scenic landscapes! Visiting Magod Falls was amazing.
5836,1946,383,2,Incredible natural beauty with scenic landscapes! Visiting Sathodi Falls was amazing.
5837,1946,1337,2,Incredible natural beauty with scenic landscapes! Visiting Sathodi Falls was amazing.
5838,1946,609,2,Incredible natural beauty with scenic landscapes! Visiting Sathodi Falls was amazing.
5839,1947,1097,2,Thrilling adventure activities and excitement! Visiting Kavala Caves was amazing.
5840,1947,1488,4,Thrilling adventure activities and excitement! Visiting Kavala Caves was amazing.
5841,1947,1578,3,Thrilling adventure activities and excitement! Visiting Kavala Caves was amazing.
5842,1948,1351,1,Incredible natural beauty with scenic landscapes! Visiting Syntheri Rocks was amazing.
5843,1948,564,1,Incredible natural beauty with scenic landscapes! Visiting Syntheri Rocks was amazing.
5844,1948,1915,2,Incredible natural beauty with scenic landscapes! Visiting Syntheri Rocks was amazing.
5845,1949,1285,1,Thrilling adventure activities and excitement! Visiting Dandeli River Rafting was amazing.
5846,1949,1308,5,Thrilling adventure activities and excitement! Visiting Dandeli River Rafting was amazing.
5847,1949,1776,1,Thrilling adventure activities and excitement! Visiting Dandeli River Rafting was amazing.
5848,1950,228,4,An exciting wildlife experience close to nature! Visiting Anshi National Park was amazing.
5849,1950,1899,5,An exciting wildlife experience close to nature! Visiting Anshi National Park was amazing.
5850,1950,252,1,An exciting wildlife experience close to nature! Visiting Anshi National Park was amazing.
5851,1951,291,3,A historical wonder with rich heritage and architecture! Visiting Sadashivgad Fort was amazing.
5852,1951,537,2,A historical wonder with rich heritage and architecture! Visiting Sadashivgad Fort was amazing.
5853,1951,191,1,A historical wonder with rich heritage and architecture! Visiting Sadashivgad Fort was amazing.
5854,1952,1013,3,Loved the beaches and relaxing coastal vibes! Visiting Rabindranath Tagore Beach was amazing.
5855,1952,1870,2,Loved the beaches and relaxing coastal vibes! Visiting Rabindranath Tagore Beach was amazing.
5856,1952,801,1,Loved the beaches and relaxing coastal vibes! Visiting Rabindranath Tagore Beach was amazing.
5857,1953,1006,1,Incredible natural beauty with scenic landscapes! Visiting Kurumgad Island was amazing.
5858,1953,848,1,Incredible natural beauty with scenic landscapes! Visiting Kurumgad Island was amazing.
5859,1953,997,1,Incredible natural beauty with scenic landscapes! Visiting Kurumgad Island was amazing.
5860,1954,431,4,A wonderful and memorable travel experience! Visiting Warship Museum Karwar was amazing.
5861,1954,769,3,A wonderful and memorable travel experience! Visiting Warship Museum Karwar was amazing.
5862,1954,1298,4,A wonderful and memorable travel experience! Visiting Warship Museum Karwar was amazing.
5863,1955,1656,2,A peaceful and spiritually uplifting destination. Visiting Idagunji Ganapathi Temple was amazing.
5864,1955,369,3,A peaceful and spiritually uplifting destination. Visiting Idagunji Ganapathi Temple was amazing.
5865,1955,21,2,A peaceful and spiritually uplifting destination. Visiting Idagunji Ganapathi Temple was amazing.
5866,1956,1351,5,Incredible natural beauty with scenic landscapes! Visiting Apsarakonda Falls & Beach was amazing.
5867,1956,1293,5,Incredible natural beauty with scenic landscapes! Visiting Apsarakonda Falls & Beach was amazing.
5868,1956,1751,1,Incredible natural beauty with scenic landscapes! Visiting Apsarakonda Falls & Beach was amazing.
5869,1957,241,3,A historical wonder with rich heritage and architecture! Visiting Mirjan Fort was amazing.
5870,1957,711,4,A historical wonder with rich heritage and architecture! Visiting Mirjan Fort was amazing.
5871,1957,1258,5,A historical wonder with rich heritage and architecture! Visiting Mirjan Fort was amazing.
5872,1958,1120,1,Incredible natural beauty with scenic landscapes! Visiting Yana Caves & Rocks was amazing.
5873,1958,325,5,Incredible natural beauty with scenic landscapes! Visiting Yana Caves & Rocks was amazing.
5874,1958,1519,3,Incredible natural beauty with scenic landscapes! Visiting Yana Caves & Rocks was amazing.
5875,1959,1898,1,Incredible natural beauty with scenic landscapes! Visiting Vibhuti Falls was amazing.
5876,1959,395,5,Incredible natural beauty with scenic landscapes! Visiting Vibhuti Falls was amazing.
5877,1959,61,5,Incredible natural beauty with scenic landscapes! Visiting Vibhuti Falls was amazing.
5878,1960,48,5,A peaceful and spiritually uplifting destination. Visiting Murudeshwar Statue was amazing.
5879,1960,1049,2,A peaceful and spiritually uplifting destination. Visiting Murudeshwar Statue was amazing.
5880,1960,443,3,A peaceful and spiritually uplifting destination. Visiting Murudeshwar Statue was amazing.
5881,1961,236,2,Thrilling adventure activities and excitement! Visiting Netrani Island Scuba was amazing.
5882,1961,61,3,Thrilling adventure activities and excitement! Visiting Netrani Island Scuba was amazing.
5883,1961,284,2,Thrilling adventure activities and excitement! Visiting Netrani Island Scuba was amazing.
5884,1962,171,2,A historical wonder with rich heritage and architecture! Visiting Bhatkal Light House was amazing.
5885,1962,549,3,A historical wonder with rich heritage and architecture! Visiting Bhatkal Light House was amazing.
5886,1962,987,2,A historical wonder with rich heritage and architecture! Visiting Bhatkal Light House was amazing.
5887,1963,1953,1,A wonderful and memorable travel experience! Visiting Koliwada Fish Market was amazing.
5888,1963,714,5,A wonderful and memorable travel experience! Visiting Koliwada Fish Market was amazing.
5889,1963,1336,3,A wonderful and memorable travel experience! Visiting Koliwada Fish Market was amazing.
5890,1964,957,4,A wonderful and memorable travel experience! Visiting Zaveri Bazaar was amazing.
5891,1964,894,5,A wonderful and memorable travel experience! Visiting Zaveri Bazaar was amazing.
5892,1964,1939,4,A wonderful and memorable travel experience! Visiting Zaveri Bazaar was amazing.
5893,1965,1889,2,A wonderful and memorable travel experience! Visiting Mangaldas Market was amazing.
5894,1965,513,2,A wonderful and memorable travel experience! Visiting Mangaldas Market was amazing.
5895,1965,406,3,A wonderful and memorable travel experience! Visiting Mangaldas Market was amazing.
5896,1966,1970,4,A wonderful and memorable travel experience! Visiting Dharavi Craft Tours was amazing.
5897,1966,211,5,A wonderful and memorable travel experience! Visiting Dharavi Craft Tours was amazing.
5898,1966,1625,5,A wonderful and memorable travel experience! Visiting Dharavi Craft Tours was amazing.
5899,1967,639,2,An exciting wildlife experience close to nature! Visiting Sewri Flamingo Point was amazing.
5900,1967,1627,2,An exciting wildlife experience close to nature! Visiting Sewri Flamingo Point was amazing.
5901,1967,1954,4,An exciting wildlife experience close to nature! Visiting Sewri Flamingo Point was amazing.
5902,1968,888,4,Incredible natural beauty with scenic landscapes! Visiting Mahim Nature Park was amazing.
5903,1968,868,5,Incredible natural beauty with scenic landscapes! Visiting Mahim Nature Park was amazing.
5904,1968,1531,3,Incredible natural beauty with scenic landscapes! Visiting Mahim Nature Park was amazing.
5905,1969,1671,3,A wonderful and memorable travel experience! Visiting Worli Koliwada Village was amazing.
5906,1969,1276,1,A wonderful and memorable travel experience! Visiting Worli Koliwada Village was amazing.
5907,1969,1244,4,A wonderful and memorable travel experience! Visiting Worli Koliwada Village was amazing.
5908,1970,880,2,A wonderful and memorable travel experience! Visiting Global Pagoda Museum was amazing.
5909,1970,1162,3,A wonderful and memorable travel experience! Visiting Global Pagoda Museum was amazing.
5910,1970,766,1,A wonderful and memorable travel experience! Visiting Global Pagoda Museum was amazing.
5911,1971,921,2,Incredible natural beauty with scenic landscapes! Visiting Vajreshwari Hot Springs was amazing.
5912,1971,1822,1,Incredible natural beauty with scenic landscapes! Visiting Vajreshwari Hot Springs was amazing.
5913,1971,1963,5,Incredible natural beauty with scenic landscapes! Visiting Vajreshwari Hot Springs was amazing.
5914,1972,519,5,A peaceful and spiritually uplifting destination. Visiting Ganeshpuri Temple was amazing.
5915,1972,840,3,A peaceful and spiritually uplifting destination. Visiting Ganeshpuri Temple was amazing.
5916,1972,1237,5,A peaceful and spiritually uplifting destination. Visiting Ganeshpuri Temple was amazing.
5917,1973,722,4,A wonderful and memorable travel experience! Visiting Upvan Lake was amazing.
5918,1973,62,1,A wonderful and memorable travel experience! Visiting Upvan Lake was amazing.
5919,1973,369,3,A wonderful and memorable travel experience! Visiting Upvan Lake was amazing.
5920,1974,880,2,Incredible natural beauty with scenic landscapes! Visiting Yeoor Hills was amazing.
5921,1974,733,2,Incredible natural beauty with scenic landscapes! Visiting Yeoor Hills was amazing.
5922,1974,149,2,Incredible natural beauty with scenic landscapes! Visiting Yeoor Hills was amazing.
5923,1975,1346,3,An exciting wildlife experience close to nature! Visiting Tansa Wildlife Sanctuary was amazing.
5924,1975,762,2,An exciting wildlife experience close to nature! Visiting Tansa Wildlife Sanctuary was amazing.
5925,1975,1597,3,An exciting wildlife experience close to nature! Visiting Tansa Wildlife Sanctuary was amazing.
5926,1976,251,1,A wonderful and memorable travel experience! Visiting Bhatsa Dam was amazing.
5927,1976,653,1,A wonderful and memorable travel experience! Visiting Bhatsa Dam was amazing.
5928,1976,1469,3,A wonderful and memorable travel experience! Visiting Bhatsa Dam was amazing.
5929,1977,438,4,Thrilling adventure activities and excitement! Visiting Mahuli Fort was amazing.
5930,1977,1163,3,Thrilling adventure activities and excitement! Visiting Mahuli Fort was amazing.
5931,1977,1841,2,Thrilling adventure activities and excitement! Visiting Mahuli Fort was amazing.
5932,1978,1151,1,Thrilling adventure activities and excitement! Visiting Gorakhgad Fort was amazing.
5933,1978,790,3,Thrilling adventure activities and excitement! Visiting Gorakhgad Fort was amazing.
5934,1978,1233,2,Thrilling adventure activities and excitement! Visiting Gorakhgad Fort was amazing.
5935,1979,1080,2,A historical wonder with rich heritage and architecture! Visiting Sidhhagadh Fort was amazing.
5936,1979,211,5,A historical wonder with rich heritage and architecture! Visiting Sidhhagadh Fort was amazing.
5937,1979,570,5,A historical wonder with rich heritage and architecture! Visiting Sidhhagadh Fort was amazing.
5938,1980,1938,1,A historical wonder with rich heritage and architecture! Visiting Naneghat Ancient Pass was amazing.
5939,1980,1176,4,A historical wonder with rich heritage and architecture! Visiting Naneghat Ancient Pass was amazing.
5940,1980,1398,4,A historical wonder with rich heritage and architecture! Visiting Naneghat Ancient Pass was amazing.
5941,1981,651,3,A peaceful and spiritually uplifting destination. Visiting Lenyadri Caves was amazing.
5942,1981,406,2,A peaceful and spiritually uplifting destination. Visiting Lenyadri Caves was amazing.
5943,1981,102,4,A peaceful and spiritually uplifting destination. Visiting Lenyadri Caves was amazing.
5944,1982,1022,1,A peaceful and spiritually uplifting destination. Visiting Ozar Vighnahar Ganpati was amazing.
5945,1982,563,4,A peaceful and spiritually uplifting destination. Visiting Ozar Vighnahar Ganpati was amazing.
5946,1982,245,1,A peaceful and spiritually uplifting destination. Visiting Ozar Vighnahar Ganpati was amazing.
5947,1983,928,2,Incredible natural beauty with scenic landscapes! Visiting Malshej Falls was amazing.
5948,1983,1232,3,Incredible natural beauty with scenic landscapes! Visiting Malshej Falls was amazing.
5949,1983,1211,4,Incredible natural beauty with scenic landscapes! Visiting Malshej Falls was amazing.
5950,1984,485,5,A wonderful and memorable travel experience! Visiting Pimpalgaon Joga Dam was amazing.
5951,1984,44,3,A wonderful and memorable travel experience! Visiting Pimpalgaon Joga Dam was amazing.
5952,1984,37,5,A wonderful and memorable travel experience! Visiting Pimpalgaon Joga Dam was amazing.
5953,1985,10,4,Incredible natural beauty with scenic landscapes! Visiting Harishchandragad Kokankada was amazing.
5954,1985,583,2,Incredible natural beauty with scenic landscapes! Visiting Harishchandragad Kokankada was amazing.
5955,1985,1724,4,Incredible natural beauty with scenic landscapes! Visiting Harishchandragad Kokankada was amazing.
5956,1986,76,5,A peaceful and spiritually uplifting destination. Visiting Kalsubai Temple was amazing.
5957,1986,1881,5,A peaceful and spiritually uplifting destination. Visiting Kalsubai Temple was amazing.
5958,1986,81,3,A peaceful and spiritually uplifting destination. Visiting Kalsubai Temple was amazing.
5959,1987,1321,1,A wonderful and memorable travel experience! Visiting Bhavali Dam was amazing.
5960,1987,143,4,A wonderful and memorable travel experience! Visiting Bhavali Dam was amazing.
5961,1987,195,4,A wonderful and memorable travel experience! Visiting Bhavali Dam was amazing.
5962,1988,1482,3,A wonderful and memorable travel experience! Visiting Vaitarna Dam was amazing.
5963,1988,563,3,A wonderful and memorable travel experience! Visiting Vaitarna Dam was amazing.
5964,1988,1544,3,A wonderful and memorable travel experience! Visiting Vaitarna Dam was amazing.
5965,1989,820,1,A historical wonder with rich heritage and architecture! Visiting Tringalwadi Fort was amazing.
5966,1989,1140,3,A historical wonder with rich heritage and architecture! Visiting Tringalwadi Fort was amazing.
5967,1989,1012,5,A historical wonder with rich heritage and architecture! Visiting Tringalwadi Fort was amazing.
5968,1990,97,4,Incredible natural beauty with scenic landscapes! Visiting Camel Valley View was amazing.
5969,1990,612,4,Incredible natural beauty with scenic landscapes! Visiting Camel Valley View was amazing.
5970,1990,1011,1,Incredible natural beauty with scenic landscapes! Visiting Camel Valley View was amazing.
5971,1991,1727,3,A peaceful and spiritually uplifting destination. Visiting Ghatandevi Temple was amazing.
5972,1991,1921,5,A peaceful and spiritually uplifting destination. Visiting Ghatandevi Temple was amazing.
5973,1991,211,1,A peaceful and spiritually uplifting destination. Visiting Ghatandevi Temple was amazing.
5974,1992,459,1,A wonderful and memorable travel experience! Visiting Sula Vineyards Tasting Room was amazing.
5975,1992,1691,1,A wonderful and memorable travel experience! Visiting Sula Vineyards Tasting Room was amazing.
5976,1992,285,1,A wonderful and memorable travel experience! Visiting Sula Vineyards Tasting Room was amazing.
5977,1993,662,4,A wonderful and memorable travel experience! Visiting York Winery was amazing.
5978,1993,464,2,A wonderful and memorable travel experience! Visiting York Winery was amazing.
5979,1993,181,2,A wonderful and memorable travel experience! Visiting York Winery was amazing.
5980,1994,1483,3,A wonderful and memorable travel experience! Visiting Soma Vine Village was amazing.
5981,1994,1672,5,A wonderful and memorable travel experience! Visiting Soma Vine Village was amazing.
5982,1994,11,1,A wonderful and memorable travel experience! Visiting Soma Vine Village was amazing.
5983,1995,532,1,A peaceful and spiritually uplifting destination. Visiting Trimbakeshwar Ghats was amazing.
5984,1995,227,1,A peaceful and spiritually uplifting destination. Visiting Trimbakeshwar Ghats was amazing.
5985,1995,1940,3,A peaceful and spiritually uplifting destination. Visiting Trimbakeshwar Ghats was amazing.
5986,1996,154,3,A peaceful and spiritually uplifting destination. Visiting Anjaneri Hill (Hanuman Birth) was amazing.
5987,1996,675,5,A peaceful and spiritually uplifting destination. Visiting Anjaneri Hill (Hanuman Birth) was amazing.
5988,1996,1622,4,A peaceful and spiritually uplifting destination. Visiting Anjaneri Hill (Hanuman Birth) was amazing.
5989,1997,553,2,Thrilling adventure activities and excitement! Visiting Harihar Fort (Staircase) was amazing.
5990,1997,1895,2,Thrilling adventure activities and excitement! Visiting Harihar Fort (Staircase) was amazing.
5991,1997,1195,4,Thrilling adventure activities and excitement! Visiting Harihar Fort (Staircase) was amazing.
5992,1998,246,2,Incredible natural beauty with scenic landscapes! Visiting Baswant Garden was amazing.
5993,1998,654,2,Incredible natural beauty with scenic landscapes! Visiting Baswant Garden was amazing.
5994,1998,1543,5,Incredible natural beauty with scenic landscapes! Visiting Baswant Garden was amazing.
5995,1999,1819,4,Incredible natural beauty with scenic landscapes! Visiting Dugarwadi Waterfall was amazing.
5996,1999,1305,4,Incredible natural beauty with scenic landscapes! Visiting Dugarwadi Waterfall was amazing.
5997,1999,1369,1,Incredible natural beauty with scenic landscapes! Visiting Dugarwadi Waterfall was amazing.
5998,2000,1069,5,A wonderful and memorable travel experience! Visiting Gangapur Dam was amazing.
5999,2000,493,5,A wonderful and memorable travel experience! Visiting Gangapur Dam was amazing.
6000,2000,979,4,A wonderful and memorable travel experience! Visiting Gangapur Dam was amazing.
